-- MySQL dump 10.13  Distrib 8.0.23, for Win64 (x86_64)
--
-- Host: localhost    Database: personal_crm_system_2
-- ------------------------------------------------------
-- Server version	8.0.23

/*!40101 SET @OLD_CHARACTER_SET_CLIENT=@@CHARACTER_SET_CLIENT */;
/*!40101 SET @OLD_CHARACTER_SET_RESULTS=@@CHARACTER_SET_RESULTS */;
/*!40101 SET @OLD_COLLATION_CONNECTION=@@COLLATION_CONNECTION */;
/*!50503 SET NAMES utf8 */;
/*!40103 SET @OLD_TIME_ZONE=@@TIME_ZONE */;
/*!40103 SET TIME_ZONE='+00:00' */;
/*!40014 SET @OLD_UNIQUE_CHECKS=@@UNIQUE_CHECKS, UNIQUE_CHECKS=0 */;
/*!40014 SET @OLD_FOREIGN_KEY_CHECKS=@@FOREIGN_KEY_CHECKS, FOREIGN_KEY_CHECKS=0 */;
/*!40101 SET @OLD_SQL_MODE=@@SQL_MODE, SQL_MODE='NO_AUTO_VALUE_ON_ZERO' */;
/*!40111 SET @OLD_SQL_NOTES=@@SQL_NOTES, SQL_NOTES=0 */;

--
-- Table structure for table `accounts`
--

DROP TABLE IF EXISTS `accounts`;
/*!40101 SET @saved_cs_client     = @@character_set_client */;
/*!50503 SET character_set_client = utf8mb4 */;
CREATE TABLE `accounts` (
  `_id` varchar(255) NOT NULL,
  `user_name` text NOT NULL,
  `password` text NOT NULL,
  `createdAt` datetime NOT NULL,
  `updatedAt` datetime NOT NULL,
  `roleId` varchar(255) DEFAULT NULL,
  `EmployeeId` varchar(255) DEFAULT NULL,
  PRIMARY KEY (`_id`),
  KEY `roleId` (`roleId`),
  KEY `EmployeeId` (`EmployeeId`),
  CONSTRAINT `accounts_ibfk_1` FOREIGN KEY (`roleId`) REFERENCES `roles` (`_id`) ON DELETE CASCADE ON UPDATE CASCADE,
  CONSTRAINT `accounts_ibfk_2` FOREIGN KEY (`EmployeeId`) REFERENCES `employees` (`_id`) ON DELETE CASCADE ON UPDATE CASCADE
) ENGINE=InnoDB DEFAULT CHARSET=utf8mb4 COLLATE=utf8mb4_0900_ai_ci;
/*!40101 SET character_set_client = @saved_cs_client */;

--
-- Dumping data for table `accounts`
--

LOCK TABLES `accounts` WRITE;
/*!40000 ALTER TABLE `accounts` DISABLE KEYS */;
INSERT INTO `accounts` VALUES ('01a27784-29e4-4e6c-8c82-a1e57ac722c6','223d9e773b5fb8c7d28be87435ab579d','223d9e773b5fb8c7d28be87435ab579d','2023-06-29 02:39:01','2023-06-29 02:39:01','2e196e65-a26c-4614-a09c-bf1e0d29a483','aa9939db-ee1e-42c8-9071-5b047ccdb720'),('2c483401-5d32-49a8-b6fd-9f0aa0c1e436','aed7726ee335571ccaf531c9ceeb73bb','aed7726ee335571ccaf531c9ceeb73bb','2023-06-28 08:54:09','2023-06-28 08:54:09','64928a11-6106-4520-9b14-ee28316daa4c','b16ca265-d376-46cf-8c04-78805a412002'),('2e5493d7-e5cd-4352-a87f-293b248be3cc','2092373d004a093a5aa1006661d74c6a','f51e7b759e3160b296d212caeac9bb95b35057c9a72c77c0b91ebff7c3f1a4ca0af4a10c9a7f330f0cc2ca10f4701799c7efdcd9d624b071252d23b8d36019b3','2023-07-08 14:40:29','2023-07-08 14:40:29',NULL,NULL),('31b3dc95-c74e-4e62-837b-73884219d79f','dadb05619771b711894dd2ad4b7946b7','dadb05619771b711894dd2ad4b7946b7','2023-06-27 17:01:30','2023-06-27 17:01:30','2e196e65-a26c-4614-a09c-bf1e0d29a483','c8a3a767-970e-4ab8-a51b-8ef41b53b749'),('60d7e4c2-c599-45a7-80c8-abf90fbd7642','e34d6d4c054837081b3b38dde1cbc96a','e34d6d4c054837081b3b38dde1cbc96a','2023-06-29 02:35:33','2023-06-29 02:35:33','2e196e65-a26c-4614-a09c-bf1e0d29a483','77fd59a1-fc41-42d5-a0ae-e738483e8006'),('785e3c2a-523c-4e34-8094-0e53cf4ecde4','f46879c616319bc89abeaabb93abd311','ae6ab50623761f8276cb8f29e10e889d0e7328318447946ba194119c9b5665f4d35a53677955c17f3a4081f69c2920c71efdcfe5f2e4e9db266a58655377a97c','2023-07-08 08:44:14','2023-07-08 08:44:14','64928a11-6106-4520-9b14-ee28316daa4c','1d0b1d3d-d860-4ad4-8276-437333f5a195'),('7b07fb4f-94cf-4404-a019-21fbd8ec2181','40bd1a836282173b196990dcd6d93930','40bd1a836282173b196990dcd6d93930','2023-06-27 16:53:30','2023-06-27 16:53:30','42f3ac92-43f9-40d9-9f27-b15f364d03c5','03025c06-3465-427f-8272-146ed02c4245'),('957dfc03-f9cb-4d98-b42e-b386cbbded6d','d7e90045ec442b266feaa893dbe567ee','d7e90045ec442b266feaa893dbe567ee','2023-06-29 03:05:32','2023-06-29 03:05:32','42f3ac92-43f9-40d9-9f27-b15f364d03c5','abc7a7ce-3957-43ec-9d6e-0c3872f01658'),('ad324ab2-2ae6-4fef-9974-e4c135dbdacd','71a5e465de2b152b00aed182e027d348','71a5e465de2b152b00aed182e027d348','2023-06-27 16:57:02','2023-06-27 16:57:02','77c80cb0-511b-4187-8cf0-5bd8f59be9ce','9076779b-ac29-4069-ac78-b963fd468e09'),('b96b4124-662d-4db8-a4f1-3e2169435ce0','ec814b021b15ea1295f8d8d75cf99bc8','ec814b021b15ea1295f8d8d75cf99bc8','2023-06-27 16:58:33','2023-06-27 16:58:33','b9efdc66-3e3b-4f62-ab47-62b096677f93','a808b230-db86-4d18-9343-e59e37f9e38c'),('c3c7d8f5-4e1e-431d-a417-aa39a795185d','1ca17f7537ad4626c96075fa753dd76e','1ca17f7537ad4626c96075fa753dd76e','2023-06-27 16:55:21','2023-06-27 16:55:21','2e196e65-a26c-4614-a09c-bf1e0d29a483','9a326b6a-c217-4924-8716-a01c0ac62482'),('e5298ad6-7950-4376-896f-78505b1f26ce','39a42b189a5b91435ae4861fa9f4bf5a','ca6bfbddf191989ec19005011d87928229fc5625b08dfbd18cd1d8df1c74438b58ea8abd3e27105c445d5c3c84738f88b253d3b718f9276838798c1283822cc5','2023-07-08 08:45:44','2023-07-08 08:45:44','64928a11-6106-4520-9b14-ee28316daa4c','5da6e62d-33c8-480f-aa4e-ca2efb8ecbbf'),('efc24f0d-3843-470c-968e-6227aac6c172','27adfb7abb7fc8958f4f21262ef24387','27adfb7abb7fc8958f4f21262ef24387','2023-06-27 17:05:09','2023-06-27 17:05:09','2e196e65-a26c-4614-a09c-bf1e0d29a483','c0546d8f-b82c-4c53-b4ad-a950c4cacc85'),('fe705dfb-b8b8-4db2-863d-0520581992c7','b5f943ab387dca7071aa7055e7a87da4','b5f943ab387dca7071aa7055e7a87da4','2023-06-29 02:48:35','2023-06-29 02:48:35','2e196e65-a26c-4614-a09c-bf1e0d29a483','427f6060-3581-4524-be1b-9dc5b25c6508');
/*!40000 ALTER TABLE `accounts` ENABLE KEYS */;
UNLOCK TABLES;

--
-- Table structure for table `appointments`
--

DROP TABLE IF EXISTS `appointments`;
/*!40101 SET @saved_cs_client     = @@character_set_client */;
/*!50503 SET character_set_client = utf8mb4 */;
CREATE TABLE `appointments` (
  `_id` varchar(255) NOT NULL,
  `date_time` text NOT NULL,
  `content` text NOT NULL,
  `note` text,
  `place` text NOT NULL,
  `createdAt` datetime NOT NULL,
  `updatedAt` datetime NOT NULL,
  `taskId` varchar(255) DEFAULT NULL,
  `StatusAppId` varchar(255) DEFAULT NULL,
  PRIMARY KEY (`_id`),
  KEY `taskId` (`taskId`),
  KEY `StatusAppId` (`StatusAppId`),
  CONSTRAINT `appointments_ibfk_1` FOREIGN KEY (`taskId`) REFERENCES `tasks` (`_id`) ON DELETE CASCADE ON UPDATE CASCADE,
  CONSTRAINT `appointments_ibfk_2` FOREIGN KEY (`StatusAppId`) REFERENCES `status_apps` (`_id`) ON DELETE CASCADE ON UPDATE CASCADE
) ENGINE=InnoDB DEFAULT CHARSET=utf8mb4 COLLATE=utf8mb4_0900_ai_ci;
/*!40101 SET character_set_client = @saved_cs_client */;

--
-- Dumping data for table `appointments`
--

LOCK TABLES `appointments` WRITE;
/*!40000 ALTER TABLE `appointments` DISABLE KEYS */;
INSERT INTO `appointments` VALUES ('1a7ec203-bb4e-42ff-ab34-ffa1d4a5bce4','28a12a05b3574a612df589b5739f1d83b97fa86c7246ecea46a6d714b67f711f','881786f4240de84391fdfab95a9d654e6541117b8337112a254b1e8ed448b8416de46a6c7d175844aaa2587fc966efc28e34eb97423b647d8b665073340ec64da642d97e4366aca68e41a7a73b73ee3cb39235756dfd69e827fd474be5ecea4227273d44e08f2a3d7e943a72770d68c842440e3cd4ee9046c16b0b30be3f6b6663936aa2c601499c3cd83299d3ceebbf5122f0702aad9243cb21fc2f2359a919ef5a6c80aec62e1072eb4a6cb8838534','','22899650f229ce2c7c2343463fd05f3af9f38d9c47ab1228c5c08b8b1d666bf05d87b4f58e2b0db66d219188327afc6eea93f0aa77e90aa102c454ceeb73803b22dfb0b165f4b6d60ec2bd77e336bac56e7e12885d2287d5399cb84fe28d84caa03fed2fa2eefebe548541a5ab1d9b54','2023-06-27 17:55:27','2023-06-27 17:55:27','101edccc-0fce-4f0d-9965-2ee6730eb6d8','63947266-c4f0-4455-ace0-c70d80a76819'),('3649ee24-44cc-43d9-bd81-7245edf20025','e481d06259d37f1281ec20071c946d7d2063d70ca6433b2761e7bea613a2dcb2','f41128ffe67c3b4d68393208c375d87a34a81e837c1c566a0fbff5dc092bc81d97811cb334969976a549dadde6fce551970192eb53df343bb45e582de5ec78ae688b24abd5686a107c153eebea3a36d1ada42b93c3c3396f5cda3bb2fbb2c4681cd3d7008f07e7fce7e0fd22fa9642d56731940e9e5cd1c947994c64bcebadfd38f515dea628bf8d8bfb930508e7acb3a66c3734609b479781e1efaf6a46cbdcc3817886bb81ff7b896da794b3a6957c6b3c12aa97f9a57cf8594073226cb19a83ed02da735ea19ed84f2dfdc4548947c04624da80d7e2598947c38a1379b43c2f35bb1c09684101c9a110fac308e4d65a63029d685d59914c3182b17e44805ae1358c0c4905ae36887fe8085411c2c5d6bd29c326087967e5efe87df1d3b6d8ba04fc94610aca33604e563daeb478c9e6b01571c5df460edd0698ecf916ed26b526f5f03aa5420e9df160bfa548310bf3bb017395962c41a4d5fe8bab80a1cadeca6c495982c9a19a0d852159538c4c34a813ca78fbc501c625f026075e7a49','','5ba0a2da105a69ceec599a21ab937258bc5896a7dfc098759c0ca813b4e19488d3af1dcd472842c5893397144663513eb6d22a28fc9c74c40027ffdcef2cda7d0b0573009ddde6fe0c1a5bfef72bd177','2023-06-27 17:56:29','2023-06-27 17:56:29','2bb07d27-5736-49af-97f4-a9242f7d4411','63947266-c4f0-4455-ace0-c70d80a76819'),('5447cf3f-210e-4445-88d6-f01fa4ee8f74','516050ad45dc84a698954a840d4c6c7b6a53091ef16399343be156a52422b47b','d7808fde3f35af76e98a2589af05c71a','7c3e48c29ae81396cbbbcaede9f2eae0','75593cdb896a86b6858bed6d89a9fb55','2023-07-06 05:04:49','2023-07-06 05:05:13','2d304f79-0a60-4893-a834-f29b75b7f209','05db8a2e-1591-4266-8e84-bf052db3600d'),('6419a82d-98ae-4056-962e-4dc2de306666','403ff9f26a06eb673b04560a9deec465acae80c902098c4d76738ff5c9f1f481','e12631c9d18a7e2729768f9b14f0649d','7c3e48c29ae81396cbbbcaede9f2eae0','f27b9811e38ecc5686bd5637fc37e0c8','2023-07-07 14:12:21','2023-07-07 14:14:11','13a1ac35-5ee4-439a-bfab-3636a299d661','05db8a2e-1591-4266-8e84-bf052db3600d'),('6abc3b96-f5a4-4f74-bbee-65017097cf69','cd5d42dfb4de6695a62481fdb4aa79e90fb0376616ad7f421eea3b8301e54d45','869ba1c66f5367a01967c361d83da71d5d551a92f6de42e63a1164841a59917d221d8e6206334e6a12cec0f98ce74eebb0cb0ac9ab804716e922f9bc8e5148a1991bf50fbb38a6e4567a676b1f75c5c5fa744cd0c62adfd1cbe36784dbd98a8677934078b3bdfc9dec11c8a8cdad485c4acaef61c9db12259759fae0bdd4e4733e627dced3438ad9ca1cca1b61c7a9333d74612fa47c81e5836123aecfad2bba95815bce1e0fcf0a0bdb24a02352d460cbe4e3cc14072717105db5bca8885833d64bfbd657c4d490d574c9f08a2d87d5bc22a1f57aa1fb2ccb62c6ab7439511dd7a647866590122d8e6455cae212acc9','7c3e48c29ae81396cbbbcaede9f2eae0','c5709cae28884a908526181885259c473ebd9cb69dee9e57d314fe72168191dad3c0ef4566f668f021dd642f81663828b9c906c447bfa687d76341675a7af8af3394b4f7f2d961c16b28b1239ca4f5fa','2023-06-27 17:58:24','2023-06-27 17:58:44','572964dc-1962-4d7b-ae3f-f030949d03ec','05db8a2e-1591-4266-8e84-bf052db3600d'),('6f77fc6d-e944-4ec1-a49f-77558233e19d','177f35b97b307941f05221a988a787ceb99c664fdb87dfde9f3345dc7366206c','8aa680f8a0b6a8850d0003fdea8e1f765f2875995cbef816f951a6fee68c3eb468045371f835e7ed04a95939ddbcbbacf8b2fe14b7d85ce407de92d783c66271047aed83c6b4ea83eec458d8c15f6314a7662e4657971d171325e5d8c3a15847d34e2d1f19ea7b5166d911cc59fce1aa541c409182a9bae712d691f21fd13646001743670d86325a7ce993409785f79796beec8c4a6610f25e47df41165014c58ee47039736b2da032805e9cc191e8946bd3992dcd541dbd72aa9f516f5bb3ede2792161813420dfd7ce7c73a84fb5f6','7c3e48c29ae81396cbbbcaede9f2eae0','9c55db97a903f35aea5771e4a9556a55e3c0dfe0666c46cbed96596d3bfe99018fe2c9111ca807d785cbac655d792068c770180aaf5c8c335bc30c81cd2233091d4fe67f493fdfadaffbd9ced10b5423','2023-06-27 17:57:49','2023-06-27 17:58:52','572964dc-1962-4d7b-ae3f-f030949d03ec','63947266-c4f0-4455-ace0-c70d80a76819'),('a3727607-ecd7-45cc-baee-6c6fe6dce852','f4b80fc0362ba87d891b1ada67e7e5aa9cdfbee6de5d300c454604946774619e','9c55db97a903f35aea5771e4a9556a55e3c0dfe0666c46cbed96596d3bfe99018fe2c9111ca807d785cbac655d792068c770180aaf5c8c335bc30c81cd2233091d4fe67f493fdfadaffbd9ced10b5423','','9c55db97a903f35aea5771e4a9556a55e3c0dfe0666c46cbed96596d3bfe99018fe2c9111ca807d785cbac655d792068c770180aaf5c8c335bc30c81cd2233091d4fe67f493fdfadaffbd9ced10b5423','2023-06-27 18:04:44','2023-06-27 18:04:44','5dad8aa8-0637-4ac6-8b47-417270443de6','63947266-c4f0-4455-ace0-c70d80a76819'),('c9e8d326-1b2e-4bde-b70d-5ff24e20007a','f820b60a3ae46cb90947179088eee1840ef760f72fdc4bffca5451b0d5ea6baa','b81b09d7b2604f75e42b29749c4d5611','7c3e48c29ae81396cbbbcaede9f2eae0','ae616b305adbf8b12c041a91fc3c8a54','2023-07-06 05:12:22','2023-07-06 05:12:33','2d304f79-0a60-4893-a834-f29b75b7f209','05db8a2e-1591-4266-8e84-bf052db3600d');
/*!40000 ALTER TABLE `appointments` ENABLE KEYS */;
UNLOCK TABLES;

--
-- Table structure for table `center_vnpthgs`
--

DROP TABLE IF EXISTS `center_vnpthgs`;
/*!40101 SET @saved_cs_client     = @@character_set_client */;
/*!50503 SET character_set_client = utf8mb4 */;
CREATE TABLE `center_vnpthgs` (
  `_id` varchar(255) NOT NULL,
  `name` text NOT NULL,
  `createdAt` datetime NOT NULL,
  `updatedAt` datetime NOT NULL,
  PRIMARY KEY (`_id`)
) ENGINE=InnoDB DEFAULT CHARSET=utf8mb4 COLLATE=utf8mb4_0900_ai_ci;
/*!40101 SET character_set_client = @saved_cs_client */;

--
-- Dumping data for table `center_vnpthgs`
--

LOCK TABLES `center_vnpthgs` WRITE;
/*!40000 ALTER TABLE `center_vnpthgs` DISABLE KEYS */;
INSERT INTO `center_vnpthgs` VALUES ('25a41f89-7716-49a7-9f92-d3819effc37f','cbbbeb1fcbc971a212448c93e9a7321cd2c258d297bdaf12c7e0cae7f6c5ebe12c6467aace6630b51ffa9b62acfcc911','2023-06-27 16:39:19','2023-06-27 16:39:19'),('d1cdbc8d-2f1b-428c-91b1-0b74be3176a5','cbbbeb1fcbc971a212448c93e9a7321c33079a8238076d5deeb0842f57847098','2023-06-27 16:38:38','2023-06-27 16:38:38'),('db2050fb-9ca9-42cc-af53-def9f005602d','cbbbeb1fcbc971a212448c93e9a7321cd2c258d297bdaf12c7e0cae7f6c5ebe1548e5ae0094abfb916a4b697ca38fc25','2023-06-27 16:38:56','2023-06-27 16:38:56');
/*!40000 ALTER TABLE `center_vnpthgs` ENABLE KEYS */;
UNLOCK TABLES;

--
-- Table structure for table `comments`
--

DROP TABLE IF EXISTS `comments`;
/*!40101 SET @saved_cs_client     = @@character_set_client */;
/*!50503 SET character_set_client = utf8mb4 */;
CREATE TABLE `comments` (
  `_id` varchar(255) NOT NULL,
  `content` text,
  `createdAt` datetime NOT NULL,
  `updatedAt` datetime NOT NULL,
  `TaskId` varchar(255) DEFAULT NULL,
  PRIMARY KEY (`_id`),
  KEY `TaskId` (`TaskId`),
  CONSTRAINT `comments_ibfk_1` FOREIGN KEY (`TaskId`) REFERENCES `tasks` (`_id`) ON DELETE CASCADE ON UPDATE CASCADE
) ENGINE=InnoDB DEFAULT CHARSET=utf8mb4 COLLATE=utf8mb4_0900_ai_ci;
/*!40101 SET character_set_client = @saved_cs_client */;

--
-- Dumping data for table `comments`
--

LOCK TABLES `comments` WRITE;
/*!40000 ALTER TABLE `comments` DISABLE KEYS */;
INSERT INTO `comments` VALUES ('08575257-dc77-4c46-9f4e-f6b058f349a5','7e4973da5239a0d4667dd935620c7081df8ac9582eae2887bfeec1d6cd966a2a','2023-06-27 17:51:37','2023-06-27 17:51:37','9e064851-c04a-4264-9b10-7fdaf4349f88'),('11e0d63f-fafb-4460-a9c7-2a6666c75bba','7e4973da5239a0d4667dd935620c7081df8ac9582eae2887bfeec1d6cd966a2a','2023-06-29 05:29:47','2023-06-29 05:29:47','ff98eb37-0e00-427e-ba62-9c112ef13a68'),('19bc559f-13b0-41fb-9c30-a0c5228d0ced','7e4973da5239a0d4667dd935620c7081df8ac9582eae2887bfeec1d6cd966a2a','2023-06-27 18:00:54','2023-06-27 18:00:54','782856da-fb03-4a62-b447-6f79001cc441'),('1cf37daf-1986-4b39-a2c4-4d6d9f7f7e93','7e4973da5239a0d4667dd935620c7081df8ac9582eae2887bfeec1d6cd966a2a','2023-07-07 14:29:45','2023-07-08 04:51:14','d6461f69-8ca4-46e5-b51d-4647637b9552'),('331fdaea-d185-48dd-ab7e-0a276a5cd7c5','7e4973da5239a0d4667dd935620c7081df8ac9582eae2887bfeec1d6cd966a2a','2023-06-29 05:59:48','2023-06-29 05:59:48','4f7640e4-f916-44d5-a3f3-fcf3dabc6c77'),('33e9b3a1-81ab-4310-be51-a76662356fa6','7e4973da5239a0d4667dd935620c7081df8ac9582eae2887bfeec1d6cd966a2a','2023-06-29 05:59:14','2023-06-29 05:59:14','bad0c4bb-c53e-4514-977d-42d7223062ce'),('34acfb3b-3fa1-41a7-b0b0-62d25e7fb21d','7e4973da5239a0d4667dd935620c7081df8ac9582eae2887bfeec1d6cd966a2a','2023-07-06 03:35:11','2023-07-06 03:35:11','d42a8002-f61a-4828-bfed-638c1fb8869f'),('36dc5c49-b13b-4f05-8e24-268ac5485ff0','7e4973da5239a0d4667dd935620c7081df8ac9582eae2887bfeec1d6cd966a2a','2023-06-29 04:38:58','2023-06-29 04:38:58','93a433ae-737a-47ab-b3dc-f37bf8559f62'),('3b0af9e3-5ccd-4e62-b035-816690f29165','7e4973da5239a0d4667dd935620c7081df8ac9582eae2887bfeec1d6cd966a2a','2023-06-27 17:50:33','2023-06-28 03:32:00','5832cf71-6d28-4571-bd5c-bac92abd28fd'),('3c0e717c-aeb1-4dd7-9de2-b988bd015050','7e4973da5239a0d4667dd935620c7081df8ac9582eae2887bfeec1d6cd966a2a','2023-07-07 14:12:44','2023-07-07 14:12:44','f2a5eb66-a392-41ef-8da6-168c3ccfbf9a'),('3d2a93d0-0c67-4ac3-bf3d-2cdf788e3f09','7e4973da5239a0d4667dd935620c7081df8ac9582eae2887bfeec1d6cd966a2a','2023-07-01 13:42:13','2023-07-01 13:42:13','9a6d3ad8-148c-40db-ab15-ea2e7fd3643f'),('41e39324-285e-4027-b1ab-573e9714b9da','7e4973da5239a0d4667dd935620c7081df8ac9582eae2887bfeec1d6cd966a2a','2023-07-07 07:22:56','2023-07-07 07:22:56','f2525c31-acee-4c3c-a9a3-bf3d08ecde4b'),('45befed1-5d6d-4c8e-a09a-271c65a3907b','7e4973da5239a0d4667dd935620c7081df8ac9582eae2887bfeec1d6cd966a2a','2023-07-07 07:23:09','2023-07-07 07:23:09','ec6777be-cd02-4c3f-acb0-6afe4102b3bd'),('4726159d-832f-470c-87b7-0f71e1ad246d','7e4973da5239a0d4667dd935620c7081df8ac9582eae2887bfeec1d6cd966a2a','2023-06-27 17:47:51','2023-06-28 02:47:01','664af7d2-02b0-4a4d-84c5-eb6714a6aa1e'),('48ac10e2-f64c-4d8e-819a-6efc1d624a7a','7e4973da5239a0d4667dd935620c7081df8ac9582eae2887bfeec1d6cd966a2a','2023-06-27 17:48:24','2023-06-27 17:48:24','572964dc-1962-4d7b-ae3f-f030949d03ec'),('4b6bff76-19b2-4056-82d5-cc6eb164a7cc','7e4973da5239a0d4667dd935620c7081df8ac9582eae2887bfeec1d6cd966a2a','2023-07-06 05:00:08','2023-07-06 05:26:33','2d304f79-0a60-4893-a834-f29b75b7f209'),('6a302fe0-da4f-4b50-b02a-6be2a1ded654','7e4973da5239a0d4667dd935620c7081df8ac9582eae2887bfeec1d6cd966a2a','2023-07-07 09:01:26','2023-07-07 09:01:36','4c1680ba-7072-4366-8232-ff7dc8083b9b'),('7e5a7c2b-97fb-4313-a810-e0c489402c71','7e4973da5239a0d4667dd935620c7081df8ac9582eae2887bfeec1d6cd966a2a','2023-06-29 02:17:34','2023-06-29 02:17:34','705bb906-6941-4245-81df-6998a9842d23'),('7e625f27-f8c5-467d-8c1c-e924705af964','7e4973da5239a0d4667dd935620c7081df8ac9582eae2887bfeec1d6cd966a2a','2023-07-07 14:10:01','2023-07-07 14:13:49','13a1ac35-5ee4-439a-bfab-3636a299d661'),('8625cae9-52f2-4da8-824f-3f8471b36a31','7e4973da5239a0d4667dd935620c7081df8ac9582eae2887bfeec1d6cd966a2a','2023-07-05 16:27:54','2023-07-05 16:27:54','39558618-cc02-455b-b106-3a7913cdb926'),('862d485d-24c8-41ba-a416-ff2c3b727700','7e4973da5239a0d4667dd935620c7081df8ac9582eae2887bfeec1d6cd966a2a','2023-06-29 02:30:31','2023-06-29 02:30:31','3a9231c0-5b67-40fd-80bd-c028e09fc082'),('95526408-0db8-432d-91ef-c71a8e6dd73b','7e4973da5239a0d4667dd935620c7081df8ac9582eae2887bfeec1d6cd966a2a','2023-06-29 06:01:11','2023-07-05 08:13:15','e8b8578c-108f-4700-a2ab-bdace40c415a'),('99aeca06-898a-4488-9b37-f41c62feadc3','7e4973da5239a0d4667dd935620c7081df8ac9582eae2887bfeec1d6cd966a2a','2023-06-29 06:01:54','2023-06-29 06:01:54','b109f4e4-4c70-46b0-873d-04835c5bd85e'),('b721115b-bfc6-4838-9b5b-576e2779e0ff','fd47229f16b096d7d12fde80dbec771d','2023-06-27 17:48:55','2023-06-27 18:09:36','101edccc-0fce-4f0d-9965-2ee6730eb6d8'),('babb329b-c9ea-4a02-8239-5272ae1dc12d','7e4973da5239a0d4667dd935620c7081df8ac9582eae2887bfeec1d6cd966a2a','2023-06-27 17:45:18','2023-06-27 17:45:18','f59092df-2003-4bda-a0e8-00c44bd62688'),('c5d82282-541e-41c6-b740-b4825f3e5d4b','7e4973da5239a0d4667dd935620c7081df8ac9582eae2887bfeec1d6cd966a2a','2023-06-27 18:03:19','2023-06-27 18:05:00','5dad8aa8-0637-4ac6-8b47-417270443de6'),('c8d00ad0-5f37-40ee-85ab-c0e4705061b7','7e4973da5239a0d4667dd935620c7081df8ac9582eae2887bfeec1d6cd966a2a','2023-06-29 04:39:31','2023-06-29 04:39:31','8f0c9f11-82a1-4971-83bf-5e075a71399a'),('c97d5dcf-05f0-4f3c-92d6-f701330e5d93','7e4973da5239a0d4667dd935620c7081df8ac9582eae2887bfeec1d6cd966a2a','2023-07-04 04:07:52','2023-07-04 04:07:52','696edb0e-f18a-4a15-9333-e83d5d57ea06'),('cbe7ac85-9617-4041-b80e-d2e54ac2c058','7e4973da5239a0d4667dd935620c7081df8ac9582eae2887bfeec1d6cd966a2a','2023-06-29 05:30:17','2023-06-29 05:30:17','7e107d31-acc5-438f-a5ed-4dd269e37027'),('d1ed8d9b-efc9-47dc-9c88-c0eab8a5f306','7e4973da5239a0d4667dd935620c7081df8ac9582eae2887bfeec1d6cd966a2a','2023-06-27 17:49:38','2023-06-27 17:49:38','e278c505-d9da-40ed-9554-afa1cdebc8a9'),('d463ea6c-6dc5-4357-bcd0-e71f07519e7c','7e4973da5239a0d4667dd935620c7081df8ac9582eae2887bfeec1d6cd966a2a','2023-06-29 05:29:12','2023-06-29 05:29:12','e9f09313-6e33-4a92-b345-863daad85541'),('daf67a9e-6052-4261-99e6-e0aad9651562','7e4973da5239a0d4667dd935620c7081df8ac9582eae2887bfeec1d6cd966a2a','2023-06-29 04:37:35','2023-06-29 04:37:35','41c0c870-36a7-4051-be23-fa8efdb9191f'),('db3fae38-7264-443e-9ff0-53a1050a29cd','7e4973da5239a0d4667dd935620c7081df8ac9582eae2887bfeec1d6cd966a2a','2023-06-29 05:30:42','2023-06-29 05:30:42','7540c171-56ff-4c57-9c45-f51d48c27566'),('dd0aa196-ce30-4e83-b7aa-9da1f3e41c18','7e4973da5239a0d4667dd935620c7081df8ac9582eae2887bfeec1d6cd966a2a','2023-06-27 17:47:16','2023-06-27 17:47:16','2bb07d27-5736-49af-97f4-a9242f7d4411'),('dd0e0cf1-82fd-426e-8cb5-12dd4f0a9f03','7e4973da5239a0d4667dd935620c7081df8ac9582eae2887bfeec1d6cd966a2a','2023-07-06 05:26:41','2023-07-06 05:26:41','09e0e7f4-6fc7-4f90-a064-55f7154b31de'),('de7cd161-07e0-44d7-b856-d5ec6ee6d533','7e4973da5239a0d4667dd935620c7081df8ac9582eae2887bfeec1d6cd966a2a','2023-06-29 06:00:36','2023-07-01 13:43:09','32903bc6-ac5e-4a8c-9436-b9723a58c04f'),('e1b2091a-e45e-4e71-9df7-eb244310366e','7e4973da5239a0d4667dd935620c7081df8ac9582eae2887bfeec1d6cd966a2a','2023-07-05 08:21:43','2023-07-05 08:21:43','1977e44f-c321-407d-a679-ab6a34e4690e');
/*!40000 ALTER TABLE `comments` ENABLE KEYS */;
UNLOCK TABLES;

--
-- Table structure for table `company_khs`
--

DROP TABLE IF EXISTS `company_khs`;
/*!40101 SET @saved_cs_client     = @@character_set_client */;
/*!50503 SET character_set_client = utf8mb4 */;
CREATE TABLE `company_khs` (
  `_id` varchar(255) NOT NULL,
  `name` text NOT NULL,
  `createdAt` datetime NOT NULL,
  `updatedAt` datetime NOT NULL,
  PRIMARY KEY (`_id`)
) ENGINE=InnoDB DEFAULT CHARSET=utf8mb4 COLLATE=utf8mb4_0900_ai_ci;
/*!40101 SET character_set_client = @saved_cs_client */;

--
-- Dumping data for table `company_khs`
--

LOCK TABLES `company_khs` WRITE;
/*!40000 ALTER TABLE `company_khs` DISABLE KEYS */;
INSERT INTO `company_khs` VALUES ('2512b445-9b84-4697-bf60-a8ea65a4cdb2','14f3e8a46580c0c8c2ac7e315e635fb7ad6512c42861d70b2006fd00527b8e42447312ebe40f996d3f8a12754f1d55940b90088d449d709e04d879a4a14496493f3f4cf8cdcc933139bbc1a52d50a357','2023-06-29 03:13:16','2023-06-29 03:13:16'),('42d2d7ae-7f12-429c-8106-19f2530d04fe','678d16a4c7a402abe844337c625ba5439779c2dd98c1062d79f986370c618ce52b919270e3ad564448820b0b6a9d5a29f1fb99152e1bdc53436bae963f1fc044','2023-06-29 03:41:31','2023-06-29 03:41:31'),('541ce9ea-d07f-4a0b-a0d4-6fd947742d32','cc569505f8f258aaa4bc5f7c3898958690bfcb1f95eb792db7aa0009e57d099fb51b55113822591bccfb8d58efd6f2b3','2023-06-27 17:17:41','2023-06-27 17:17:41'),('587da044-0c70-4ab3-8625-779ebb558317','ba5af7f42f27c4059ae9fd13f5588cd1','2023-06-27 17:12:03','2023-06-27 17:12:03'),('7f9f53d8-0998-4273-9fb4-67d5714736e9','cec5b7c7ba9de7ab5af0b16a3591b6df1de7758ad4db2b8c1ac54092fa4abb54850adaf5d8d4b400084ad0251557bc6b','2023-07-04 04:54:53','2023-07-04 04:54:53'),('9907f1c5-2599-403c-950a-bb3aed8cfbca','81bdba1153178e51dd17fcc0fbf4429c','2023-06-27 17:23:33','2023-06-27 17:23:33'),('a19e1263-54ee-4169-8dde-8ad5c521b134','7b6331d1dc65c606fcfdc90ef3e71db196a2de1c83487f25fa15459a07f05c70','2023-06-27 17:19:13','2023-06-27 17:19:13'),('f6747a2a-e682-4077-b8f0-469538f65da7','5b4146651af4ace84923878582804c7f29b223a6a97cbeba18563accb0119478','2023-06-29 03:45:20','2023-06-29 03:45:20');
/*!40000 ALTER TABLE `company_khs` ENABLE KEYS */;
UNLOCK TABLES;

--
-- Table structure for table `customer_events`
--

DROP TABLE IF EXISTS `customer_events`;
/*!40101 SET @saved_cs_client     = @@character_set_client */;
/*!50503 SET character_set_client = utf8mb4 */;
CREATE TABLE `customer_events` (
  `createdAt` datetime NOT NULL,
  `updatedAt` datetime NOT NULL,
  `CustomerId` varchar(255) NOT NULL,
  `EventId` varchar(255) NOT NULL,
  PRIMARY KEY (`CustomerId`,`EventId`),
  KEY `EventId` (`EventId`),
  CONSTRAINT `customer_events_ibfk_1` FOREIGN KEY (`CustomerId`) REFERENCES `customers` (`_id`) ON DELETE CASCADE ON UPDATE CASCADE,
  CONSTRAINT `customer_events_ibfk_2` FOREIGN KEY (`EventId`) REFERENCES `events` (`_id`) ON DELETE CASCADE ON UPDATE CASCADE
) ENGINE=InnoDB DEFAULT CHARSET=utf8mb4 COLLATE=utf8mb4_0900_ai_ci;
/*!40101 SET character_set_client = @saved_cs_client */;

--
-- Dumping data for table `customer_events`
--

LOCK TABLES `customer_events` WRITE;
/*!40000 ALTER TABLE `customer_events` DISABLE KEYS */;
INSERT INTO `customer_events` VALUES ('2023-07-04 11:18:59','2023-07-04 11:18:59','08825162-647e-4e37-82e1-8b4ed2c72184','4cc1c17f-b370-478f-9707-11352898bda1'),('2023-07-04 11:18:59','2023-07-04 11:18:59','0ccc28c8-4228-492e-8028-3d16905a6e56','4cc1c17f-b370-478f-9707-11352898bda1'),('2023-07-04 11:19:00','2023-07-04 11:19:00','1a6648ad-7d09-4b3f-b0c6-1060a57fa0ad','4cc1c17f-b370-478f-9707-11352898bda1'),('2023-07-04 11:18:59','2023-07-04 11:18:59','1c465d2d-8f5f-4d0c-b6f9-3c82832ca7c9','4cc1c17f-b370-478f-9707-11352898bda1'),('2023-07-04 11:18:59','2023-07-04 11:18:59','1fcaabdc-677d-463c-836d-4014c7c057eb','4cc1c17f-b370-478f-9707-11352898bda1'),('2023-07-04 11:18:59','2023-07-04 11:18:59','35cf8d42-7766-49f1-ba7f-ff1320619738','4cc1c17f-b370-478f-9707-11352898bda1'),('2023-07-04 11:18:59','2023-07-04 11:18:59','3bd013f7-ddc2-4bfc-a8db-3d914618aaac','4cc1c17f-b370-478f-9707-11352898bda1'),('2023-07-04 11:19:00','2023-07-04 11:19:00','3cd5ec62-6ff5-4302-8b5a-37cb847f09d2','4cc1c17f-b370-478f-9707-11352898bda1'),('2023-07-04 11:18:59','2023-07-04 11:18:59','3dab04a1-5418-48b9-8d98-b796eaa5f438','4cc1c17f-b370-478f-9707-11352898bda1'),('2023-07-04 11:19:00','2023-07-04 11:19:00','463e2f64-d175-4a5d-a9b3-c8bf5a702c33','4cc1c17f-b370-478f-9707-11352898bda1'),('2023-07-04 11:18:59','2023-07-04 11:18:59','4e832dc0-9bbb-4ec1-bb78-bf4cc615b15d','4cc1c17f-b370-478f-9707-11352898bda1'),('2023-07-06 04:54:44','2023-07-06 04:54:44','4e832dc0-9bbb-4ec1-bb78-bf4cc615b15d','986b10c5-fb5c-45c3-933e-8f8d8bf2913a'),('2023-07-04 11:19:00','2023-07-04 11:19:00','50a25e60-96cd-437d-a7df-9924be5536d5','4cc1c17f-b370-478f-9707-11352898bda1'),('2023-07-07 14:13:27','2023-07-07 14:13:27','57eb5b41-140f-4b89-ae49-1395d768e9ab','faf064ed-ca69-41f3-9c85-573241459558'),('2023-07-04 11:18:59','2023-07-04 11:18:59','5caa3dd8-5f82-40b5-88ba-5a1fe96f685c','4cc1c17f-b370-478f-9707-11352898bda1'),('2023-07-04 11:18:59','2023-07-04 11:18:59','676481c7-9a6b-4d56-b2f0-001a36d01a19','4cc1c17f-b370-478f-9707-11352898bda1'),('2023-07-04 11:18:59','2023-07-04 11:18:59','6efc096c-5997-4efb-b776-ad4c3c2a1854','4cc1c17f-b370-478f-9707-11352898bda1'),('2023-07-04 11:19:00','2023-07-04 11:19:00','72ef5a07-ea65-4ffa-9e5d-7c13613112f5','4cc1c17f-b370-478f-9707-11352898bda1'),('2023-07-04 11:18:59','2023-07-04 11:18:59','8ed1fa4b-8313-4373-8ce3-5ac9cb1c7cdd','4cc1c17f-b370-478f-9707-11352898bda1'),('2023-07-04 11:18:59','2023-07-04 11:18:59','949d90a7-5434-4141-9dcb-8fe6f203c81e','4cc1c17f-b370-478f-9707-11352898bda1'),('2023-07-04 11:18:59','2023-07-04 11:18:59','98764398-349c-4898-a501-ff985f6940e0','4cc1c17f-b370-478f-9707-11352898bda1'),('2023-07-04 11:18:59','2023-07-04 11:18:59','9e614ab1-accb-4988-8e55-f22e5930293e','4cc1c17f-b370-478f-9707-11352898bda1'),('2023-07-04 11:18:59','2023-07-04 11:18:59','a00ccee1-6494-49a8-a8db-42c2e4963c1c','4cc1c17f-b370-478f-9707-11352898bda1'),('2023-07-04 11:18:59','2023-07-04 11:18:59','bee4cdce-8889-478c-8054-587036659aeb','4cc1c17f-b370-478f-9707-11352898bda1'),('2023-07-06 04:54:44','2023-07-06 04:54:44','bee4cdce-8889-478c-8054-587036659aeb','986b10c5-fb5c-45c3-933e-8f8d8bf2913a'),('2023-07-06 05:21:36','2023-07-06 05:21:36','bee4cdce-8889-478c-8054-587036659aeb','c7357737-dd24-4549-a65a-c63006c5cd67'),('2023-07-07 07:23:37','2023-07-07 07:23:37','bee4cdce-8889-478c-8054-587036659aeb','faf064ed-ca69-41f3-9c85-573241459558'),('2023-07-04 11:18:59','2023-07-04 11:18:59','c950979b-4ae9-4c41-a603-c3b8cc80f299','4cc1c17f-b370-478f-9707-11352898bda1'),('2023-07-04 11:19:00','2023-07-04 11:19:00','cbb6ec3c-a5da-4aae-90bb-71a5211abdff','4cc1c17f-b370-478f-9707-11352898bda1'),('2023-07-04 11:19:00','2023-07-04 11:19:00','d44f0cc2-8620-4169-9539-7ca1739729f7','4cc1c17f-b370-478f-9707-11352898bda1'),('2023-07-04 11:18:59','2023-07-04 11:18:59','da74b0a7-831b-45db-b028-42c92ad9039c','4cc1c17f-b370-478f-9707-11352898bda1'),('2023-07-04 11:18:59','2023-07-04 11:18:59','edbb2c7c-5365-463d-9e2a-ff523fe084fe','4cc1c17f-b370-478f-9707-11352898bda1'),('2023-07-04 11:19:00','2023-07-04 11:19:00','f039dce5-b218-4de1-a084-7f0d6d4906b2','4cc1c17f-b370-478f-9707-11352898bda1'),('2023-07-04 11:18:59','2023-07-04 11:18:59','f9624229-3685-40e6-b9d5-bf9e8db5c373','4cc1c17f-b370-478f-9707-11352898bda1'),('2023-07-07 14:31:01','2023-07-07 14:31:01','f9624229-3685-40e6-b9d5-bf9e8db5c373','faf064ed-ca69-41f3-9c85-573241459558'),('2023-07-04 11:18:59','2023-07-04 11:18:59','fc5a70c2-b4e3-4ea8-a9a8-308a97e60bbb','4cc1c17f-b370-478f-9707-11352898bda1'),('2023-07-06 04:37:35','2023-07-06 04:37:35','ffc71a53-3e13-4c41-aeaa-af44408a13b7','22cb459c-40a7-496c-94e4-6f6293f8c9a4'),('2023-07-05 15:04:44','2023-07-05 15:04:44','ffc71a53-3e13-4c41-aeaa-af44408a13b7','4cc1c17f-b370-478f-9707-11352898bda1'),('2023-07-07 07:23:35','2023-07-07 07:23:35','ffc71a53-3e13-4c41-aeaa-af44408a13b7','faf064ed-ca69-41f3-9c85-573241459558');
/*!40000 ALTER TABLE `customer_events` ENABLE KEYS */;
UNLOCK TABLES;

--
-- Table structure for table `customer_habits`
--

DROP TABLE IF EXISTS `customer_habits`;
/*!40101 SET @saved_cs_client     = @@character_set_client */;
/*!50503 SET character_set_client = utf8mb4 */;
CREATE TABLE `customer_habits` (
  `createdAt` datetime NOT NULL,
  `updatedAt` datetime NOT NULL,
  `CustomerId` varchar(255) NOT NULL,
  `HabitId` varchar(255) NOT NULL,
  PRIMARY KEY (`CustomerId`,`HabitId`),
  KEY `HabitId` (`HabitId`),
  CONSTRAINT `customer_habits_ibfk_1` FOREIGN KEY (`CustomerId`) REFERENCES `customers` (`_id`) ON DELETE CASCADE ON UPDATE CASCADE,
  CONSTRAINT `customer_habits_ibfk_2` FOREIGN KEY (`HabitId`) REFERENCES `habits` (`_id`) ON DELETE CASCADE ON UPDATE CASCADE
) ENGINE=InnoDB DEFAULT CHARSET=utf8mb4 COLLATE=utf8mb4_0900_ai_ci;
/*!40101 SET character_set_client = @saved_cs_client */;

--
-- Dumping data for table `customer_habits`
--

LOCK TABLES `customer_habits` WRITE;
/*!40000 ALTER TABLE `customer_habits` DISABLE KEYS */;
INSERT INTO `customer_habits` VALUES ('2023-06-29 04:04:01','2023-06-29 04:04:01','08825162-647e-4e37-82e1-8b4ed2c72184','1189fe3c-cb81-4287-86b0-f4791172e91c'),('2023-06-29 04:26:14','2023-06-29 04:26:14','08825162-647e-4e37-82e1-8b4ed2c72184','7f1a7758-879e-455a-8f71-23821b5d98ed'),('2023-06-29 04:04:01','2023-06-29 04:04:01','0ccc28c8-4228-492e-8028-3d16905a6e56','1189fe3c-cb81-4287-86b0-f4791172e91c'),('2023-06-29 04:26:13','2023-06-29 04:26:13','0ccc28c8-4228-492e-8028-3d16905a6e56','7f1a7758-879e-455a-8f71-23821b5d98ed'),('2023-06-29 04:04:01','2023-06-29 04:04:01','1a6648ad-7d09-4b3f-b0c6-1060a57fa0ad','1189fe3c-cb81-4287-86b0-f4791172e91c'),('2023-06-29 04:26:14','2023-06-29 04:26:14','1a6648ad-7d09-4b3f-b0c6-1060a57fa0ad','7f1a7758-879e-455a-8f71-23821b5d98ed'),('2023-06-27 18:27:22','2023-06-27 18:27:22','1a6648ad-7d09-4b3f-b0c6-1060a57fa0ad','897a593e-d347-4154-9a36-5126837cdbea'),('2023-06-27 18:28:44','2023-06-27 18:28:44','1a6648ad-7d09-4b3f-b0c6-1060a57fa0ad','9cde8393-dd36-4e69-a5c8-1c2a4a46324a'),('2023-06-29 04:04:01','2023-06-29 04:04:01','1c465d2d-8f5f-4d0c-b6f9-3c82832ca7c9','1189fe3c-cb81-4287-86b0-f4791172e91c'),('2023-06-29 04:26:13','2023-06-29 04:26:13','1c465d2d-8f5f-4d0c-b6f9-3c82832ca7c9','7f1a7758-879e-455a-8f71-23821b5d98ed'),('2023-06-29 04:04:01','2023-06-29 04:04:01','1fcaabdc-677d-463c-836d-4014c7c057eb','1189fe3c-cb81-4287-86b0-f4791172e91c'),('2023-06-29 04:26:14','2023-06-29 04:26:14','1fcaabdc-677d-463c-836d-4014c7c057eb','7f1a7758-879e-455a-8f71-23821b5d98ed'),('2023-06-29 04:04:01','2023-06-29 04:04:01','35cf8d42-7766-49f1-ba7f-ff1320619738','1189fe3c-cb81-4287-86b0-f4791172e91c'),('2023-06-29 04:26:14','2023-06-29 04:26:14','35cf8d42-7766-49f1-ba7f-ff1320619738','7f1a7758-879e-455a-8f71-23821b5d98ed'),('2023-07-04 04:57:17','2023-07-04 04:57:17','3bd013f7-ddc2-4bfc-a8db-3d914618aaac','a3f05c3a-0c26-4e68-a991-2bc0c313e701'),('2023-06-29 04:04:01','2023-06-29 04:04:01','3cd5ec62-6ff5-4302-8b5a-37cb847f09d2','1189fe3c-cb81-4287-86b0-f4791172e91c'),('2023-06-29 04:26:14','2023-06-29 04:26:14','3cd5ec62-6ff5-4302-8b5a-37cb847f09d2','7f1a7758-879e-455a-8f71-23821b5d98ed'),('2023-06-29 04:04:01','2023-06-29 04:04:01','3dab04a1-5418-48b9-8d98-b796eaa5f438','1189fe3c-cb81-4287-86b0-f4791172e91c'),('2023-06-29 04:26:14','2023-06-29 04:26:14','3dab04a1-5418-48b9-8d98-b796eaa5f438','7f1a7758-879e-455a-8f71-23821b5d98ed'),('2023-06-29 04:04:01','2023-06-29 04:04:01','463e2f64-d175-4a5d-a9b3-c8bf5a702c33','1189fe3c-cb81-4287-86b0-f4791172e91c'),('2023-06-27 18:28:09','2023-06-27 18:28:09','463e2f64-d175-4a5d-a9b3-c8bf5a702c33','7d2adcde-d2fa-4ecc-a9a0-b3c4d707e844'),('2023-06-29 04:26:14','2023-06-29 04:26:14','463e2f64-d175-4a5d-a9b3-c8bf5a702c33','7f1a7758-879e-455a-8f71-23821b5d98ed'),('2023-06-27 18:27:22','2023-06-27 18:27:22','463e2f64-d175-4a5d-a9b3-c8bf5a702c33','897a593e-d347-4154-9a36-5126837cdbea'),('2023-06-27 18:28:43','2023-06-27 18:28:43','463e2f64-d175-4a5d-a9b3-c8bf5a702c33','9cde8393-dd36-4e69-a5c8-1c2a4a46324a'),('2023-06-29 04:04:01','2023-06-29 04:04:01','4e832dc0-9bbb-4ec1-bb78-bf4cc615b15d','1189fe3c-cb81-4287-86b0-f4791172e91c'),('2023-06-29 04:26:14','2023-06-29 04:26:14','4e832dc0-9bbb-4ec1-bb78-bf4cc615b15d','7f1a7758-879e-455a-8f71-23821b5d98ed'),('2023-06-29 04:04:01','2023-06-29 04:04:01','50a25e60-96cd-437d-a7df-9924be5536d5','1189fe3c-cb81-4287-86b0-f4791172e91c'),('2023-06-29 04:26:14','2023-06-29 04:26:14','50a25e60-96cd-437d-a7df-9924be5536d5','7f1a7758-879e-455a-8f71-23821b5d98ed'),('2023-06-27 18:27:22','2023-06-27 18:27:22','50a25e60-96cd-437d-a7df-9924be5536d5','897a593e-d347-4154-9a36-5126837cdbea'),('2023-06-27 18:28:43','2023-06-27 18:28:43','50a25e60-96cd-437d-a7df-9924be5536d5','9cde8393-dd36-4e69-a5c8-1c2a4a46324a'),('2023-07-07 13:23:26','2023-07-07 13:23:26','57eb5b41-140f-4b89-ae49-1395d768e9ab','bb722fdd-2c66-4ffa-9c69-934eddeaa66f'),('2023-06-29 04:04:01','2023-06-29 04:04:01','5caa3dd8-5f82-40b5-88ba-5a1fe96f685c','1189fe3c-cb81-4287-86b0-f4791172e91c'),('2023-06-29 04:26:14','2023-06-29 04:26:14','5caa3dd8-5f82-40b5-88ba-5a1fe96f685c','7f1a7758-879e-455a-8f71-23821b5d98ed'),('2023-06-29 04:04:01','2023-06-29 04:04:01','676481c7-9a6b-4d56-b2f0-001a36d01a19','1189fe3c-cb81-4287-86b0-f4791172e91c'),('2023-06-29 04:26:13','2023-06-29 04:26:13','676481c7-9a6b-4d56-b2f0-001a36d01a19','7f1a7758-879e-455a-8f71-23821b5d98ed'),('2023-06-29 04:04:01','2023-06-29 04:04:01','6efc096c-5997-4efb-b776-ad4c3c2a1854','1189fe3c-cb81-4287-86b0-f4791172e91c'),('2023-06-29 04:26:14','2023-06-29 04:26:14','6efc096c-5997-4efb-b776-ad4c3c2a1854','7f1a7758-879e-455a-8f71-23821b5d98ed'),('2023-06-29 04:04:01','2023-06-29 04:04:01','72ef5a07-ea65-4ffa-9e5d-7c13613112f5','1189fe3c-cb81-4287-86b0-f4791172e91c'),('2023-06-29 04:26:14','2023-06-29 04:26:14','72ef5a07-ea65-4ffa-9e5d-7c13613112f5','7f1a7758-879e-455a-8f71-23821b5d98ed'),('2023-06-27 18:27:22','2023-06-27 18:27:22','72ef5a07-ea65-4ffa-9e5d-7c13613112f5','897a593e-d347-4154-9a36-5126837cdbea'),('2023-06-27 18:28:44','2023-06-27 18:28:44','72ef5a07-ea65-4ffa-9e5d-7c13613112f5','9cde8393-dd36-4e69-a5c8-1c2a4a46324a'),('2023-06-29 04:04:01','2023-06-29 04:04:01','8ed1fa4b-8313-4373-8ce3-5ac9cb1c7cdd','1189fe3c-cb81-4287-86b0-f4791172e91c'),('2023-06-29 04:26:14','2023-06-29 04:26:14','8ed1fa4b-8313-4373-8ce3-5ac9cb1c7cdd','7f1a7758-879e-455a-8f71-23821b5d98ed'),('2023-06-29 04:04:01','2023-06-29 04:04:01','949d90a7-5434-4141-9dcb-8fe6f203c81e','1189fe3c-cb81-4287-86b0-f4791172e91c'),('2023-06-29 04:26:14','2023-06-29 04:26:14','949d90a7-5434-4141-9dcb-8fe6f203c81e','7f1a7758-879e-455a-8f71-23821b5d98ed'),('2023-06-29 04:04:01','2023-06-29 04:04:01','98764398-349c-4898-a501-ff985f6940e0','1189fe3c-cb81-4287-86b0-f4791172e91c'),('2023-06-29 04:26:14','2023-06-29 04:26:14','98764398-349c-4898-a501-ff985f6940e0','7f1a7758-879e-455a-8f71-23821b5d98ed'),('2023-06-29 04:04:01','2023-06-29 04:04:01','9e614ab1-accb-4988-8e55-f22e5930293e','1189fe3c-cb81-4287-86b0-f4791172e91c'),('2023-06-29 04:26:13','2023-06-29 04:26:13','9e614ab1-accb-4988-8e55-f22e5930293e','7f1a7758-879e-455a-8f71-23821b5d98ed'),('2023-06-29 04:04:01','2023-06-29 04:04:01','a00ccee1-6494-49a8-a8db-42c2e4963c1c','1189fe3c-cb81-4287-86b0-f4791172e91c'),('2023-06-29 04:26:13','2023-06-29 04:26:13','a00ccee1-6494-49a8-a8db-42c2e4963c1c','7f1a7758-879e-455a-8f71-23821b5d98ed'),('2023-06-29 04:04:01','2023-06-29 04:04:01','bee4cdce-8889-478c-8054-587036659aeb','1189fe3c-cb81-4287-86b0-f4791172e91c'),('2023-06-29 04:26:13','2023-06-29 04:26:13','bee4cdce-8889-478c-8054-587036659aeb','7f1a7758-879e-455a-8f71-23821b5d98ed'),('2023-06-29 04:04:01','2023-06-29 04:04:01','c950979b-4ae9-4c41-a603-c3b8cc80f299','1189fe3c-cb81-4287-86b0-f4791172e91c'),('2023-06-29 04:26:14','2023-06-29 04:26:14','c950979b-4ae9-4c41-a603-c3b8cc80f299','7f1a7758-879e-455a-8f71-23821b5d98ed'),('2023-06-29 04:04:01','2023-06-29 04:04:01','cbb6ec3c-a5da-4aae-90bb-71a5211abdff','1189fe3c-cb81-4287-86b0-f4791172e91c'),('2023-06-27 18:28:16','2023-06-27 18:28:16','cbb6ec3c-a5da-4aae-90bb-71a5211abdff','7d2adcde-d2fa-4ecc-a9a0-b3c4d707e844'),('2023-06-27 18:28:29','2023-06-27 18:28:29','cbb6ec3c-a5da-4aae-90bb-71a5211abdff','7ec1bfe7-95be-49b5-bb35-b1ab6ffddd63'),('2023-06-29 04:26:14','2023-06-29 04:26:14','cbb6ec3c-a5da-4aae-90bb-71a5211abdff','7f1a7758-879e-455a-8f71-23821b5d98ed'),('2023-06-27 18:27:22','2023-06-27 18:27:22','cbb6ec3c-a5da-4aae-90bb-71a5211abdff','897a593e-d347-4154-9a36-5126837cdbea'),('2023-06-27 18:28:43','2023-06-27 18:28:43','cbb6ec3c-a5da-4aae-90bb-71a5211abdff','9cde8393-dd36-4e69-a5c8-1c2a4a46324a'),('2023-06-29 04:04:01','2023-06-29 04:04:01','d44f0cc2-8620-4169-9539-7ca1739729f7','1189fe3c-cb81-4287-86b0-f4791172e91c'),('2023-06-27 18:27:43','2023-06-27 18:27:43','d44f0cc2-8620-4169-9539-7ca1739729f7','7f1a7758-879e-455a-8f71-23821b5d98ed'),('2023-06-27 18:27:22','2023-06-27 18:27:22','d44f0cc2-8620-4169-9539-7ca1739729f7','897a593e-d347-4154-9a36-5126837cdbea'),('2023-06-27 18:28:43','2023-06-27 18:28:43','d44f0cc2-8620-4169-9539-7ca1739729f7','9cde8393-dd36-4e69-a5c8-1c2a4a46324a'),('2023-06-29 04:04:01','2023-06-29 04:04:01','da74b0a7-831b-45db-b028-42c92ad9039c','1189fe3c-cb81-4287-86b0-f4791172e91c'),('2023-06-29 04:26:14','2023-06-29 04:26:14','da74b0a7-831b-45db-b028-42c92ad9039c','7f1a7758-879e-455a-8f71-23821b5d98ed'),('2023-06-29 04:04:01','2023-06-29 04:04:01','edbb2c7c-5365-463d-9e2a-ff523fe084fe','1189fe3c-cb81-4287-86b0-f4791172e91c'),('2023-06-29 04:26:14','2023-06-29 04:26:14','edbb2c7c-5365-463d-9e2a-ff523fe084fe','7f1a7758-879e-455a-8f71-23821b5d98ed'),('2023-06-29 04:04:01','2023-06-29 04:04:01','f039dce5-b218-4de1-a084-7f0d6d4906b2','1189fe3c-cb81-4287-86b0-f4791172e91c'),('2023-06-29 04:26:14','2023-06-29 04:26:14','f039dce5-b218-4de1-a084-7f0d6d4906b2','7f1a7758-879e-455a-8f71-23821b5d98ed'),('2023-06-27 18:27:22','2023-06-27 18:27:22','f039dce5-b218-4de1-a084-7f0d6d4906b2','897a593e-d347-4154-9a36-5126837cdbea'),('2023-06-27 18:28:44','2023-06-27 18:28:44','f039dce5-b218-4de1-a084-7f0d6d4906b2','9cde8393-dd36-4e69-a5c8-1c2a4a46324a'),('2023-06-29 04:04:01','2023-06-29 04:04:01','f9624229-3685-40e6-b9d5-bf9e8db5c373','1189fe3c-cb81-4287-86b0-f4791172e91c'),('2023-06-29 04:26:13','2023-06-29 04:26:13','f9624229-3685-40e6-b9d5-bf9e8db5c373','7f1a7758-879e-455a-8f71-23821b5d98ed'),('2023-06-29 04:04:01','2023-06-29 04:04:01','fc5a70c2-b4e3-4ea8-a9a8-308a97e60bbb','1189fe3c-cb81-4287-86b0-f4791172e91c'),('2023-06-29 04:26:14','2023-06-29 04:26:14','fc5a70c2-b4e3-4ea8-a9a8-308a97e60bbb','7f1a7758-879e-455a-8f71-23821b5d98ed'),('2023-07-06 04:35:18','2023-07-06 04:35:18','ffc71a53-3e13-4c41-aeaa-af44408a13b7','1e2d584d-a2f4-4653-9aca-244cc852f2bb'),('2023-07-06 04:35:37','2023-07-06 04:35:37','ffc71a53-3e13-4c41-aeaa-af44408a13b7','94d54b2b-5f85-45f0-a75a-64f3a34e3c64'),('2023-07-06 04:35:37','2023-07-06 04:35:37','ffc71a53-3e13-4c41-aeaa-af44408a13b7','e2f86636-d488-42dd-b4b0-27b0e3a95bbd');
/*!40000 ALTER TABLE `customer_habits` ENABLE KEYS */;
UNLOCK TABLES;

--
-- Table structure for table `customer_types`
--

DROP TABLE IF EXISTS `customer_types`;
/*!40101 SET @saved_cs_client     = @@character_set_client */;
/*!50503 SET character_set_client = utf8mb4 */;
CREATE TABLE `customer_types` (
  `_id` varchar(255) NOT NULL,
  `name` text NOT NULL,
  `createdAt` datetime NOT NULL,
  `updatedAt` datetime NOT NULL,
  PRIMARY KEY (`_id`)
) ENGINE=InnoDB DEFAULT CHARSET=utf8mb4 COLLATE=utf8mb4_0900_ai_ci;
/*!40101 SET character_set_client = @saved_cs_client */;

--
-- Dumping data for table `customer_types`
--

LOCK TABLES `customer_types` WRITE;
/*!40000 ALTER TABLE `customer_types` DISABLE KEYS */;
INSERT INTO `customer_types` VALUES ('6104b107-2b24-4849-ae7b-54cf1a9ac7a0','82faec70bc99d69107b9c9f5a26e48a6','2023-06-27 17:06:33','2023-06-27 17:06:33'),('94600308-0f77-42e3-8faf-247fdfef4355','d76d2ff5edca387a27208d0ab9be2e22','2023-06-27 17:06:23','2023-06-27 17:06:23'),('be9f7483-7a87-40ae-b76e-23e07600e69c','b436e91c8a8422098c57ec9efaaed2fc','2023-07-06 04:39:24','2023-07-06 04:39:34');
/*!40000 ALTER TABLE `customer_types` ENABLE KEYS */;
UNLOCK TABLES;

--
-- Table structure for table `customer_works`
--

DROP TABLE IF EXISTS `customer_works`;
/*!40101 SET @saved_cs_client     = @@character_set_client */;
/*!50503 SET character_set_client = utf8mb4 */;
CREATE TABLE `customer_works` (
  `_id` varchar(255) NOT NULL,
  `current_workplace` text NOT NULL,
  `work_history` text NOT NULL,
  `current_position` text NOT NULL,
  `work_temp` text,
  `createdAt` datetime NOT NULL,
  `updatedAt` datetime NOT NULL,
  `customerId` varchar(255) DEFAULT NULL,
  `companyId` varchar(255) DEFAULT NULL,
  PRIMARY KEY (`_id`),
  KEY `customerId` (`customerId`),
  KEY `companyId` (`companyId`),
  CONSTRAINT `customer_works_ibfk_1` FOREIGN KEY (`customerId`) REFERENCES `customers` (`_id`) ON DELETE CASCADE ON UPDATE CASCADE,
  CONSTRAINT `customer_works_ibfk_2` FOREIGN KEY (`companyId`) REFERENCES `company_khs` (`_id`) ON DELETE CASCADE ON UPDATE CASCADE
) ENGINE=InnoDB DEFAULT CHARSET=utf8mb4 COLLATE=utf8mb4_0900_ai_ci;
/*!40101 SET character_set_client = @saved_cs_client */;

--
-- Dumping data for table `customer_works`
--

LOCK TABLES `customer_works` WRITE;
/*!40000 ALTER TABLE `customer_works` DISABLE KEYS */;
INSERT INTO `customer_works` VALUES ('0cadf37d-e651-492e-940c-b88a2ad6a33e','7a1618643a7a6c839fe504721f316789cc063dc6f69c4d0f6490504c71d78bfa6860155c8f4affa49b60897ef319fb031a536da01572e6e553ef81d0e9fac766','9469b73488861d5e8590fbb45d49512e301fa717d8de6c782f435b778034c230','ff5a2edddaeb777b86d0de204c90308b24faa288c5c1b1b45cc967bd6c4c55ad','0f6a1324eeafdcadbff56803d3af03c8','2023-06-29 03:35:29','2023-06-29 03:35:29','676481c7-9a6b-4d56-b2f0-001a36d01a19','2512b445-9b84-4697-bf60-a8ea65a4cdb2'),('161cd14b-6737-4750-a4d5-cbcd29cafa87','7a1618643a7a6c839fe504721f316789cc063dc6f69c4d0f6490504c71d78bfa6860155c8f4affa49b60897ef319fb031a536da01572e6e553ef81d0e9fac766','9469b73488861d5e8590fbb45d49512e301fa717d8de6c782f435b778034c230','97dad03f239544a652b2b06fb8f9547c','0f6a1324eeafdcadbff56803d3af03c8','2023-06-29 03:21:21','2023-06-29 03:21:21','1c465d2d-8f5f-4d0c-b6f9-3c82832ca7c9','2512b445-9b84-4697-bf60-a8ea65a4cdb2'),('2c87ded3-a717-4f5b-b422-d745db615f1d','4d426aedaedbde2c8dc44189b7e3a005','7d23318ac1e2ecbf9835fbcc05f01937','76e6c194baf8dd1b97690edddb64cb48','a8a32d8f1711ec84f49538e29efafc1d','2023-07-07 09:01:05','2023-07-07 09:18:11','07e2b17f-efc8-4fda-8785-b6221000bc24','7f9f53d8-0998-4273-9fb4-67d5714736e9'),('34c53d5c-f15c-492f-bd73-fda07c20af8c','2b44b6c6fe3f694e83600049c2a1a1c5914ba16272d98cb0cb91ebdc7c7edf0d','9469b73488861d5e8590fbb45d49512e301fa717d8de6c782f435b778034c230','5cb6b9e43fd7bebe13f564232c3d3cdd5a72609fe0c73f86d6a41c3f4337b3b9','d7a8e0ab462ccf080c6f46a3c39b49ed','2023-06-29 03:59:17','2023-07-07 07:22:03','bee4cdce-8889-478c-8054-587036659aeb','f6747a2a-e682-4077-b8f0-469538f65da7'),('387e49b0-7ea1-4294-a22c-c3f4ab4a1bdc','93ebece73aac82e7d4741be304652081370a7d3d01637496e14462ddfc6daee4','397b41bc1ac2b00562b095fbc1c8ed8c3521094c1fbbc4b9bb5bb108d1f2a2c654931dd094b43f27166f5f66b116cd29','6369117ad20eabf647e095544b9c8ec6e79a8fd3427c1f627cd9efd7c66ce118','0f6a1324eeafdcadbff56803d3af03c8','2023-06-29 03:47:12','2023-06-29 03:47:12','9e614ab1-accb-4988-8e55-f22e5930293e','f6747a2a-e682-4077-b8f0-469538f65da7'),('3e72e8d1-d409-44fe-bc0a-879162f5fab6','7a1618643a7a6c839fe504721f316789cc063dc6f69c4d0f6490504c71d78bfa6860155c8f4affa49b60897ef319fb031a536da01572e6e553ef81d0e9fac766','9469b73488861d5e8590fbb45d49512e301fa717d8de6c782f435b778034c230','62f00846496d782a825548c840b7a5d4a5281eb4f3d686f1b5fcea56dd0d66fd','0f6a1324eeafdcadbff56803d3af03c8','2023-06-29 03:15:28','2023-07-07 14:28:47','f9624229-3685-40e6-b9d5-bf9e8db5c373','2512b445-9b84-4697-bf60-a8ea65a4cdb2'),('426ef16b-e569-4028-a3a2-94227784878a','ac68790b107a7ab19956b61bd9e583b9','9469b73488861d5e8590fbb45d49512e301fa717d8de6c782f435b778034c230','97dad03f239544a652b2b06fb8f9547c','d7a8e0ab462ccf080c6f46a3c39b49ed','2023-07-07 13:17:26','2023-07-07 13:23:35','57eb5b41-140f-4b89-ae49-1395d768e9ab','7f9f53d8-0998-4273-9fb4-67d5714736e9'),('4e968be2-ec54-44b2-86bf-41a0de46a128','7a1618643a7a6c839fe504721f316789cc063dc6f69c4d0f6490504c71d78bfa6860155c8f4affa49b60897ef319fb031a536da01572e6e553ef81d0e9fac766','9469b73488861d5e8590fbb45d49512e301fa717d8de6c782f435b778034c230','045ceb02526c39b6f86e41413d2693fb9c759f8f3e786cb51dff661c2cce483b94e07670927229219dc55b80a2da38c5','0f6a1324eeafdcadbff56803d3af03c8','2023-06-29 03:24:29','2023-06-29 03:24:29','0ccc28c8-4228-492e-8028-3d16905a6e56','2512b445-9b84-4697-bf60-a8ea65a4cdb2'),('4ed54daf-7d32-4115-ab6a-a56aa32d0a15','7a1618643a7a6c839fe504721f316789cc063dc6f69c4d0f6490504c71d78bfa6860155c8f4affa49b60897ef319fb031a536da01572e6e553ef81d0e9fac766','9469b73488861d5e8590fbb45d49512e301fa717d8de6c782f435b778034c230','045ceb02526c39b6f86e41413d2693fb4cc6ce81d6c7d67d51f15823eeb8877adfc8d57fbf7c30a819784367db1065ec','0f6a1324eeafdcadbff56803d3af03c8','2023-06-29 03:29:18','2023-06-29 03:29:18','a00ccee1-6494-49a8-a8db-42c2e4963c1c','2512b445-9b84-4697-bf60-a8ea65a4cdb2'),('520b3d53-d4b6-4c48-a453-afea5f4c7140','4d426aedaedbde2c8dc44189b7e3a005','7d23318ac1e2ecbf9835fbcc05f01937','76e6c194baf8dd1b97690edddb64cb48','d7a8e0ab462ccf080c6f46a3c39b49ed','2023-07-05 15:04:21','2023-07-07 07:22:14','ffc71a53-3e13-4c41-aeaa-af44408a13b7','7f9f53d8-0998-4273-9fb4-67d5714736e9'),('6e97f5d5-bf8d-4c71-a01b-9af7cd42dbb6','7a1618643a7a6c839fe504721f316789cc063dc6f69c4d0f6490504c71d78bfa6860155c8f4affa49b60897ef319fb031a536da01572e6e553ef81d0e9fac766','9469b73488861d5e8590fbb45d49512e301fa717d8de6c782f435b778034c230','045ceb02526c39b6f86e41413d2693fb4cc6ce81d6c7d67d51f15823eeb8877adfc8d57fbf7c30a819784367db1065ec','0f6a1324eeafdcadbff56803d3af03c8','2023-06-29 03:34:13','2023-06-29 03:34:13','08825162-647e-4e37-82e1-8b4ed2c72184','2512b445-9b84-4697-bf60-a8ea65a4cdb2'),('78a076d7-6954-4e4b-bff0-3adfad817843','2b44b6c6fe3f694e83600049c2a1a1c5914ba16272d98cb0cb91ebdc7c7edf0d','9469b73488861d5e8590fbb45d49512e301fa717d8de6c782f435b778034c230','cf5f6742984bf854337e83eefb1d8cf5d087f58a19ae69ca03e0f2ffffa4742a','','2023-06-29 03:58:22','2023-06-29 03:58:22','4e832dc0-9bbb-4ec1-bb78-bf4cc615b15d','f6747a2a-e682-4077-b8f0-469538f65da7'),('7bb695d0-53ea-4c30-b209-cca1820006ae','9b752900f804c5b3757f3270b749a67e70aec182891b3e20d358534189527c627403b6a0f1969bb4cf2fc0ca462e0d11','9469b73488861d5e8590fbb45d49512e301fa717d8de6c782f435b778034c230','97dad03f239544a652b2b06fb8f9547c','96733d45215b3ba1d69e249c47513680','2023-07-04 04:55:43','2023-07-04 04:55:58','3bd013f7-ddc2-4bfc-a8db-3d914618aaac','7f9f53d8-0998-4273-9fb4-67d5714736e9'),('7ceb2eff-ff35-4287-b126-7e7863135d5f','7a1618643a7a6c839fe504721f316789cc063dc6f69c4d0f6490504c71d78bfa6860155c8f4affa49b60897ef319fb031a536da01572e6e553ef81d0e9fac766','9469b73488861d5e8590fbb45d49512e301fa717d8de6c782f435b778034c230','cf5f6742984bf854337e83eefb1d8cf5d087f58a19ae69ca03e0f2ffffa4742a','0f6a1324eeafdcadbff56803d3af03c8','2023-06-29 03:20:02','2023-06-29 03:20:02','98764398-349c-4898-a501-ff985f6940e0','2512b445-9b84-4697-bf60-a8ea65a4cdb2'),('85a56bda-006f-4d76-9b71-a509a3bd8e07','40b98b1287995a61961ad83b83305f3d7d4624609f763a75b29353c2068bb41cc3aeb2576ddc99610f7c8d1c8bf504d40229af21da7360a3afb788a3d0924acf1c1c5813732161e61572aae7abe59708ded51e78d318663e1708459275d7bd19a137d66ec6c4d5642ae25ceb783bd1fa','9469b73488861d5e8590fbb45d49512e301fa717d8de6c782f435b778034c230','606f8511447fea739219ca04a95f9cba','d7a8e0ab462ccf080c6f46a3c39b49ed','2023-06-27 17:19:26','2023-06-29 02:16:19','463e2f64-d175-4a5d-a9b3-c8bf5a702c33','a19e1263-54ee-4169-8dde-8ad5c521b134'),('8dcb7567-262e-4bf7-b1c6-669a0adc6478','528e3c78c7d1895d6217c6ca959bebb2','9469b73488861d5e8590fbb45d49512e301fa717d8de6c782f435b778034c230','43233c1b59175723617218d1f9feca2ee019af1264f4a27115aeccb2da1e9345','0f6a1324eeafdcadbff56803d3af03c8','2023-06-29 04:01:40','2023-06-29 04:01:40','1fcaabdc-677d-463c-836d-4014c7c057eb','42d2d7ae-7f12-429c-8106-19f2530d04fe'),('a25ca1d9-833a-4a2e-aabe-4b69eeb3bcc1','2b44b6c6fe3f694e83600049c2a1a1c5914ba16272d98cb0cb91ebdc7c7edf0d','9469b73488861d5e8590fbb45d49512e301fa717d8de6c782f435b778034c230','34fafc2416c20ea88f90261b85d74669','','2023-06-29 03:53:45','2023-06-29 03:53:45','da74b0a7-831b-45db-b028-42c92ad9039c','42d2d7ae-7f12-429c-8106-19f2530d04fe'),('a68ffd32-2f1c-45fc-9c38-3ce72507b428','93ebece73aac82e7d4741be304652081370a7d3d01637496e14462ddfc6daee4','397b41bc1ac2b00562b095fbc1c8ed8cbc5f365bb4719c3dfd49c7733993ea64dacedf474f3f1497c4b046f05cc8bfcd','5cb6b9e43fd7bebe13f564232c3d3cdd5a72609fe0c73f86d6a41c3f4337b3b9','0f6a1324eeafdcadbff56803d3af03c8','2023-06-29 03:43:44','2023-06-29 03:43:44','35cf8d42-7766-49f1-ba7f-ff1320619738','42d2d7ae-7f12-429c-8106-19f2530d04fe'),('b6985429-b13c-4fae-a2db-7151e555d511','93ebece73aac82e7d4741be304652081370a7d3d01637496e14462ddfc6daee4','397b41bc1ac2b00562b095fbc1c8ed8c3521094c1fbbc4b9bb5bb108d1f2a2c654931dd094b43f27166f5f66b116cd29','cc5223bab90c6be60b2e57587c55931534f4e779492cd50733fceda5a9bf514b','0f6a1324eeafdcadbff56803d3af03c8','2023-06-29 03:45:48','2023-06-29 03:45:48','fc5a70c2-b4e3-4ea8-a9a8-308a97e60bbb','f6747a2a-e682-4077-b8f0-469538f65da7'),('b93e8f4d-9a57-4d84-8fa7-ddf23be3fa5d','40b98b1287995a61961ad83b83305f3d7d4624609f763a75b29353c2068bb41cc3aeb2576ddc99610f7c8d1c8bf504d40229af21da7360a3afb788a3d0924acf1c1c5813732161e61572aae7abe59708ded51e78d318663e1708459275d7bd19a137d66ec6c4d5642ae25ceb783bd1fa','9469b73488861d5e8590fbb45d49512e301fa717d8de6c782f435b778034c230','43233c1b59175723617218d1f9feca2eb54dcc527b90ae6f3c89e2e20793fa2a','d7a8e0ab462ccf080c6f46a3c39b49ed','2023-06-27 17:24:41','2023-06-28 04:13:36','50a25e60-96cd-437d-a7df-9924be5536d5','9907f1c5-2599-403c-950a-bb3aed8cfbca'),('bca89f1a-9831-46dc-929d-ce3058d7b3bb','40b98b1287995a61961ad83b83305f3d7d4624609f763a75b29353c2068bb41cc3aeb2576ddc99610f7c8d1c8bf504d40229af21da7360a3afb788a3d0924acf1c1c5813732161e61572aae7abe59708ded51e78d318663e1708459275d7bd19a137d66ec6c4d5642ae25ceb783bd1fa','9469b73488861d5e8590fbb45d49512e301fa717d8de6c782f435b778034c230','97dad03f239544a652b2b06fb8f9547c','d7a8e0ab462ccf080c6f46a3c39b49ed','2023-06-27 17:21:11','2023-06-28 04:13:51','d44f0cc2-8620-4169-9539-7ca1739729f7','587da044-0c70-4ab3-8625-779ebb558317'),('bdc91e11-6760-494f-acb7-dd2cd23ef753','7a1618643a7a6c839fe504721f316789cc063dc6f69c4d0f6490504c71d78bfa6860155c8f4affa49b60897ef319fb031a536da01572e6e553ef81d0e9fac766','9469b73488861d5e8590fbb45d49512e301fa717d8de6c782f435b778034c230','bf4f46529c1f547559791e7b279fe198b1d49d5bb1dfe8d9516b608a127512b6','0f6a1324eeafdcadbff56803d3af03c8','2023-06-29 03:17:35','2023-06-29 03:17:35','edbb2c7c-5365-463d-9e2a-ff523fe084fe','2512b445-9b84-4697-bf60-a8ea65a4cdb2'),('bec3809d-972a-4757-865c-34034f4d545b','93ebece73aac82e7d4741be304652081370a7d3d01637496e14462ddfc6daee4','397b41bc1ac2b00562b095fbc1c8ed8cc19149fb7c4d77342c51522d5d2535d8a4b23e166ae9604e980b0258d4355ba4','cf5f6742984bf854337e83eefb1d8cf5d087f58a19ae69ca03e0f2ffffa4742a','0f6a1324eeafdcadbff56803d3af03c8','2023-06-29 03:42:29','2023-06-29 03:42:29','949d90a7-5434-4141-9dcb-8fe6f203c81e','42d2d7ae-7f12-429c-8106-19f2530d04fe'),('c641e628-ead4-47df-9737-a4c3b54dbe76','7a1618643a7a6c839fe504721f316789cc063dc6f69c4d0f6490504c71d78bfa6860155c8f4affa49b60897ef319fb031a536da01572e6e553ef81d0e9fac766','9469b73488861d5e8590fbb45d49512e301fa717d8de6c782f435b778034c230','62f00846496d782a825548c840b7a5d4a5281eb4f3d686f1b5fcea56dd0d66fd','0f6a1324eeafdcadbff56803d3af03c8','2023-06-29 03:14:08','2023-06-29 03:14:08','3cd5ec62-6ff5-4302-8b5a-37cb847f09d2','2512b445-9b84-4697-bf60-a8ea65a4cdb2'),('d4bebf29-4f27-4c00-89f3-6eff387970d8','7a1618643a7a6c839fe504721f316789cc063dc6f69c4d0f6490504c71d78bfa6860155c8f4affa49b60897ef319fb031a536da01572e6e553ef81d0e9fac766','9469b73488861d5e8590fbb45d49512e301fa717d8de6c782f435b778034c230','045ceb02526c39b6f86e41413d2693fb4cc6ce81d6c7d67d51f15823eeb8877adfc8d57fbf7c30a819784367db1065ec','0f6a1324eeafdcadbff56803d3af03c8','2023-06-29 03:31:42','2023-06-29 03:31:42','5caa3dd8-5f82-40b5-88ba-5a1fe96f685c','2512b445-9b84-4697-bf60-a8ea65a4cdb2'),('d6aa7faa-1a53-46c6-93bd-3422278d8d04','40b98b1287995a61961ad83b83305f3d7d4624609f763a75b29353c2068bb41cc3aeb2576ddc99610f7c8d1c8bf504d40229af21da7360a3afb788a3d0924acf1c1c5813732161e61572aae7abe59708ded51e78d318663e1708459275d7bd19a137d66ec6c4d5642ae25ceb783bd1fa','9469b73488861d5e8590fbb45d49512e301fa717d8de6c782f435b778034c230','db8305919ad54f7c820af2def3ebf946','d7a8e0ab462ccf080c6f46a3c39b49ed','2023-06-27 17:18:00','2023-06-28 04:14:08','cbb6ec3c-a5da-4aae-90bb-71a5211abdff','541ce9ea-d07f-4a0b-a0d4-6fd947742d32'),('ddd69980-0a63-4a1c-b936-bb3869d6b6e3','2b44b6c6fe3f694e83600049c2a1a1c5914ba16272d98cb0cb91ebdc7c7edf0d','9469b73488861d5e8590fbb45d49512e301fa717d8de6c782f435b778034c230','97dad03f239544a652b2b06fb8f9547c','','2023-06-29 03:54:54','2023-06-29 03:54:54','8ed1fa4b-8313-4373-8ce3-5ac9cb1c7cdd','f6747a2a-e682-4077-b8f0-469538f65da7'),('e003e659-82a2-4130-8038-b736a5595341','2b44b6c6fe3f694e83600049c2a1a1c5914ba16272d98cb0cb91ebdc7c7edf0d','9469b73488861d5e8590fbb45d49512e301fa717d8de6c782f435b778034c230','5cb6b9e43fd7bebe13f564232c3d3cdd5a72609fe0c73f86d6a41c3f4337b3b9','','2023-06-29 03:51:51','2023-06-29 03:51:51','3dab04a1-5418-48b9-8d98-b796eaa5f438','42d2d7ae-7f12-429c-8106-19f2530d04fe'),('e2c96e45-9b1f-4ae3-b565-6c7563583e47','7a1618643a7a6c839fe504721f316789cc063dc6f69c4d0f6490504c71d78bfa6860155c8f4affa49b60897ef319fb031a536da01572e6e553ef81d0e9fac766','9469b73488861d5e8590fbb45d49512e301fa717d8de6c782f435b778034c230','045ceb02526c39b6f86e41413d2693fb9c759f8f3e786cb51dff661c2cce483b94e07670927229219dc55b80a2da38c5','0f6a1324eeafdcadbff56803d3af03c8','2023-06-29 03:26:02','2023-06-29 03:26:02','c950979b-4ae9-4c41-a603-c3b8cc80f299','2512b445-9b84-4697-bf60-a8ea65a4cdb2'),('e98001c9-bd46-4a5a-ba45-38a38064ff70','40b98b1287995a61961ad83b83305f3d7d4624609f763a75b29353c2068bb41cc3aeb2576ddc99610f7c8d1c8bf504d40229af21da7360a3afb788a3d0924acf1c1c5813732161e61572aae7abe59708ded51e78d318663e1708459275d7bd19a137d66ec6c4d5642ae25ceb783bd1fa','9469b73488861d5e8590fbb45d49512e301fa717d8de6c782f435b778034c230','606f8511447fea739219ca04a95f9cba','d7a8e0ab462ccf080c6f46a3c39b49ed','2023-06-27 17:23:55','2023-06-28 04:14:19','72ef5a07-ea65-4ffa-9e5d-7c13613112f5','9907f1c5-2599-403c-950a-bb3aed8cfbca'),('f28bbe03-c695-4371-adc4-92020303ec76','7a1618643a7a6c839fe504721f316789cc063dc6f69c4d0f6490504c71d78bfa6860155c8f4affa49b60897ef319fb031a536da01572e6e553ef81d0e9fac766','9469b73488861d5e8590fbb45d49512e301fa717d8de6c782f435b778034c230','86276813a957b0f549eb4aaffe6eb09f','0f6a1324eeafdcadbff56803d3af03c8','2023-06-29 03:36:58','2023-06-29 03:36:58','6efc096c-5997-4efb-b776-ad4c3c2a1854','2512b445-9b84-4697-bf60-a8ea65a4cdb2'),('f3bfaa99-9d2b-4926-a7c4-e3e3b6b2b686','40b98b1287995a61961ad83b83305f3d7d4624609f763a75b29353c2068bb41cc3aeb2576ddc99610f7c8d1c8bf504d40229af21da7360a3afb788a3d0924acf1c1c5813732161e61572aae7abe59708ded51e78d318663e1708459275d7bd19a137d66ec6c4d5642ae25ceb783bd1fa','9469b73488861d5e8590fbb45d49512e301fa717d8de6c782f435b778034c230','97dad03f239544a652b2b06fb8f9547c','d7a8e0ab462ccf080c6f46a3c39b49ed','2023-06-27 17:22:38','2023-06-28 04:14:32','f039dce5-b218-4de1-a084-7f0d6d4906b2','a19e1263-54ee-4169-8dde-8ad5c521b134'),('f9cb0f4e-fa2e-4e05-9032-d795e5748153','40b98b1287995a61961ad83b83305f3d7d4624609f763a75b29353c2068bb41cc3aeb2576ddc99610f7c8d1c8bf504d40229af21da7360a3afb788a3d0924acf1c1c5813732161e61572aae7abe59708ded51e78d318663e1708459275d7bd19a137d66ec6c4d5642ae25ceb783bd1fa','9469b73488861d5e8590fbb45d49512e301fa717d8de6c782f435b778034c230','1aad9738d81eb1af87d39fb3e8d33e12568fcf71a1ab4eedecff257272760c39','d7a8e0ab462ccf080c6f46a3c39b49ed','2023-06-27 17:16:21','2023-06-28 04:14:44','1a6648ad-7d09-4b3f-b0c6-1060a57fa0ad','587da044-0c70-4ab3-8625-779ebb558317');
/*!40000 ALTER TABLE `customer_works` ENABLE KEYS */;
UNLOCK TABLES;

--
-- Table structure for table `customers`
--

DROP TABLE IF EXISTS `customers`;
/*!40101 SET @saved_cs_client     = @@character_set_client */;
/*!50503 SET character_set_client = utf8mb4 */;
CREATE TABLE `customers` (
  `_id` varchar(255) NOT NULL,
  `name` text NOT NULL,
  `birthday` text NOT NULL,
  `avatar` text,
  `address` text NOT NULL,
  `phone` text NOT NULL,
  `email` text NOT NULL,
  `createdAt` datetime NOT NULL,
  `updatedAt` datetime NOT NULL,
  `customerTypesId` varchar(255) DEFAULT NULL,
  `note` text,
  `gender` text,
  PRIMARY KEY (`_id`),
  KEY `customerTypesId` (`customerTypesId`),
  CONSTRAINT `customers_ibfk_1` FOREIGN KEY (`customerTypesId`) REFERENCES `customer_types` (`_id`) ON DELETE CASCADE ON UPDATE CASCADE
) ENGINE=InnoDB DEFAULT CHARSET=utf8mb4 COLLATE=utf8mb4_0900_ai_ci;
/*!40101 SET character_set_client = @saved_cs_client */;

--
-- Dumping data for table `customers`
--

LOCK TABLES `customers` WRITE;
/*!40000 ALTER TABLE `customers` DISABLE KEYS */;
INSERT INTO `customers` VALUES ('07e2b17f-efc8-4fda-8785-b6221000bc24','a627f19415aabad7114ccb768650fe93','a17b7e68ca458a8e5110e795f5a05ceb','480c51f4084cb9e01768e27e1af9203851bdc1ec74790db21050dcabf5a85bc33456c746a2bad2722118e61cafba6560b5e945bc81c5786d63093c0ccb7c5dc405dd9246780aa8b21658d61d2635ca0d73712f8420e81c406f1c317e35af7c72e159241828c686f3e233017f3f6b55f4','ede70b7ae1ba52f43909dc5dcd844cb9','45dec3ad0f44b3a7dfc59aca7b047054','cf0f126b8e48b1964ad95caf470be8b8bed4ba047932c96d416974433d4409aa','2023-07-07 09:01:05','2023-07-07 09:18:11','6104b107-2b24-4849-ae7b-54cf1a9ac7a0','','d7b967ce4c1496a72312bce5b03cfafc'),('08825162-647e-4e37-82e1-8b4ed2c72184','f24506ae8b3ad85f46e67db25d030e53b11937612b782a1c59bd185f677dc7c5','4f868f42a32a26c5e70d91f21060c626','480c51f4084cb9e01768e27e1af9203851bdc1ec74790db21050dcabf5a85bc33a09827cbcef452cdd572c6258fc297503303cc84bd69381888aa9d20e52fff6e522f833d18fca3953854c0218396db9','3db7f5524f885dddda358966b4ce5ac7c0a1d0ca1981ff1c24af34b84d46e6522b2e6ac2f73d1b2d968b7a2ca092cb4c2946426b35befca22a050655a391a812e580eef2cd6dddf3e1059bc9447719a4','6b6a77c4825e02681c3e2ed3653eb377','0a5c7c056ab9ccd5582f94e310453b508baeb4a546e7cc503f9e726d4cda72f8','2023-06-29 03:34:13','2023-06-29 03:34:13','94600308-0f77-42e3-8faf-247fdfef4355',NULL,NULL),('0ccc28c8-4228-492e-8028-3d16905a6e56','e2501b2d9bbe29d323afd6b1dcd15977e370bd1f9247d8ab7b3211a89fe2b8fb','f359252ca69f7db81eda9eadc8ad5605','480c51f4084cb9e01768e27e1af9203851bdc1ec74790db21050dcabf5a85bc33a09827cbcef452cdd572c6258fc297597fe180f2a708d3f8ad4709f77b44186d595a96fe47b6645e34ef88f0bb24cb5','6b279a243413a40f7c7a595d3c2423276b56bca60f41b7e61be7267101691029945263f90557fce1a3a840eb52387bf16f71955dc088278383935fe9bcea5b8834f6ddedba38cbb8638dfbd23c798ff5','7b214611294bb9a2b43d53e2bef46bd8','54f5b836b8ca10137d85d8c56b4c53b175658ee946262d5664933853d359af2e','2023-06-29 03:24:29','2023-06-29 03:24:29','94600308-0f77-42e3-8faf-247fdfef4355',NULL,NULL),('1a6648ad-7d09-4b3f-b0c6-1060a57fa0ad','a64a81cb6d9233d81fbed4c78d0af753bc12ba0e62b741f0ca7c8d11bbb83926','c9ab420e7077f685a22ab8457185ec08','480c51f4084cb9e01768e27e1af9203851bdc1ec74790db21050dcabf5a85bc33230793bad5407edcf8dbe1b78e979392f377ddd79a3a8e98eb09f2adee12c8206e7eaea372b428ca9db9ef97d3db2dc','b4b42e8b691a66df2867dbf591da9e5a37f6515e53e0aa9f45398923b55b3b436f2a43142406a2f839638075016733a6acb8480f9dcbee67f207d6c07c5df84b584d673ab97f62def331353736bb887801472ce166c3442e4f1c382d1d9186e698e0472960ba33b51f31ba9f2beef7cba14a6fd4981b2a23558a2ba3add3129a','3faa9bfa0860efe43ef6f7f0f4b1a23e','16b4e96ab4c098c7dd152602be9226481cb5d93dd71ed08e0a92c27ea726e37f','2023-06-27 17:16:21','2023-06-28 04:14:44','6104b107-2b24-4849-ae7b-54cf1a9ac7a0',NULL,NULL),('1c465d2d-8f5f-4d0c-b6f9-3c82832ca7c9','531b6b07738cdd4286f1d3abdfe0d55ea471a83126af3d576d038fcfa5b10b94','f359252ca69f7db81eda9eadc8ad5605','480c51f4084cb9e01768e27e1af9203851bdc1ec74790db21050dcabf5a85bc33a09827cbcef452cdd572c6258fc29753d97862bb006403fea1935774ca981559255e040c67005de991d1cfce191abe3','ac4a2a0332cc38967ba2d8f851c3b0e32406b223fa5a4d5d705e2e8a9f206a474fd2d7492dd5f2727b00a88aadd287011a8ca66cbc63aef14773d1a48cabf38eaffeaed7362789bad02a5b29d92c9b3e','bbb684c7c8e142ce2b7068b4f667aba8','9c36aebbf4e3759e4c0983c1fe0322f0c24a53a0600a4952cc2be8c65c1e41d7','2023-06-29 03:21:21','2023-06-29 03:21:21','94600308-0f77-42e3-8faf-247fdfef4355',NULL,NULL),('1fcaabdc-677d-463c-836d-4014c7c057eb','4f7b98a08926a3be6a27915d8005cacf5d4bc7558cf059234beb2fe27f3bcf12','4fd80cb2e9f4f3c8b6cb0f0005907bc6','480c51f4084cb9e01768e27e1af9203851bdc1ec74790db21050dcabf5a85bc33a09827cbcef452cdd572c6258fc29752dd4b0975a630c556a4a67c368792be5549a8c66b6c9aa3b53bfbba5466d6da1','c7e1825737ecd723b79b96022e9ec720da1b5cb7a927ad309fa1093f2d8b2bfdc69100f185fb586c0dc70ba8fe77601360b88459eee8c9035decea29f3ccd34f','96954dc3e582340a09a2a3f0391c0967','db45a31a2ba009aed205bcdc892a97b0b88ee58e6a177c303373cad683af4056','2023-06-29 04:01:40','2023-06-29 04:01:40','94600308-0f77-42e3-8faf-247fdfef4355',NULL,NULL),('35cf8d42-7766-49f1-ba7f-ff1320619738','9f55cdc87c13f99837f389f77e25bd2f','75e86daf0fcc6f257993c4b808ab68f2','480c51f4084cb9e01768e27e1af9203851bdc1ec74790db21050dcabf5a85bc33a09827cbcef452cdd572c6258fc29758b1bf39fc50e21d5fe55acc668108224e2be8b41973b60067b4d81a44783f579','1abd066fbaf9ae7a917f32e0d01caf88d0aa705b3394d9023a39d7b31f8a35dc3e5a13a1fcf8f6950de8a4c89a9ddeb769b4672bdb2214250255fd4ce9f7fa51','1d788e761e215a520191a988d44ae8ad','8362fe406d09090794889f23d7c95cbc68c386fec85c348a2d29c9b8c0ceb9ae','2023-06-29 03:43:44','2023-06-29 03:43:44','94600308-0f77-42e3-8faf-247fdfef4355',NULL,NULL),('3bd013f7-ddc2-4bfc-a8db-3d914618aaac','ae49e79f91d9445660c08796884f65276e604f0ea4f32767bc611c6ab2a94408','c79b1606cf3c31660ddd8bb506d32b74','480c51f4084cb9e01768e27e1af92038cbd23c72af4640314760f6df44c35957eb96ff2b2a6cbb979e3d4a8b2981d40f26986c6ef3c85765ca05c893afe981117eb49ff36d703d4524867b42d3edb0cf','01a272184d8cfa3eeb19ba9ceadb693fd28c81054af4308f41db7ca7f087154bb086d3050f1a87c0fbd32c895cd9acd2','0f43fd32d51f00867e9c80224f6986cb','7461626fc06060d07dd3eb283007f7b2bdac1a006755aa0abc3dd1294ff13cf6','2023-07-04 04:55:43','2023-07-04 04:55:58','94600308-0f77-42e3-8faf-247fdfef4355',NULL,NULL),('3cd5ec62-6ff5-4302-8b5a-37cb847f09d2','0d4c8721136e830bd122281f22da99b48b2b7e75ffe15ca741ffd3414b430471','a33cb81307d6beccff3fbe8667da6d1c','480c51f4084cb9e01768e27e1af9203851bdc1ec74790db21050dcabf5a85bc33a09827cbcef452cdd572c6258fc29756163aef9c10ae484f9dd658c7c00e906a151f03f2e9ed162121ffc45fb057992','a42f59c6b13554293f622593c6c0cd087bb3d4bc9a1845db57447a3029b0cbafb3fe1ddf7340b31f928d8aff951db8492f9270853033e591fcd2502559306197','1f26599c918a8a09265abce777d7918f','ae20c1904fe9e1e3fccc4ecf644e9ffa','2023-06-29 03:14:08','2023-06-29 03:14:08','94600308-0f77-42e3-8faf-247fdfef4355',NULL,NULL),('3dab04a1-5418-48b9-8d98-b796eaa5f438','b19ec0d643bc4a802fe62f594d59ab443383d37b3025f8961b8ab9a7a1755d90','fca8f5883fcd2d7c34733f9ed84d95c1','480c51f4084cb9e01768e27e1af9203851bdc1ec74790db21050dcabf5a85bc33a09827cbcef452cdd572c6258fc2975f270c78827464ae58e41c36f06975164231856e81e1ec9f19b1bad0a5775f243','3328b390f3c6acf43f6377b3048a9c470995e4b6df9dae0ee3902e06a3071875','43a85bb342893040cb377be4894883db','b972eb1eb6c3f5868c6d5cf9f842fa59bdc8bdfdb57b3b3e67dd7df85ba566dd','2023-06-29 03:51:51','2023-06-29 03:51:51','6104b107-2b24-4849-ae7b-54cf1a9ac7a0',NULL,NULL),('463e2f64-d175-4a5d-a9b3-c8bf5a702c33','4c7f817300a51a91c66f27d8f5bbf292','4901a08038076a44296f0e3ee59f94a5','480c51f4084cb9e01768e27e1af9203851bdc1ec74790db21050dcabf5a85bc33230793bad5407edcf8dbe1b78e9793932148308c84dad77738251db1205cf20be86c46f63399c7c44be3db72324fc0a','b4b42e8b691a66df2867dbf591da9e5a37f6515e53e0aa9f45398923b55b3b436f2a43142406a2f839638075016733a6acb8480f9dcbee67f207d6c07c5df84b584d673ab97f62def331353736bb887801472ce166c3442e4f1c382d1d9186e698e0472960ba33b51f31ba9f2beef7cba14a6fd4981b2a23558a2ba3add3129a','e1693812b52eff26a4b52d6a7448ceed','e58547e88f80673cbcbe6af6f4a49d744ac5e8a5b07c2e4f4283a204da230a99','2023-06-27 17:19:26','2023-06-29 02:16:19','6104b107-2b24-4849-ae7b-54cf1a9ac7a0',NULL,NULL),('4e832dc0-9bbb-4ec1-bb78-bf4cc615b15d','7bcf31c02efd52a36175582ad3216a10d517915e00d0dc151c965d97a02485a0','4de3738bf123f3d5048433021f54a205','480c51f4084cb9e01768e27e1af9203851bdc1ec74790db21050dcabf5a85bc33a09827cbcef452cdd572c6258fc29755709aadcd1a6ae8ffc9a6eee8b4c632b786169fbab6f5260c4b57c5a1a32119e','dc0cce7d2b10b079c43c768b083f1da88fc693fb6c46c7def2f9d48c68e0481781d742544739144189fac59809db92ad','c7c9b1ad10ec0812a899595a4ab6992a','6aa9e07dd96952200591e0137345bff846d9036829d9b6dc07cc6c0af3519918','2023-06-29 03:58:22','2023-06-29 03:58:22','6104b107-2b24-4849-ae7b-54cf1a9ac7a0',NULL,NULL),('50a25e60-96cd-437d-a7df-9924be5536d5','b76d8b7c83f6e057c4888669c914740b3224a4ae8fdda5f13c41380ac6291e2a','7dbd94c2edc2cbe2907e4c5e8f4159e3','480c51f4084cb9e01768e27e1af9203851bdc1ec74790db21050dcabf5a85bc33230793bad5407edcf8dbe1b78e97939720fc4496393ee322812dd05de681cb181a0035dd989ecf3f271118218902d3b','b4b42e8b691a66df2867dbf591da9e5a37f6515e53e0aa9f45398923b55b3b436f2a43142406a2f839638075016733a6acb8480f9dcbee67f207d6c07c5df84b584d673ab97f62def331353736bb887801472ce166c3442e4f1c382d1d9186e698e0472960ba33b51f31ba9f2beef7cb9aea1497e9193d5d77ce0d68841f060e','2f146060d154e77a3b952d7f600c4b4e','dff76b7bdfd2bd6ff22282ab6f6cdc5b6b6306d95839bc017a57758648738c2b','2023-06-27 17:24:41','2023-06-28 04:13:36','6104b107-2b24-4849-ae7b-54cf1a9ac7a0',NULL,NULL),('57eb5b41-140f-4b89-ae49-1395d768e9ab','51560f990757a6c5ac2182d80e14686b63af5f666721dffa908843cb8bb0d390','cf07cf9f61ccc79ea80e7de5add68a1f','480c51f4084cb9e01768e27e1af9203851bdc1ec74790db21050dcabf5a85bc33456c746a2bad2722118e61cafba65603b520c1edb31f249a10e2b6f59519adbe439809b860a6a013a0baaad498c9ea9','ec57cafaee84ae3a0212503dfd2ced021df8a525eedc30bbe95727ca86a3a56e','03c8e9620e3b6d382f6b16405c63d23e','8f9e8b4b39d8c9541eab2abca684f1f85bc877642cef502ba8a627291e05a99e','2023-07-07 13:17:25','2023-07-07 13:23:35','94600308-0f77-42e3-8faf-247fdfef4355','','d7b967ce4c1496a72312bce5b03cfafc'),('5caa3dd8-5f82-40b5-88ba-5a1fe96f685c','a3c8987091faa8528ecb236c3b38ae6326b7d5708a0bc3d62444ce3f3dc87354','f665badfd6010484af6e4da1e2feb450','480c51f4084cb9e01768e27e1af9203851bdc1ec74790db21050dcabf5a85bc33a09827cbcef452cdd572c6258fc2975d242ff63af71f4888e1f38b7f4e27684e17f632e82d081cb4e5a301d3811d083','3db7f5524f885dddda358966b4ce5ac7c0a1d0ca1981ff1c24af34b84d46e6522b2e6ac2f73d1b2d968b7a2ca092cb4c2946426b35befca22a050655a391a812e580eef2cd6dddf3e1059bc9447719a4','d63e9a0bde7671adfdd988d6a1075928','de472e75707f2ae7eeca8130bdce456fce763bc099dc0b4d489e683940858079','2023-06-29 03:31:42','2023-06-29 03:31:42','94600308-0f77-42e3-8faf-247fdfef4355',NULL,NULL),('676481c7-9a6b-4d56-b2f0-001a36d01a19','eb63fe232726298afdf96b2b8bfcbeadbdb44cca27639ccacb09b0b0c8dffebb','c521bbc92196b80ff78dcee8c05145c8','480c51f4084cb9e01768e27e1af9203851bdc1ec74790db21050dcabf5a85bc33a09827cbcef452cdd572c6258fc2975862f5d886d9ea4640b87d390f1cb653c3cc223b4a8cbca885addeb67374811a2','3a39491dcfa340811ee374760a598b84ebd48c77ad42e22ff444a770d061161cadf2f13eea91ba63087ad2e27d4fe6d673040624e12785c8833bf2c1dfab1d678e690f9f72ec4eeb70cc636bf403665b','511d9c49362b63aea42f07c26f57577f','af90b77296381d13a0cb449d9e5eefd69cf3787bad9253186edfd312033bdf5f','2023-06-29 03:35:29','2023-06-29 03:35:29','94600308-0f77-42e3-8faf-247fdfef4355',NULL,NULL),('6efc096c-5997-4efb-b776-ad4c3c2a1854','55c7a9e3e19b4cf1cad398a68457ec9b86bb9953284d39e97ccbb80e26385a77','c521bbc92196b80ff78dcee8c05145c8','480c51f4084cb9e01768e27e1af9203851bdc1ec74790db21050dcabf5a85bc33a09827cbcef452cdd572c6258fc29750577b0d1fca71aba0a5ae4d65a4ff3eab0a8a789feb250ac5c1995be9f81d0b2','3db7f5524f885dddda358966b4ce5ac7c0a1d0ca1981ff1c24af34b84d46e6522b2e6ac2f73d1b2d968b7a2ca092cb4c2946426b35befca22a050655a391a812e580eef2cd6dddf3e1059bc9447719a4','fdeb88256a516baf26b77572fa4f8027','af90b77296381d13a0cb449d9e5eefd69cf3787bad9253186edfd312033bdf5f','2023-06-29 03:36:58','2023-06-29 03:36:58','94600308-0f77-42e3-8faf-247fdfef4355',NULL,NULL),('72ef5a07-ea65-4ffa-9e5d-7c13613112f5','b530d46f9b34d6c19daa0b628520de1b','7dbd94c2edc2cbe2907e4c5e8f4159e3','480c51f4084cb9e01768e27e1af9203851bdc1ec74790db21050dcabf5a85bc33230793bad5407edcf8dbe1b78e979392d1b29a2171767da9bdc69aec3b9510fa14aec740ba0f46661cf53e8ec6e7451','b4b42e8b691a66df2867dbf591da9e5a37f6515e53e0aa9f45398923b55b3b436f2a43142406a2f839638075016733a6acb8480f9dcbee67f207d6c07c5df84b584d673ab97f62def331353736bb887801472ce166c3442e4f1c382d1d9186e698e0472960ba33b51f31ba9f2beef7cb9aea1497e9193d5d77ce0d68841f060e','3aa3f8627682a1a0fec76cae0a9216d5','1456aa0d82046c5391f326e2172142f325e2d48d56d9fe1bbff1856276e2f429','2023-06-27 17:23:55','2023-06-28 04:14:19','6104b107-2b24-4849-ae7b-54cf1a9ac7a0',NULL,NULL),('8ed1fa4b-8313-4373-8ce3-5ac9cb1c7cdd','9fab4fd090ba2a14860768164837aa7a38dc59a513fb119e0077e623c4dad1c6','fca8f5883fcd2d7c34733f9ed84d95c1','480c51f4084cb9e01768e27e1af9203851bdc1ec74790db21050dcabf5a85bc33a09827cbcef452cdd572c6258fc2975e70ac69f58409f9647c99526d1dc51bff0b7b48448abf9ed5ef1fd0fc8ae450a','cf2565db5a8493e41c6d7ea0fa34e921ef734b4062c5ff800b1acc183c59f6ae','49c008880fccd4afd49cc1c7beb21de2','838ef82d8358f1e16fc0d13d0005d4569bdb0463e260d40999b56da822542e5a','2023-06-29 03:54:54','2023-06-29 03:54:54','6104b107-2b24-4849-ae7b-54cf1a9ac7a0',NULL,NULL),('949d90a7-5434-4141-9dcb-8fe6f203c81e','8a484a0468ff3ed20a180b99ca757d24c835113ece819381c952424d6944351c','47b77ae21d70e5f41f7050a4bbd5201e','480c51f4084cb9e01768e27e1af9203851bdc1ec74790db21050dcabf5a85bc33a09827cbcef452cdd572c6258fc2975145ee602da7f421347e8d55f985e751d26c1fd1d5cfa1fb80df531d392a7a0a5','c0b6bb637dd6af1fd800f6a2183ba3e8345d07d7dd1e47cadddb175616219f0ca991894cad67f05d18a8ca55fa2d27b009e69584206c73ca37fafd2db0223f20','739f161003a16daba1cab6589ef08313','1c3c5674ff8191d1bb609eb092440e38601db8ecec8deb66c7f0eb8b8961c09b','2023-06-29 03:42:29','2023-06-29 03:42:29','94600308-0f77-42e3-8faf-247fdfef4355',NULL,NULL),('98764398-349c-4898-a501-ff985f6940e0','aeeae00a6f7cedbb5cda90ee56934c21','eac43ac9d3330f052fd5cf199f794a7c','480c51f4084cb9e01768e27e1af9203851bdc1ec74790db21050dcabf5a85bc33a09827cbcef452cdd572c6258fc2975b22c1970a053888398d1d7f22f26579d5cd81c656f0ba5a2f14f59fc034cc1ac','4d77cd76b3f96de071c304483a37d15601f139df3b1d0194124bd88118456d743cf1b5635da7b2c69dbc4e122d20fcd8f2d794a78b0a347c0eefe93111371359c1417ad289283bb5ec76603877c92013','7ac9bcfc1210dc1f9bc678f97f2d2283','2053d97f9d1120407b254188c5c55256f67fe0070710912cfcf47d39c50d9a01','2023-06-29 03:20:02','2023-06-29 03:20:02','94600308-0f77-42e3-8faf-247fdfef4355',NULL,NULL),('9e614ab1-accb-4988-8e55-f22e5930293e','bf1a3f7e43b9b549e6b43985807a9fec0e44b62c246b8149961335a1ed2fff06','7226141a9821ddc41410e9d702d1f0bc','480c51f4084cb9e01768e27e1af9203851bdc1ec74790db21050dcabf5a85bc33a09827cbcef452cdd572c6258fc2975c617d52cc57d146a3c9b3958f086d74c01f062e88c47165b6c09ad463482c354','176b789741a2a91782d735d0867d6e1d162577c9704c8269363317c8b487b049655f46cae5c873c16fa5102af00f7b4ba45aab34d3ae7c6ce5d9fd7e2f643cdc','8532a21174cb8400ee0201cdb50de216','3f7320b8986a4e9e6e9870d3458c6a0b0d88844a800023510dc5a7b66b8129cb','2023-06-29 03:47:12','2023-06-29 03:47:12','6104b107-2b24-4849-ae7b-54cf1a9ac7a0',NULL,NULL),('a00ccee1-6494-49a8-a8db-42c2e4963c1c','d056e93a7f108cfac6daefb8a92393fd18c6e0f95f53b41d2a37aac217428d15','cd6d96d0059c3f42669d388f235bc91d','480c51f4084cb9e01768e27e1af9203851bdc1ec74790db21050dcabf5a85bc33a09827cbcef452cdd572c6258fc29752628343ee279a8289d943ffea5b068f4e6a1acf9fce0bbe5d7d35d4b8a49c1b9','75c23b0bd8af13c2d870f6ddf5a49861edca570130f20ea65f8d39af2247caa2d8c1d95e556997c7e42536a64afa499dd252b016ff470193dcb872f0dd882101c4e43543f42d6345606a84e4b39fe5ca','d63e9a0bde7671adfdd988d6a1075928','877a5c1c7daa2dbf5391ebafbb104c5b70a6fa32370223a573e55ca2dba2660c','2023-06-29 03:29:18','2023-06-29 03:29:18','94600308-0f77-42e3-8faf-247fdfef4355',NULL,NULL),('bee4cdce-8889-478c-8054-587036659aeb','5883ffe6c88576bb2d9fd31d71eea7e79dcbefddc5a2c59315816152a19e04f1','551a9998b0ce306aacf81fb759f5d84b','480c51f4084cb9e01768e27e1af9203851bdc1ec74790db21050dcabf5a85bc33a09827cbcef452cdd572c6258fc297551a9eccbf8154646431fb0fe3860557f1a2c598aa5ab79611609cdb59c152cdd','19d4e113b232855b8c26368ee853aa60882098e01c649146c49403611b97be96cf2e79204c18233f379505035221f072','d1dae4b8a76eb6192a2365698bb5c36b','a80ba86efdf1b07030ad329e35b6b2e74543ce5824101fbf5004e4644b95704b','2023-06-29 03:59:17','2023-07-07 07:22:03','6104b107-2b24-4849-ae7b-54cf1a9ac7a0',NULL,NULL),('c950979b-4ae9-4c41-a603-c3b8cc80f299','262aa9c1904e1e970e25ea126d1aeadb7f044dafd3b7a34011694aeb0259551b','cd6d96d0059c3f42669d388f235bc91d','480c51f4084cb9e01768e27e1af9203851bdc1ec74790db21050dcabf5a85bc33a09827cbcef452cdd572c6258fc29750bbb2982d128ca2e34d096e387a28dc6f7acf16b0b60e06e97de98af28db8829','a40c4e60cb862f598721614b7107c080b7a1c268d10dba0872323714a24b601ab01b6039291842e8a283401fd9775b7ceb984ec48549811693f6fd42a4dda8fb71fbb1f7ba54741ba13b60b5b2ad1d05','49c008880fccd4afd49cc1c7beb21de2','adf07b0a6dc2e5ee552e66e057cad02478a809a8f75d19349fe8756abf47e47b','2023-06-29 03:26:02','2023-06-29 03:26:02','94600308-0f77-42e3-8faf-247fdfef4355',NULL,NULL),('cbb6ec3c-a5da-4aae-90bb-71a5211abdff','09cecba471e6fe50e41c77f18b9715e4','f91517726a8a8a58098026a88d688cb1','480c51f4084cb9e01768e27e1af9203851bdc1ec74790db21050dcabf5a85bc33230793bad5407edcf8dbe1b78e979396d815f78eb8e837b13b896e2241055ed1fcc46cb941c04fd1ebed0cb535d4980','b4b42e8b691a66df2867dbf591da9e5a37f6515e53e0aa9f45398923b55b3b436f2a43142406a2f839638075016733a6acb8480f9dcbee67f207d6c07c5df84b584d673ab97f62def331353736bb887801472ce166c3442e4f1c382d1d9186e698e0472960ba33b51f31ba9f2beef7cba14a6fd4981b2a23558a2ba3add3129a','447ed122dcabb91607e34a683069e55f','502a9d03ba4bad28d0da4c0e187324bae48e53d0f84262d9b0c58fd92afff3b3','2023-06-27 17:18:00','2023-06-28 04:14:08','6104b107-2b24-4849-ae7b-54cf1a9ac7a0',NULL,NULL),('d44f0cc2-8620-4169-9539-7ca1739729f7','6e4b48e1dd2e6bee57970b594ea591f1','0e0e8296d166cb17188638cf54a8c2b1','480c51f4084cb9e01768e27e1af9203851bdc1ec74790db21050dcabf5a85bc33230793bad5407edcf8dbe1b78e979396c7979236ae8e42b64616c5c23d948a928883eddd5c6eb6437df1e8987db4b3e','b4b42e8b691a66df2867dbf591da9e5a37f6515e53e0aa9f45398923b55b3b436f2a43142406a2f839638075016733a6acb8480f9dcbee67f207d6c07c5df84b584d673ab97f62def331353736bb887801472ce166c3442e4f1c382d1d9186e698e0472960ba33b51f31ba9f2beef7cb9aea1497e9193d5d77ce0d68841f060e','bee362c1c340d9dae28f05d5d1bddab5','aeae1d62364b1152f08913ebb38b12a1a39f8fbbe96954303729c00962bb368a','2023-06-27 17:21:11','2023-06-28 04:13:51','6104b107-2b24-4849-ae7b-54cf1a9ac7a0',NULL,NULL),('da74b0a7-831b-45db-b028-42c92ad9039c','81c994f98700ff18334eed7da4cbdc56','fca8f5883fcd2d7c34733f9ed84d95c1','480c51f4084cb9e01768e27e1af9203851bdc1ec74790db21050dcabf5a85bc33a09827cbcef452cdd572c6258fc2975fc872d22eb280def8ac906d42bbede53a9705dcd0db9e2ca5d186f6ec19861bd','3328b390f3c6acf43f6377b3048a9c470995e4b6df9dae0ee3902e06a3071875','49c008880fccd4afd49cc1c7beb21de2','d522f582e43a3fadbb86ff7881f3a71b48af18d45d12f7c14cd667fac4af3143','2023-06-29 03:53:45','2023-06-29 03:53:45','6104b107-2b24-4849-ae7b-54cf1a9ac7a0',NULL,NULL),('edbb2c7c-5365-463d-9e2a-ff523fe084fe','359f932aeb06941987aecf4d991b7ea82f8e1ea679d646db861da620cf8f3619','a33cb81307d6beccff3fbe8667da6d1c','480c51f4084cb9e01768e27e1af9203851bdc1ec74790db21050dcabf5a85bc33a09827cbcef452cdd572c6258fc29755d65d04307cc6c11cfb567725a18ea85d9f001dfe3bb4eeca56b617c7d3752e2','01cb9fbc43f2abb19faa920ab96059ad0068fddd0eb677c551ba928ddd221987455421a9b9de23574555c561d7caf1dd23afb4f84e8b10f1177d08d895a27d6d50398dd7511d8b0a7322e2f7478495684f1db4defce267a7435b93df716ffb67c0ddc04c09b4c902a768458bf0948a258378cbc866466d091705fc760a62efbb','9cfa62f8a83d102709578c14153260bc','c91599d842213cd32fb3a8cb0c984b0bb0b0acce2f324e23435d9ac1fb1a460f','2023-06-29 03:17:35','2023-06-29 03:17:35','94600308-0f77-42e3-8faf-247fdfef4355',NULL,NULL),('f039dce5-b218-4de1-a084-7f0d6d4906b2','33a412842a4deb0d31ecadbd34b74655','c582da0dd8c158f6f4b796dcf8aa0202','480c51f4084cb9e01768e27e1af9203851bdc1ec74790db21050dcabf5a85bc33230793bad5407edcf8dbe1b78e97939e1a8c987832201e5259ca0c1cbbc8c1fd1d7a08cded4a6f9c8717ae681387a0b','b4b42e8b691a66df2867dbf591da9e5a37f6515e53e0aa9f45398923b55b3b436f2a43142406a2f839638075016733a6acb8480f9dcbee67f207d6c07c5df84b584d673ab97f62def331353736bb887801472ce166c3442e4f1c382d1d9186e698e0472960ba33b51f31ba9f2beef7cb9aea1497e9193d5d77ce0d68841f060e','2480b6a15b5040176554105d8f52fc96','4192cc4434e6177978373a2683814cfcbcc70043ab21c0508a51946bcdfdd248','2023-06-27 17:22:38','2023-06-28 04:14:32','6104b107-2b24-4849-ae7b-54cf1a9ac7a0',NULL,NULL),('f9624229-3685-40e6-b9d5-bf9e8db5c373','51cac07abbba3a4f87c43248ce0a4d7a','2dbfc912f8fe2a9526d0409f69808b59','480c51f4084cb9e01768e27e1af9203851bdc1ec74790db21050dcabf5a85bc33a09827cbcef452cdd572c6258fc297585af7d4d618b838e5986e54b7e0ea59e5cf7f424c1a7c2a1a2ae99db562fc4fe','78f1f20f85cac93fd27343ee15f8ddaa56cafd152dc39b4b690d082323129567ba3a65e8579156d613638656d30619eb96d47116872661cd1a9230163efad334ac66f6de746462063dba27e746140772','18e9162d1847ecde8a2027de72c3d77b','9384729a97aae16240f275a21609710b','2023-06-29 03:15:28','2023-07-07 14:28:47','94600308-0f77-42e3-8faf-247fdfef4355','','4e7e52f801fef7c878a5e43b987774c4'),('fc5a70c2-b4e3-4ea8-a9a8-308a97e60bbb','433e983b4948d6f94218d37e8d8eb6034d5021d5045be30865734a6e73e2bb5d','7226141a9821ddc41410e9d702d1f0bc','480c51f4084cb9e01768e27e1af9203851bdc1ec74790db21050dcabf5a85bc33a09827cbcef452cdd572c6258fc29755906ff77f404c9eb4384bbcbf58c27ac1e5b847411d6cf3b39dbdc768800bf12','df7efe92c7c9d502589398a351b2f64587655652727ac670e17728fb1e9137d77abf75d32d01a4594bba234aa94de7e54489e1252b5bfa4f1d587f263032242ff33e0a5d12556d3b9ba7c24aff4f8dfb','91636c474364d1f1e7555b2b5b17aede','b3f6abd6386d0693a7eecc47b731ff11d1602770d75c3ac96cc4dc7a6be21896','2023-06-29 03:45:48','2023-06-29 03:45:48','6104b107-2b24-4849-ae7b-54cf1a9ac7a0',NULL,NULL),('ffc71a53-3e13-4c41-aeaa-af44408a13b7','2083a9a0e3b64de8ee2cfa9bfffb7663e0cc67455075d70292c636b10d70cc44','2dbfc912f8fe2a9526d0409f69808b59','480c51f4084cb9e01768e27e1af9203851bdc1ec74790db21050dcabf5a85bc3d3534b485a6d47ef678a0435f9ba2e3372e67680c1941accc7df86b9714f2e6fb13be447eb15c97e2775b7c480aaf9d8','0106e19c17529473b542bbcdc27182cf','c338a7fe6502987a7dee0cad11cc80e1','34ddd7c0492d724aecc497c4f01deeeed6de567e0fb40ad17aadae9695c840b9','2023-07-05 15:04:21','2023-07-07 07:22:14','94600308-0f77-42e3-8faf-247fdfef4355',NULL,NULL);
/*!40000 ALTER TABLE `customers` ENABLE KEYS */;
UNLOCK TABLES;

--
-- Table structure for table `cycles`
--

DROP TABLE IF EXISTS `cycles`;
/*!40101 SET @saved_cs_client     = @@character_set_client */;
/*!50503 SET character_set_client = utf8mb4 */;
CREATE TABLE `cycles` (
  `_id` varchar(255) NOT NULL,
  `name` text NOT NULL,
  `createdAt` datetime NOT NULL,
  `updatedAt` datetime NOT NULL,
  PRIMARY KEY (`_id`)
) ENGINE=InnoDB DEFAULT CHARSET=utf8mb4 COLLATE=utf8mb4_0900_ai_ci;
/*!40101 SET character_set_client = @saved_cs_client */;

--
-- Dumping data for table `cycles`
--

LOCK TABLES `cycles` WRITE;
/*!40000 ALTER TABLE `cycles` DISABLE KEYS */;
INSERT INTO `cycles` VALUES ('20f9d76e-361c-4ca4-aba4-765acb705f5d','6d41ac86d583cb2d6347fad875221b55','2023-06-25 08:49:44','2023-06-25 08:49:44'),('3e0d3f99-9429-4843-a683-b8dfe68bee5f','29240964b9675de7c6c75fd72eaf2478','2023-06-27 17:44:57','2023-06-27 17:44:57'),('8a3b6559-1d3a-4c09-9020-53f6cd81719c','585ea05fb1069d34f55527bd7b406b68','2023-06-24 17:36:18','2023-06-24 17:36:18'),('a984f1c2-2b53-4e4b-8357-ce3b6a3a3773','962f2c48426c498983fc52bfd5b1cbab','2023-06-24 17:54:43','2023-06-24 17:54:43'),('bb232e26-3d46-4587-a8cc-3bd30a5de68e','4d1edae0f070e7aa7dd9787eaa85464d','2023-06-27 17:35:38','2023-06-27 17:35:38'),('c177e925-b31d-416b-9cb6-b41049211bf3','a25ecf054fa8f91db9b6f2c29b8d0d12','2023-06-26 13:43:22','2023-06-26 13:43:22');
/*!40000 ALTER TABLE `cycles` ENABLE KEYS */;
UNLOCK TABLES;

--
-- Table structure for table `departments`
--

DROP TABLE IF EXISTS `departments`;
/*!40101 SET @saved_cs_client     = @@character_set_client */;
/*!50503 SET character_set_client = utf8mb4 */;
CREATE TABLE `departments` (
  `_id` varchar(255) NOT NULL,
  `name` text NOT NULL,
  `createdAt` datetime NOT NULL,
  `updatedAt` datetime NOT NULL,
  `centerVNPTHGId` varchar(255) DEFAULT NULL,
  PRIMARY KEY (`_id`),
  KEY `centerVNPTHGId` (`centerVNPTHGId`),
  CONSTRAINT `departments_ibfk_1` FOREIGN KEY (`centerVNPTHGId`) REFERENCES `center_vnpthgs` (`_id`) ON DELETE CASCADE ON UPDATE CASCADE
) ENGINE=InnoDB DEFAULT CHARSET=utf8mb4 COLLATE=utf8mb4_0900_ai_ci;
/*!40101 SET character_set_client = @saved_cs_client */;

--
-- Dumping data for table `departments`
--

LOCK TABLES `departments` WRITE;
/*!40000 ALTER TABLE `departments` DISABLE KEYS */;
INSERT INTO `departments` VALUES ('09ab2c1a-a06f-4c06-88e7-be8297a5d606','130eeafa060cc8f7eced2d04675b2fcfba9b1d0824a8c9a66995ef83e3f2c39d','2023-06-27 16:40:29','2023-06-27 16:40:29','d1cdbc8d-2f1b-428c-91b1-0b74be3176a5'),('0ff63119-bd3b-49b1-a712-51d0543861a8','1e2d81593a2d62e115a5f5ca799045cf2807eaf298def411f3085c5e1b50bd8e','2023-06-27 16:40:14','2023-06-27 16:40:14','d1cdbc8d-2f1b-428c-91b1-0b74be3176a5'),('29e3f544-2a22-4d64-87ba-8ef6bd32a56c','60ff78e2a004b2accec0165e04b8e671e7f04fdb0b2ed42080a8b4e2a6dc72212c4b583e4a6ab010d74e4ff2fe5098c0','2023-06-29 02:45:41','2023-06-29 02:45:41','25a41f89-7716-49a7-9f92-d3819effc37f'),('3d07f062-fd91-48f6-8e6d-2cbbed9da023','ea483b4f2bbd9cf827716726c743baafeaa8309cf64d987ba4fade8df50774cf814f773f67240765cc9ad848d705905d','2023-06-27 16:42:01','2023-06-27 16:42:01','d1cdbc8d-2f1b-428c-91b1-0b74be3176a5'),('67c67168-ff0e-4130-9de2-b14614362b24','2743e3054ea60557fdb1937bea380ded3bcdaec038e20bd7c25c6a4d36294bc8','2023-06-29 03:05:02','2023-06-29 03:05:02','25a41f89-7716-49a7-9f92-d3819effc37f'),('71a86047-517e-4871-86df-b5fb8574b8e4','60ff78e2a004b2accec0165e04b8e671e7f04fdb0b2ed42080a8b4e2a6dc72213ebe31288e39abb97afb0f7ad5b0bfc0','2023-06-29 02:48:08','2023-06-29 02:48:08','db2050fb-9ca9-42cc-af53-def9f005602d'),('7639309e-712d-4bd0-ab05-87f71af86eb5','2743e3054ea60557fdb1937bea380ded3bcdaec038e20bd7c25c6a4d36294bc8','2023-06-27 16:52:44','2023-06-27 16:52:44','d1cdbc8d-2f1b-428c-91b1-0b74be3176a5'),('80e7c84d-be10-44d2-8a25-dbdfa1161a23','130eeafa060cc8f7eced2d04675b2fcfba9b1d0824a8c9a66995ef83e3f2c39d','2023-06-29 02:38:39','2023-06-29 02:38:39','25a41f89-7716-49a7-9f92-d3819effc37f'),('c6e5b9a6-8dc6-4599-b9d5-d983f99b4a05','130eeafa060cc8f7eced2d04675b2fcfba9b1d0824a8c9a66995ef83e3f2c39d','2023-06-29 02:35:07','2023-06-29 02:35:07','db2050fb-9ca9-42cc-af53-def9f005602d'),('d7b3e902-28d7-47b7-9568-4f632b7baa84','60ff78e2a004b2accec0165e04b8e671e7f04fdb0b2ed42080a8b4e2a6dc72212c4b583e4a6ab010d74e4ff2fe5098c0','2023-06-27 16:41:37','2023-06-27 16:41:37','d1cdbc8d-2f1b-428c-91b1-0b74be3176a5'),('e586e5a9-a4ff-4bbc-8f89-8eae50ae934f','bfbc0f6de379d7fe6502d2a4505574ac50320d05042ecfaacad9fcf34c031832','2023-06-27 16:40:42','2023-06-27 16:40:42','d1cdbc8d-2f1b-428c-91b1-0b74be3176a5'),('e7ce72d6-4e4c-4348-b4db-53a69fb0f02e','2743e3054ea60557fdb1937bea380ded3bcdaec038e20bd7c25c6a4d36294bc8','2023-06-29 02:52:11','2023-06-29 02:52:11','db2050fb-9ca9-42cc-af53-def9f005602d');
/*!40000 ALTER TABLE `departments` ENABLE KEYS */;
UNLOCK TABLES;

--
-- Table structure for table `employee_tasks`
--

DROP TABLE IF EXISTS `employee_tasks`;
/*!40101 SET @saved_cs_client     = @@character_set_client */;
/*!50503 SET character_set_client = utf8mb4 */;
CREATE TABLE `employee_tasks` (
  `createdAt` datetime NOT NULL,
  `updatedAt` datetime NOT NULL,
  `EmployeeId` varchar(255) NOT NULL,
  `TaskId` varchar(255) NOT NULL,
  PRIMARY KEY (`EmployeeId`,`TaskId`),
  KEY `TaskId` (`TaskId`),
  CONSTRAINT `employee_tasks_ibfk_1` FOREIGN KEY (`EmployeeId`) REFERENCES `employees` (`_id`) ON DELETE CASCADE ON UPDATE CASCADE,
  CONSTRAINT `employee_tasks_ibfk_2` FOREIGN KEY (`TaskId`) REFERENCES `tasks` (`_id`) ON DELETE CASCADE ON UPDATE CASCADE
) ENGINE=InnoDB DEFAULT CHARSET=utf8mb4 COLLATE=utf8mb4_0900_ai_ci;
/*!40101 SET character_set_client = @saved_cs_client */;

--
-- Dumping data for table `employee_tasks`
--

LOCK TABLES `employee_tasks` WRITE;
/*!40000 ALTER TABLE `employee_tasks` DISABLE KEYS */;
INSERT INTO `employee_tasks` VALUES ('2023-06-27 17:52:09','2023-06-27 17:52:09','03025c06-3465-427f-8272-146ed02c4245','101edccc-0fce-4f0d-9965-2ee6730eb6d8'),('2023-06-27 18:22:57','2023-06-27 18:22:57','03025c06-3465-427f-8272-146ed02c4245','2bb07d27-5736-49af-97f4-a9242f7d4411'),('2023-06-29 06:03:01','2023-06-29 06:03:01','03025c06-3465-427f-8272-146ed02c4245','41c0c870-36a7-4051-be23-fa8efdb9191f'),('2023-06-27 17:52:45','2023-06-27 17:52:45','03025c06-3465-427f-8272-146ed02c4245','572964dc-1962-4d7b-ae3f-f030949d03ec'),('2023-06-27 18:04:03','2023-06-27 18:04:03','03025c06-3465-427f-8272-146ed02c4245','5dad8aa8-0637-4ac6-8b47-417270443de6'),('2023-06-27 18:00:54','2023-06-27 18:00:54','03025c06-3465-427f-8272-146ed02c4245','782856da-fb03-4a62-b447-6f79001cc441'),('2023-07-05 08:22:28','2023-07-05 08:22:28','427f6060-3581-4524-be1b-9dc5b25c6508','1977e44f-c321-407d-a679-ab6a34e4690e'),('2023-06-29 06:03:01','2023-06-29 06:03:01','427f6060-3581-4524-be1b-9dc5b25c6508','41c0c870-36a7-4051-be23-fa8efdb9191f'),('2023-07-05 08:24:04','2023-07-05 08:24:04','427f6060-3581-4524-be1b-9dc5b25c6508','e9f09313-6e33-4a92-b345-863daad85541'),('2023-07-05 08:22:28','2023-07-05 08:22:28','77fd59a1-fc41-42d5-a0ae-e738483e8006','1977e44f-c321-407d-a679-ab6a34e4690e'),('2023-06-29 06:03:01','2023-06-29 06:03:01','77fd59a1-fc41-42d5-a0ae-e738483e8006','41c0c870-36a7-4051-be23-fa8efdb9191f'),('2023-07-05 08:24:04','2023-07-05 08:24:04','77fd59a1-fc41-42d5-a0ae-e738483e8006','e9f09313-6e33-4a92-b345-863daad85541'),('2023-06-27 18:04:03','2023-06-27 18:04:03','9076779b-ac29-4069-ac78-b963fd468e09','5dad8aa8-0637-4ac6-8b47-417270443de6'),('2023-06-27 17:52:29','2023-06-27 17:52:29','9a326b6a-c217-4924-8716-a01c0ac62482','2bb07d27-5736-49af-97f4-a9242f7d4411'),('2023-06-27 18:04:03','2023-06-27 18:04:03','9a326b6a-c217-4924-8716-a01c0ac62482','5dad8aa8-0637-4ac6-8b47-417270443de6'),('2023-06-27 17:52:15','2023-06-27 17:52:15','a808b230-db86-4d18-9343-e59e37f9e38c','101edccc-0fce-4f0d-9965-2ee6730eb6d8'),('2023-06-27 17:52:29','2023-06-27 17:52:29','a808b230-db86-4d18-9343-e59e37f9e38c','2bb07d27-5736-49af-97f4-a9242f7d4411'),('2023-06-27 18:04:03','2023-06-27 18:04:03','a808b230-db86-4d18-9343-e59e37f9e38c','5dad8aa8-0637-4ac6-8b47-417270443de6'),('2023-06-27 18:00:54','2023-06-27 18:00:54','a808b230-db86-4d18-9343-e59e37f9e38c','782856da-fb03-4a62-b447-6f79001cc441'),('2023-07-05 08:23:13','2023-07-05 08:23:13','aa9939db-ee1e-42c8-9071-5b047ccdb720','9e064851-c04a-4264-9b10-7fdaf4349f88'),('2023-07-07 14:11:35','2023-07-07 14:11:35','abc7a7ce-3957-43ec-9d6e-0c3872f01658','13a1ac35-5ee4-439a-bfab-3636a299d661'),('2023-07-05 08:23:13','2023-07-05 08:23:13','abc7a7ce-3957-43ec-9d6e-0c3872f01658','9e064851-c04a-4264-9b10-7fdaf4349f88'),('2023-07-07 14:12:45','2023-07-07 14:12:45','abc7a7ce-3957-43ec-9d6e-0c3872f01658','f2a5eb66-a392-41ef-8da6-168c3ccfbf9a'),('2023-07-07 14:11:46','2023-07-07 14:11:46','b16ca265-d376-46cf-8c04-78805a412002','13a1ac35-5ee4-439a-bfab-3636a299d661'),('2023-06-29 07:10:47','2023-06-29 07:10:47','b16ca265-d376-46cf-8c04-78805a412002','2bb07d27-5736-49af-97f4-a9242f7d4411'),('2023-07-04 04:07:24','2023-07-04 04:07:24','b16ca265-d376-46cf-8c04-78805a412002','32903bc6-ac5e-4a8c-9436-b9723a58c04f'),('2023-07-04 04:07:53','2023-07-04 04:07:53','b16ca265-d376-46cf-8c04-78805a412002','696edb0e-f18a-4a15-9333-e83d5d57ea06'),('2023-07-07 14:29:51','2023-07-07 14:29:51','b16ca265-d376-46cf-8c04-78805a412002','d6461f69-8ca4-46e5-b51d-4647637b9552'),('2023-07-07 07:23:18','2023-07-07 07:23:18','b16ca265-d376-46cf-8c04-78805a412002','ec6777be-cd02-4c3f-acb0-6afe4102b3bd'),('2023-07-07 07:23:25','2023-07-07 07:23:25','b16ca265-d376-46cf-8c04-78805a412002','f2525c31-acee-4c3c-a9a3-bf3d08ecde4b'),('2023-07-07 14:12:45','2023-07-07 14:12:45','b16ca265-d376-46cf-8c04-78805a412002','f2a5eb66-a392-41ef-8da6-168c3ccfbf9a'),('2023-07-06 05:26:41','2023-07-06 05:26:41','c0546d8f-b82c-4c53-b4ad-a950c4cacc85','09e0e7f4-6fc7-4f90-a064-55f7154b31de'),('2023-07-06 05:01:40','2023-07-06 05:01:40','c0546d8f-b82c-4c53-b4ad-a950c4cacc85','2d304f79-0a60-4893-a834-f29b75b7f209'),('2023-06-27 18:04:03','2023-06-27 18:04:03','c0546d8f-b82c-4c53-b4ad-a950c4cacc85','5dad8aa8-0637-4ac6-8b47-417270443de6'),('2023-06-27 18:04:03','2023-06-27 18:04:03','c8a3a767-970e-4ab8-a51b-8ef41b53b749','5dad8aa8-0637-4ac6-8b47-417270443de6');
/*!40000 ALTER TABLE `employee_tasks` ENABLE KEYS */;
UNLOCK TABLES;

--
-- Table structure for table `employees`
--

DROP TABLE IF EXISTS `employees`;
/*!40101 SET @saved_cs_client     = @@character_set_client */;
/*!50503 SET character_set_client = utf8mb4 */;
CREATE TABLE `employees` (
  `_id` varchar(255) NOT NULL,
  `name` text NOT NULL,
  `birthday` text NOT NULL,
  `address` text NOT NULL,
  `phone` text NOT NULL,
  `email` text NOT NULL,
  `createdAt` datetime NOT NULL,
  `updatedAt` datetime NOT NULL,
  `postionId` varchar(255) DEFAULT NULL,
  `unitId` varchar(255) DEFAULT NULL,
  PRIMARY KEY (`_id`),
  KEY `postionId` (`postionId`),
  KEY `unitId` (`unitId`),
  CONSTRAINT `employees_ibfk_1` FOREIGN KEY (`postionId`) REFERENCES `positions` (`_id`) ON DELETE CASCADE ON UPDATE CASCADE,
  CONSTRAINT `employees_ibfk_2` FOREIGN KEY (`unitId`) REFERENCES `units` (`_id`) ON DELETE CASCADE ON UPDATE CASCADE
) ENGINE=InnoDB DEFAULT CHARSET=utf8mb4 COLLATE=utf8mb4_0900_ai_ci;
/*!40101 SET character_set_client = @saved_cs_client */;

--
-- Dumping data for table `employees`
--

LOCK TABLES `employees` WRITE;
/*!40000 ALTER TABLE `employees` DISABLE KEYS */;
INSERT INTO `employees` VALUES ('03025c06-3465-427f-8272-146ed02c4245','f3c9019eb37cf8991fc241b04794567f6d58002d321582bf401740803e3cda97','0a43560c27eb0d34949ecff2c3035c9f','42a015d3df27e7b167715f7d49d7e6341296c997021935ee4446beaa07133410692e6d2b9824e3f34d174e0541385b7c02bc21c1788f90a8c733bafcc77a5147182089fd4979bf0552e58073f23e9fb15814ffabb52feb32839ac3b7b1b7fea41c14c3c8b0c43474cd25edeb73747b4ca015e20d84fabc17093987f81380e9db','629de892e3ade1fa686a08ccf48750e8','f4fe19bc4996381d99c46dab1f94f96b26b12f3c470776c8864191d35058f714','2023-06-27 16:53:30','2023-06-27 16:53:30','bb08f427-2ff6-498f-b55f-e4c11fab43eb','b0a18b3e-7183-4a71-8c8a-05e58aaa36e8'),('1d0b1d3d-d860-4ad4-8276-437333f5a195','e15e24a0514ad06236c5761518af9f85b1673fd4a558b6f465d571f32a4de3fd','4162697a952306ea314e3413d970d523','ac68790b107a7ab19956b61bd9e583b9','1837ed332e2778a84712d0fbb561ae87','8f9e8b4b39d8c9541eab2abca684f1f85bc877642cef502ba8a627291e05a99e','2023-07-08 08:44:14','2023-07-08 08:44:14','0988c491-3cc3-45bc-8f66-16e05d4def9b','b0a18b3e-7183-4a71-8c8a-05e58aaa36e8'),('427f6060-3581-4524-be1b-9dc5b25c6508','8ab14a2fac353b06776f6e7104434bf9','653f41cc60b8a82f61044258706ff3c5','889400c2bb7bcb69b73bab9cdc93ba44c66f6beed55e8595e7315e8278d5be3fbf954541c7cd4d012a6e541c8e9d66b1d11d42bc0d685660a1a233a1813b1e8316111afb92d9673fa588970bd62e8074','bdc890991efe100ef143e250028f1d1d','92699ab892101088fb9e4f783603502f5d8bd1c5e1def8da40116a0f095ece20','2023-06-29 02:48:35','2023-06-29 02:48:35','e33c7f50-a27d-4719-955d-8979b55ff8d0','54a94f43-8f05-4070-b83e-7ffe7dea281f'),('5da6e62d-33c8-480f-aa4e-ca2efb8ecbbf','5e3cb372c93313883c72ce92db91524a3dc9d9a65733e18e67fc9b16ec54e2ab','56d8a1d9466f01af8085db064567fd91','61625e4590129f03b581ad0b0eae7251','bcb45f0c956a753289764068130e3ecb','8f9e8b4b39d8c9541eab2abca684f1f85bc877642cef502ba8a627291e05a99e','2023-07-08 08:45:44','2023-07-08 08:45:44','0988c491-3cc3-45bc-8f66-16e05d4def9b','b0a18b3e-7183-4a71-8c8a-05e58aaa36e8'),('77fd59a1-fc41-42d5-a0ae-e738483e8006','fecc1356585705e84a7c83253fe4d277eac5dfd5d55c386652ead8a2c4de8c87','4f868f42a32a26c5e70d91f21060c626','238ce463f6da5ba532ad2d077a95c4450a94b34a9b8ddc3c4e7583ef9ee6127cc6bb6d7e14db98804522e3b4cac22a3b15d91d26fc4fb7fc9141379a1e396affa9111929acebcdec7db521ceed20649251e0b1d50aa25e0bf510ee60cfa884d7','22d6aba5735c0e0f07e90cd4a14ce4a5','46226d5d3aa63dca0fbda391ec8ac3ac9704290910644ac50cca947733a16880','2023-06-29 02:35:33','2023-06-29 02:35:33','e33c7f50-a27d-4719-955d-8979b55ff8d0','de4d7d5e-2dcd-4295-89ca-063fe1b38212'),('9076779b-ac29-4069-ac78-b963fd468e09','1d5389d1d0c958e7d9cd9b5513233f8b411040b571c08964b089b27f6199d3a8','16286dc5a72d3bc01c773b5400b005c7','42a015d3df27e7b167715f7d49d7e6341296c997021935ee4446beaa07133410692e6d2b9824e3f34d174e0541385b7c02bc21c1788f90a8c733bafcc77a5147182089fd4979bf0552e58073f23e9fb15814ffabb52feb32839ac3b7b1b7fea41c14c3c8b0c43474cd25edeb73747b4ca015e20d84fabc17093987f81380e9db','9443d236add914489d4d1f9f6870b5c4','b731a1b72381f8ecbff6595ecd7e0316f6fd7d8f6d21f1d88c1186d64ee44be4','2023-06-27 16:57:02','2023-06-27 16:57:02','1479ead8-8986-496f-af5c-645ca4a6b334','e43aeaa8-5055-43cd-b64a-702553c0a8c9'),('9a326b6a-c217-4924-8716-a01c0ac62482','6466d4dcaf6a56a8cc270d84d0137821','5815cecef0afa3d114b9bd79f8977505','42a015d3df27e7b167715f7d49d7e6341296c997021935ee4446beaa07133410692e6d2b9824e3f34d174e0541385b7c02bc21c1788f90a8c733bafcc77a5147182089fd4979bf0552e58073f23e9fb15814ffabb52feb32839ac3b7b1b7fea41c14c3c8b0c43474cd25edeb73747b4ca015e20d84fabc17093987f81380e9db','08eb1badbec5a6f0a60a627843774e22','2413357c51a1a98c9e596b2deb0efd2b814e19f51774f7614d31dbe4e6284683','2023-06-27 16:55:21','2023-06-27 16:55:21','e33c7f50-a27d-4719-955d-8979b55ff8d0','42d73926-48db-4a2c-98eb-49e5df03db95'),('a808b230-db86-4d18-9343-e59e37f9e38c','f77764d1c73becb094d9aefac08c801a','7d3648ec0ac6ac6fb432771b6f413f3c','42a015d3df27e7b167715f7d49d7e6341296c997021935ee4446beaa07133410692e6d2b9824e3f34d174e0541385b7c02bc21c1788f90a8c733bafcc77a5147182089fd4979bf0552e58073f23e9fb15814ffabb52feb32839ac3b7b1b7fea41c14c3c8b0c43474cd25edeb73747b4ca015e20d84fabc17093987f81380e9db','c6dba21370e0f641fab01e534dfb7e95','f28debd688453544faf4fd28643e5fe0fe0aad83ce556a46efdd8f80b03c4beb','2023-06-27 16:58:33','2023-06-27 16:58:33','859554e8-f537-46af-9625-17b0050f6789','42d73926-48db-4a2c-98eb-49e5df03db95'),('aa9939db-ee1e-42c8-9071-5b047ccdb720','59d0caaabde79ba6be76f46b59af2845cf9303730381869d933751335639021f','4438843ac9f076100f318ee776166b0e','238ce463f6da5ba532ad2d077a95c4450a94b34a9b8ddc3c4e7583ef9ee6127cc6bb6d7e14db98804522e3b4cac22a3b15d91d26fc4fb7fc9141379a1e396affa9111929acebcdec7db521ceed20649251e0b1d50aa25e0bf510ee60cfa884d7','e2f6761ebe08821a17c956540227fdf3','15decd68e5dd79a2be3f4b8756b466ec39d7aeff653777d71ae8e514640986f6','2023-06-29 02:39:01','2023-06-29 02:39:01','e33c7f50-a27d-4719-955d-8979b55ff8d0','b8ecd8f8-83ce-4acc-83a9-64d300a648ee'),('abc7a7ce-3957-43ec-9d6e-0c3872f01658','0d2a47abf929d279326b6d3179e4f223','d63ae83924fc25d8e6939c3588cdb0a9','751102b790a4727ba118f26baddf8a264919412b78567de353acea67f0e5b4ec28d14ee9f0b9fbe5132a29df974fe96056105a35ebe74f8d28ecb913f6aa0b64','57b3a5da37defbabbc585b80e05c41af','34ddd7c0492d724aecc497c4f01deeeed6de567e0fb40ad17aadae9695c840b9','2023-06-29 03:05:32','2023-07-01 12:54:33','bb08f427-2ff6-498f-b55f-e4c11fab43eb','2458028f-0c88-4088-af08-867c93b2b8ab'),('b16ca265-d376-46cf-8c04-78805a412002','f755ad0344cc86891524bcecbc0d29dc','84e8bf253cc1ff21bb117394b00bc73f','238ce463f6da5ba532ad2d077a95c4450a94b34a9b8ddc3c4e7583ef9ee6127cc6bb6d7e14db98804522e3b4cac22a3b15d91d26fc4fb7fc9141379a1e396affa9111929acebcdec7db521ceed20649251e0b1d50aa25e0bf510ee60cfa884d7','430c125674481e7e2b35dfddf6126513','0646429b9d222c2e72dfd5bc15fb3aeee3a57ced1472f510faf56b3cec8ac1a0','2023-06-28 08:54:09','2023-06-28 08:54:09','0988c491-3cc3-45bc-8f66-16e05d4def9b','e11e1e5d-af5b-44f6-bbc1-aaf022a7da66'),('c0546d8f-b82c-4c53-b4ad-a950c4cacc85','07b2608fa02f4e2eb2f8cce85ea45874','142898e529660e46b939955a5c586bcf','42a015d3df27e7b167715f7d49d7e6341296c997021935ee4446beaa07133410692e6d2b9824e3f34d174e0541385b7c02bc21c1788f90a8c733bafcc77a5147182089fd4979bf0552e58073f23e9fb15814ffabb52feb32839ac3b7b1b7fea41c14c3c8b0c43474cd25edeb73747b4ca015e20d84fabc17093987f81380e9db','62a04378ceb16da06d104086b6ae74ec','27adfb7abb7fc8958f4f21262ef24387','2023-06-27 17:05:09','2023-06-27 17:05:09','e33c7f50-a27d-4719-955d-8979b55ff8d0','971d0e98-846c-47ce-bbe5-b46699c6bac6'),('c8a3a767-970e-4ab8-a51b-8ef41b53b749','1f8d01e5d8f24239eba8c459245e0147279fcf47b1138962cc1ab7cefc743a58','6f2d978a79211d3dd198aa0a8461d075','42a015d3df27e7b167715f7d49d7e6341296c997021935ee4446beaa07133410692e6d2b9824e3f34d174e0541385b7c02bc21c1788f90a8c733bafcc77a5147182089fd4979bf0552e58073f23e9fb15814ffabb52feb32839ac3b7b1b7fea41c14c3c8b0c43474cd25edeb73747b4ca015e20d84fabc17093987f81380e9db','ac109558c79eec785279b2484deb4151','dadb05619771b711894dd2ad4b7946b7','2023-06-27 17:01:29','2023-06-27 17:01:29','e33c7f50-a27d-4719-955d-8979b55ff8d0','971d0e98-846c-47ce-bbe5-b46699c6bac6');
/*!40000 ALTER TABLE `employees` ENABLE KEYS */;
UNLOCK TABLES;

--
-- Table structure for table `evaluates`
--

DROP TABLE IF EXISTS `evaluates`;
/*!40101 SET @saved_cs_client     = @@character_set_client */;
/*!50503 SET character_set_client = utf8mb4 */;
CREATE TABLE `evaluates` (
  `_id` varchar(255) NOT NULL,
  `star` text NOT NULL,
  `createdAt` datetime NOT NULL,
  `updatedAt` datetime NOT NULL,
  PRIMARY KEY (`_id`)
) ENGINE=InnoDB DEFAULT CHARSET=utf8mb4 COLLATE=utf8mb4_0900_ai_ci;
/*!40101 SET character_set_client = @saved_cs_client */;

--
-- Dumping data for table `evaluates`
--

LOCK TABLES `evaluates` WRITE;
/*!40000 ALTER TABLE `evaluates` DISABLE KEYS */;
INSERT INTO `evaluates` VALUES ('13e35d79-da20-419b-9130-0bb8b287bc5b','c2a19fd82b0dbe4c372bc321d81eefda','2023-06-24 17:51:55','2023-06-24 17:51:55'),('24d8537d-9c76-491b-9a65-42f1c7d5263e','28029c85a3e8734454d777fd9fcaf288','2023-06-27 18:08:51','2023-06-27 18:08:51'),('2b5fbcb0-586b-47fa-9749-3b7999cacb4a','a9b02d8a28005b931ec8eb5ee2ed7d06','2023-06-27 18:08:44','2023-06-27 18:08:44'),('479712e1-4e3f-4cbe-b95f-c04b7ff7a146','80aafdfb8087d7fe0be8090b61fb1e93','2023-06-24 17:36:48','2023-06-24 17:36:48'),('bf194c2e-297e-4960-b120-abfe3cf0dfb6','41b07f215d238ff4d64d674d851623d6','2023-06-27 18:08:58','2023-06-27 18:08:58');
/*!40000 ALTER TABLE `evaluates` ENABLE KEYS */;
UNLOCK TABLES;

--
-- Table structure for table `events`
--

DROP TABLE IF EXISTS `events`;
/*!40101 SET @saved_cs_client     = @@character_set_client */;
/*!50503 SET character_set_client = utf8mb4 */;
CREATE TABLE `events` (
  `_id` varchar(255) NOT NULL,
  `name` text NOT NULL,
  `time_duration` text NOT NULL,
  `content` text NOT NULL,
  `createdAt` datetime NOT NULL,
  `updatedAt` datetime NOT NULL,
  `place` text,
  PRIMARY KEY (`_id`)
) ENGINE=InnoDB DEFAULT CHARSET=utf8mb4 COLLATE=utf8mb4_0900_ai_ci;
/*!40101 SET character_set_client = @saved_cs_client */;

--
-- Dumping data for table `events`
--

LOCK TABLES `events` WRITE;
/*!40000 ALTER TABLE `events` DISABLE KEYS */;
INSERT INTO `events` VALUES ('22cb459c-40a7-496c-94e4-6f6293f8c9a4','0c7b052ef8ab2fed1656c1eec86fbbfc','6fecdbc0f77b0b5b9851767e7f095fa4741ee5395877cdd269d82d7af712f740a62b07137a9ecf92c1bf0c8c39f733c1','35c145ec91de8ce6c356f84b5835a5ede9295c08d4c5a15b51aba16d3b9bb24f','2023-07-06 04:37:35','2023-07-06 04:37:35',''),('2b7d53d4-4208-4a0f-a8dc-eed754eb31e6','599f0c7a97de2362777b9c7c652b0663','ca23967d23b27df6accde9c98251e7d2248809a3397d588bc84c77ef8b37a7dc2dddd0abe1b0e51273a998344f5f285a','599f0c7a97de2362777b9c7c652b0663','2023-07-05 16:57:40','2023-07-05 16:57:40',NULL),('46ca3eca-237a-44d8-8d23-23cd0c2c9f12','47b7b4ae07f094b74f9716a018477ed159d7f1e7597d6072420518f3d8ff9cb6f15da684a65b8821f52009121bed1480ad5e6386a62ca174ee78eb18805500832a7afcf02629a86a5054f1274999d7b28eaefb29399f4f4df21c42dc272b46f45c3f26b8a19d02f33ce4793bcb5b1e84','9f2a14b8538b66074ce788152b9aa84bc310990c078d41b0fdc181099a69872310af816650b600f3e5ed8430a163ad63','3f5208589f125abb8022c4f0e7812dafabece1bb00d4eec7203da8f4ce68b24f7111fcd6a354f598560e5c00050e9807850c3af0b92d73e1c0c7936c16bf03a20e0b2e861c2bfe1f17e90668fcb78b81f6835d31ac627152a8b033a9cc5022e32ea661a952454de684c416ae578677f933f9094559d173817e7c2d1dfc158c4691e4a661cf0eaf1db1b47249f41b5186069a09c25d38cb42b37cd1f544d4be03240fcc0ca6e23076f8139fe270e5b48dd4a868e21bfbe760a2dcc98d15f464d35b30eaff066903da6dda00c87e521c65ef51c8e5d9de4cc1fd131b4ed50d0d53','2023-07-04 10:05:01','2023-07-04 11:03:41','5df44db2b4a7e929ca8e8b02e680b166786a78c499683e7ce526f16b7f4925a3'),('4cc1c17f-b370-478f-9707-11352898bda1','e0df2848fea05975e2335e06fce4ce9aa6c3130ae19d09b2beaf720b6afb1d08c82ad200f22638a80117109af5bcc7228d7413cb1f7edc0b5744a856ee22da48','279e804eed40959f1a0b390cee0f9465b4c018ccc5d15c81eecb71a2df0290caf2aece93e1e15bdbc21a5e814c95294d','690fba6083afe0d9825922326622d1e35ca9a1bec5a04b632c33220289b13323bc5aee9edb7a315119b88d16bfee83d07b88c3ea443a4d60eeb442aa3292b4aef9efcfa8a63603bc7a660bf5f0d3e66c8fe51b0d624d1c4802b022483f2f8c170c36b5ae905ac72dc265758e0a97698558aa3a65559e10ebadc83a1b55cbaeebbda70be4e0e0488e3cfbe01758f6882e74f9d8c7bfe488b1d74a3db363bf59db85408f777e6db892a64d4c3f18d4f260ed033fc295e8359d68044c4066a741fb3a85392cde1b7fbf2e56ec44dec682955c88eb342e975d044ca609f953b8ee0c59ffbca26e75f3f7ce1c9cde55e885980856273ede9a1fdb670bda3c62ea09878d17a1b9c8b9954954c3617ee23061c00311e063470b0146ef6db3dd7b8a2918b04afe196373b87ff60237395adce318f6c6d3d6fc1a6f1bf45a6298b396b6179fa6978050b012f980db0482a5bb821d081b775fb53dfaf1cadfbace8e0a72185c6d25b21e2c85457f7b8c684087285effa46180b51b103a8bac63c3d52120bfb51c84e27b3372c31d3fd522ab3f2ea6','2023-07-04 11:18:39','2023-07-04 11:18:39','c946ec2fd58a611e5d04b20cb5f09032c7829d1aca8779d927cf2d977295c4b5bed2d3c330d901d5a4f0623f1a489d78'),('4d48bb80-f809-4dce-bd75-1be39b1e742c','b58fd9568ccde6731c517c34656ad0e45d10ddc03c8b1e8fd59d236705a0d798cfcb5a1c498ede01bf09881769011407580c377c9f46e6ad8c6f58162c569875e3b4fda2e49270608d5ce828c4eb7b47e96bc4ea016c5c86d5108e118cbd2fcb','9f2a14b8538b66074ce788152b9aa84bc310990c078d41b0fdc181099a698723c2ceff349015742a5aa5e82ce44692ac','12e8fef4e96653710af78462ff0504ad7f763dd0dae6778ca22f7657dd9eb6d7bb688523fa7641e9b7992025b182e05972fa989943421fbb89445c37937b5c3d40aa5ed9a7419e7cdb8db68b636411daa6c20a083bcdabbd99af81fd4df37933375fe218eff099a803a99ca94c3f7f10ff002fedb461a0c3e202ec3d6a15b36868f6599b79ced18836319a44c1a5443352b1f82796b67343c65d97bd2b427d97802c71e3d9ebb048ce0b9a1b4f48421e0141370998d94a4563b9c3ece573915e6364c204d4a15d8043b9a728550bc290','2023-07-04 11:05:05','2023-07-04 11:05:05','c946ec2fd58a611e5d04b20cb5f09032b6d722b570362e8633201bc6f2370091'),('5362c282-1472-43cd-ae7d-51fb8589af5e','a76ee6f42dd18a3c3cd87f32fd74f4b513cc4d3809f4da95b9612bbc48ccadbf','bd930ac782988588737988217120193c12a30fd65a996079e615bebf21b8a4c12475ae7928ead42690e14cdc327bf74e','47b7b4ae07f094b74f9716a018477ed145cff794df4f4f3c4c9f860cf720c7ad167a6fbb3490f4529dc6528d8b1bbdb41178c8e050a44764f223afddbab58633b6aec5e0d73c78230bdbd85ad33c3a40ebbb42c90bf989ea02bb730b2eda7d0b215622116f496ca34a6766b9b7adcec55c675c531e4d1c8148f1eab458cb4697618106757b49949195a4d5b16602a2408fb33616b4f3bc30a27c3f2dd5fccb3c287d2580c85f5e4d27767499c3ff93d3e624a784fbe8d3e13cec69b460b753714e1761036d0965e9dfd10c1723d8d0b06a9953a9834fab2a6df3d488c0a35617d3c2fe8171e288354c5581c32bfab9fc5720d0f52ee5473893028d7b64e95213faaf0dc05f5c4848b794c05cab52d4047a2954fe93b9a0f73bc507ca9fc2074eda644ae3ecd9f1a9632d05ca906233b6d5685022ae384483870f9ecefddd4507','2023-07-04 11:12:25','2023-07-04 11:12:25','5df44db2b4a7e929ca8e8b02e680b166104496586605f93f61c953b0bc3e68c5982a8cff2da07a3851c4f6b0d072f02c'),('5e815bac-43a2-4bd5-9ac9-39050db2e470','134973d878ac007308608584019c176a18f2c22227e8e668bc45293194b2bc65c910278b347a943506a8ce881d884057','279e804eed40959f1a0b390cee0f94651b925af4c682fc878b38f6a5e3bec9273cfb31fa9728877ddaa9d2272ccaac12','d263c2a3070564c8f9c1567072cca9e983c683bf5361ec40b2b85532df20126c63d28bebf774fb5a44f4051c99a1d5d9400033731381ff778d8917bffd1b48edd78bad7ff25b811f21265423d39fd73ce4b538f2f660b788c751c2c51c89e5aa1365abd482781aa7e7d6c71a1e7b4d57c7a685fb966b823942ed3aab31d3e8a8714cf9928bfefd9502ab1bb8491c016dadc713e40cce999f8c84b307698d0be3170ecb6a198cd2ae70eb1dd5517e6f88eeca376a64a4acda4b7ada6e741db276b35c3e0241336da826cac326829af8323700b0cff179a0353c8532d7a943a3359ad97d1504219ef917eb0ddb8a93b9c1a0b8b7cd4c830ebe767209aa5c25332cbae06f0ad1e919085696f1a4df6a1b1badfc760de49044448c6b95dc5b536cb8b7d4cd6f0546a37fb857087a3bf3e4c1bd30083d07e2a42152dfa5d75baae944689911446810dfedc99f2db1865b090c7401af31ff8f36078a2bb7d0f0c1192d6201f45ba4adb9e598baad6940b6f2c2241a7194649d9155759593ce7e2e210a114c711b9d8040e5a6c83fd3df397087','2023-07-04 11:17:33','2023-07-04 11:17:33','933a8fe7c6996a00a7004a2126bbfde8b553e60dbadf0c24623437b5dc1b65c657b93e5bfdad12ec99335f1bc68b5343'),('62cb9c79-9ec4-4c3e-9499-52b774b61ea4','7f36b345a36fb1b08f94e1283fb1ba4e08322293d72757c427e4cc50bba405cf','9f2a14b8538b66074ce788152b9aa84bc310990c078d41b0fdc181099a6987239e071a324bc461a809ba6ff392cdfe0e','524433b0fc22c0f8f18017791bc5c6ed5da0394831da13bc60eb60784ab1dc895bdfa56b39eb582510903876d327944671fb61e33ac296028a8a3ae36814706e41b84fa80cd1b13156a66bf05b5405bd974d4a613a07048089ee3641e715a6f49c09709f6f0698f5e3d8eecfe23e7651900256d304f1a912afe18489e0fbb3277c7dcc529e3e8e21a491e6c7cea66c7a2385628b23458161d8ded53cc30727e0317e1222a90ba30ce83d012387705bf061c1134e5a93d54fa91e5e5b77c812fb1e6a27fe5dd67ffab91c0ba10fa49901571d56bf23a071ecb800cfe9f51f7c520936921a1c1976edef3eb37d4b10088db3d92feec73465b52fd07ada219d38974fa0c9173a213e02c83488299b427d28b58f2b958ce5d9a25ea7142476220e835fe166c6d0612be4264c74b04cfb013a103f8bd4c74c58bbaf75dd365cacfcdea3596727492f0116aa5d4235434ae3f39a1bc94dc2d250d0f8800194916d83429505857c8a5f3640acc8d0624288811f','2023-07-04 11:15:26','2023-07-04 11:15:26','5df44db2b4a7e929ca8e8b02e680b166f72fe221979294b697ece4c79fa4d2910e14d5595b1b441bffb240c02d6a0e0113b19d5afbe188c5a32c00057422d271'),('6cbce6de-acbd-44a1-bde7-d34e67099ff2','bc9a5768ac958f15e12a8b612dbec13635fba95c08a77d5210529663140e01ae163ecc6a3e5baf22414bbd35e9838b86','9f2a14b8538b66074ce788152b9aa84b639f3a35ffd1a88e107830cb136ab92b10db5b88f45f6b1c11818d7348e8266d','eb85161904d4dd18cadeea09be6797774ee62ef0e7900e46a53a3e0b8a41122fdb18e34c0d1d84c9062c560cc52d3490252579a3d2274f818beeeeeabf94a69439a9b5ac6177167cd144ac1c6fddda9063525e99722a6606d78d527c54220ddc8cc40138754c13bf360a2ad67c7a9ba8293f2cdc5136526e2a839ad6063cd0bb482733354ba79be87ae01dc32b030656e323fccae75ef1329f95071c708b602bbcc5ac8c885356e7abbd0f9cc7e7bb3c0f58b19a8c1da35a716f9304e4dea7a8ee6092b09c339430d855be00f50268758750c35bd1e50d9a84e1fe1fb78e30898dc5dff2646fbdd321f87439730b712070ed0aa1b81bac5a9c64c07d64d5e2040517ca441c849d2b57c6345a616b121c5a8c370ecd7e445580a43a6bd40a114923a83a91d78aa7b6ba30b212bb9a193f61189515a9923d6ec9ebb59da25129c1156ffd84e488d7d85052d527c693bcb1a0ae426d1334f947fd0c57c33747004ae440d13c3a3be4a6680d9ccbe98a5fa6','2023-07-04 11:16:01','2023-07-04 11:16:01','c946ec2fd58a611e5d04b20cb5f09032512d1bc7bfbf5972833e09a31dee6f06af63bdd928fac910bfe83cb448344d21'),('986b10c5-fb5c-45c3-933e-8f8d8bf2913a','07dcde2b9bf2212e7570c9c54516fee985625179842c2c0e1d0d178152f675af0e37cc517cecb254d2a8ac48fc553e74fcaf45bb55d8b603c519e26bb324556a','279e804eed40959f1a0b390cee0f94652303ad5a395e9bae111a7d4d702872f8a8c8ae71e3c63d27a6e198f9d7f4016d','690fba6083afe0d9825922326622d1e35ca9a1bec5a04b632c33220289b133231aa66dc43b91661866c4ed4b884aefd67e58fff50feeb50d058b2714a0ae5838929f584134a14ec1c35c8e60aae5e13aff808588949425eedb9efdc448e7f0a065e53740d19dca8fc0a05024f78cf8af112be67d6fa0754c8093b3154df8932a10d673299df3954a3185419f5c2697f2f8e8614f50a829388fa41ba9eb8da0fba46ba545380eb962f664e76158cfcfe82aed8aaecf0705ff8af43081eab39ab6f845342265950dee10084d60a4f45ef0255e1f307889d265895228f7345386543ebe769f0d12aaea35e303a1c2f1848bda45054af5624db697e688fb2ab5f30f042048a2bbed8b94a1539dc73ba54c22e50b5139ce54dee516e2a651a719e7efdc30458986da9b26037ae7aa06f49a6be511f2d21978494eb52f9933ee082ab8af49fbc40394125204814718ccea64280906404cbe1bef4e4c9b5368809ba2cf44be6d45cd3ade727d77e2ef0bc07b5f8233b1f1a8fa3fa5f6df9958ab66fc910d5685536b063a2f16a53f5fd94eafb52ca31429b9d2cc11a0517e2ba7e58cbf','2023-07-04 11:18:06','2023-07-04 11:18:06','c946ec2fd58a611e5d04b20cb5f09032512d1bc7bfbf5972833e09a31dee6f065e830f3ac417787648aa012fedf658b4'),('b0283637-106c-4f28-9c64-3e97e37b9305','5f4f278168d5041e51e21160bf0537343de3ed39d3958bb2e9d686ce7fb332c2ce16b40b6a099ac35d0abe8ded6afb77','279e804eed40959f1a0b390cee0f94653236634c0c6f7ed95a36c2ea6c565bc74b0a22ea8ad54c4b3cfba9f1dc770cfc','2e282d49e4ae79a38177ee67f1dce84bef7db6bad51c17540295e4d1b4998526012d4e8b5e1ef5170f775a0a21f14f6a23e54884183d6fac6831990d5ce7b5b61a7e79ea5e18a3923d2a2025411eeca5de31fc9b85477d1034de920d32c888249e37d613c1f561dc8f947c3349a39a4066dd1c2c6bd3e35ccbd9d459489bb0a0fe0bfaed9db752730628715684e4d7e6847308c87c068d4db61b3f76f5d5ce87bb0af4ab8a5b5600dd38c1dfa1ad5e0bb6abfe052b9aaa0a603036c1438c3f520b186289c29b3fb037d8c1fb11804b96','2023-07-04 10:04:20','2023-07-04 11:03:54','377147ceab2c2622470557e8170d4c43f102aa6dfc3ee5ab6bc1c9008845fce0'),('c4880923-b32b-45cc-8f30-82b4aae5c039','bb77555e7d470d6053469d6b211e8dc1cac4fdada5459410061d699019bf605f','aa864e57cbdef6f3a00872d079af57038ad95f9060f65e2e196ba6fd53558a8992f62644048ca2617a158813acde92ba','910651420679ed5683ca93bc53817550df1cc082fb0199b2d57f80e2aff695d027008eb264c7459d092a98777191811803a2c2e4d4fd1a58545aba8cf4ac16fb61e6926d310399a5c06a878d4112454c49f920da4a84b29be19f31eb2e1066ffbda3d4c06671ad0452af691d391d014cb21938f8c7501e046fd0d01df3b7bb6ac82c9b004bd61ceb68529e39510612d2ec8f8ecc67c0b0dd7505d26dd3a7e1144e1bc75b537d2a4e5fc9d9939a454ec7700d1e7698d95c42802b07134e65e01d84f7135811c97b152fc7a38e25fdb9bb','2023-07-04 11:05:49','2023-07-04 11:05:49','c946ec2fd58a611e5d04b20cb5f09032b6d722b570362e8633201bc6f2370091'),('c5bce243-85d1-451d-8513-f76b0baa32d9','7f36b345a36fb1b08f94e1283fb1ba4e7de3d2353960a84bb2e065bfb85fe737','bd930ac782988588737988217120193c7fbfbf0017e22b6dbac876526a2c37b9fd72a7dae92da7c857aa325cfa8417bd','5cba9e6d4331c61e6dea50c20adfebf2acaa0dee1ff596d1c736de705636ee7e6ce30483c8fd78c6a3a76ab2856ef41bb9fec38ba56789c6a957ac62c0a0518347e937bde035f5dae7eadb512c0970b5cbd7cf944ec519773c92a734ec60a7a69442eace71559f1f583a54b15fc7d5e095790e0ec34b1bca597ff289d26eacbb570a82a154d2d92700560302c05d6d1a295b6627787240bc0c508c7be2072ebb52280fd88ff6d7dcff53c90b122994c764fe346d09da93ed35c9d752999e35f82fb0578e5bd86016c88620ada3210be131db1a5dd18237c78ab415b45d9855731c7582a25b6430a09aed6dfbb0b6827defed18db665fa1914bc64296e1f73d76e4fc052882c920b2f0460ba29301ce217a682aa6db8b51dd98b29dc9428f8124088181acf2576ec4bf4528f2be7a5ad6','2023-07-04 11:13:04','2023-07-04 11:13:04','c946ec2fd58a611e5d04b20cb5f0903247de4885a84a7bc3264598eb51af43a5e2cf11afaf39393516dab6ad36766189'),('c7357737-dd24-4549-a65a-c63006c5cd67','599f0c7a97de2362777b9c7c652b0663','ace064aa85021475113a3ba5231ceade7b81288160b2b1735e1079c4064ec12954f623396e739be177d75183b5e0b487','599f0c7a97de2362777b9c7c652b0663','2023-07-06 05:21:36','2023-07-06 05:21:36',NULL),('ee43842b-6cae-45ef-8ec1-72e89fb2bf3a','7f36b345a36fb1b08f94e1283fb1ba4eeb8d92dfc80d15a95d2a9a871557baf6','fc48bb8ad38ee7ec43c441908b7e939d19e7b33c1e3427205a6e0ac63e20d11a2fa7ab87da2cec0ae3f175344a5eb13a','10d0f8b53ef6231a1106bbd7a9d926abb05d4b98a792406b779ea7d9b3c8ba3c9c28689a21df3e591494c46b8ecc8c50a1b724bd4105fe6619cabacc634ce42e6e587093e5461be19757d6eecee559dd1c333e4233943a57702835093f2844718524b5c01f29ef227fb4501e0ade0e940f621f9a8e5c9419b1886d37ef32e26bb0002dd066952e02a52c233730b5acaab785c14ef0d2bca7ef66ea14590490c2c52e1b15c3bd62f80385affe6ff2fad1b6ec157fbbcb58062a0eef930aa4539d920c065e9475f989b50cbb6a2cb8b8a5700bd1ef48835b4ed2744ab2c0217cd7bbea329fdb66674d3deb58b9a96d15deefb4f47169984c7b08e4d9abdad22fe78ca9fd242fbe968d27c8effb63e7ad5d8a45bb114e9d38460ce35c1e47f5427a','2023-07-04 11:11:46','2023-07-04 11:11:46','5df44db2b4a7e929ca8e8b02e680b1662448ed7cb3009863d4b2d0a21569108cdd49a68a5fe184c435ffd6adcf28b4b3'),('faf064ed-ca69-41f3-9c85-573241459558','599f0c7a97de2362777b9c7c652b0663','d9e1156957d6149fb1d730b25ff6a203372eb7f56a0ea90989344b385b788a5ca7011f33144f544041eb52bddd065266','599f0c7a97de2362777b9c7c652b0663','2023-07-07 07:23:35','2023-07-07 07:23:35',NULL);
/*!40000 ALTER TABLE `events` ENABLE KEYS */;
UNLOCK TABLES;

--
-- Table structure for table `habits`
--

DROP TABLE IF EXISTS `habits`;
/*!40101 SET @saved_cs_client     = @@character_set_client */;
/*!50503 SET character_set_client = utf8mb4 */;
CREATE TABLE `habits` (
  `_id` varchar(255) NOT NULL,
  `name` text NOT NULL,
  `createdAt` datetime NOT NULL,
  `updatedAt` datetime NOT NULL,
  PRIMARY KEY (`_id`)
) ENGINE=InnoDB DEFAULT CHARSET=utf8mb4 COLLATE=utf8mb4_0900_ai_ci;
/*!40101 SET character_set_client = @saved_cs_client */;

--
-- Dumping data for table `habits`
--

LOCK TABLES `habits` WRITE;
/*!40000 ALTER TABLE `habits` DISABLE KEYS */;
INSERT INTO `habits` VALUES ('0d7a4def-4b6b-425d-89ff-524ee7ac446b','136a7477bcc92043c7f904303008f8f681d1154ebd6a6c51f8fe10ea1c4ed41ea7d820a189e7fc8eb3cab97e7e64d16b1a1c89ee9fd455ed5bc55409dd67d86f','2023-07-04 11:22:03','2023-07-04 11:22:03'),('1189fe3c-cb81-4287-86b0-f4791172e91c','ef5a956612141f6d6e506f56b182d931276514bbd0d90ef431541c914b6ae438','2023-06-29 04:02:53','2023-06-29 04:02:53'),('1e2d584d-a2f4-4653-9aca-244cc852f2bb','d5205123aaeec73cdb1420ca873f04f7','2023-07-06 04:35:18','2023-07-06 04:35:18'),('32076c8b-de57-4f38-9bf6-a5c45c673bb0','06ff219650b7cf5dcc539b20405877dc722239fd7d47c67abec7f2567d83e0d3','2023-07-04 11:22:03','2023-07-04 11:22:03'),('36330d0d-103e-421a-9c22-7822eee80a11','a4994d0e976b064d4f2755d0965bb4492864be29507598e331c23357bf55fef88e067f34ea888d7e2df59d4681530277','2023-07-04 11:22:03','2023-07-04 11:22:03'),('3b64107c-6476-4c3c-882d-94dafafaee72','ed3d0b97fa314d52d35f976998c38c75a8a4c311af0159d31739162d60cb931c','2023-07-04 11:22:03','2023-07-04 11:22:03'),('424eb4b2-4af4-4003-a7da-42cb742e9439','4fabb39029de16e66139f050127e18c66a24e0d5d8fc50e3aea431f9bb9d123817e1291d10713cad2cf203a9f3b8f4be04bcfd096c1527c5659e25f7e204c1dd','2023-07-04 11:22:03','2023-07-04 11:22:03'),('47ffc7e6-81b3-4457-84a6-82375cf30c00','ce64f662a71659436489208b405cbafa607890b352539f0b634bc1ae2c2b1fe1d843ff0e48a755a60ae6d7fa649b7ea1','2023-07-04 11:22:03','2023-07-04 11:22:03'),('7d2adcde-d2fa-4ecc-a9a0-b3c4d707e844','17336d7b50fb804da49bfa308049e832','2023-06-27 17:26:35','2023-06-27 17:26:35'),('7ec1bfe7-95be-49b5-bb35-b1ab6ffddd63','571b472638253d0bd65198ec8fe9933c3bd83ed5e9fd06a7cb958fb2791f0593','2023-06-27 17:26:51','2023-06-27 17:26:51'),('7f1a7758-879e-455a-8f71-23821b5d98ed','ccde78d194c8667e461aa4a56678b1f4','2023-06-27 17:26:04','2023-06-27 17:26:04'),('897a593e-d347-4154-9a36-5126837cdbea','63644649f48a2b5a190d34e47a885879','2023-06-27 17:25:55','2023-06-27 17:25:55'),('93ecdfb6-04ae-4b31-b495-01bda9cbcd92','ad75d0a1f32f992236d1b517398a8136204ab2588a4c16e350321a2fe55233e097b4a9fd5685c3cd7d2e6e8a3a1886c6','2023-07-04 11:22:03','2023-07-04 11:22:03'),('94d54b2b-5f85-45f0-a75a-64f3a34e3c64','1facff4e0942178b05abb16d7ce9c481','2023-07-06 04:35:37','2023-07-06 04:35:37'),('9cde8393-dd36-4e69-a5c8-1c2a4a46324a','daa77ae83228ab81abf0dddaa409498445bf7071ad5a4e19c97c3e3fada8a436','2023-06-27 17:26:59','2023-06-27 17:26:59'),('a101945d-7bef-4c93-9ca5-5dbaf061d0f5','464b08ba1adee543d70e9a24662378eb','2023-06-27 17:26:15','2023-07-01 12:40:39'),('a3f05c3a-0c26-4e68-a991-2bc0c313e701','43f8d4d044df49f0379a6b9fecb45f5de426631b91ff8be091533df7073cb6b3','2023-07-04 04:57:17','2023-07-04 04:57:17'),('b13cefa3-0424-4a4f-bf40-3d35610d84ec','dbecc5341cbdab0253086ad40c5059a353d2d3490680538eca97859d115d16db0c370542bbcffb56c041bad76da8a164eab0ef11591cb992c74466a0d8432916','2023-07-04 11:22:03','2023-07-04 11:22:03'),('b71de9f3-e591-4dff-bff9-446a6862ab50','ca0fef56544a4e777d6b39bfe6b3f9952fdaeb1ae58060b2f4b5fbdf9364cbe1fe9212a197c2c93b6cd12b466d03eed8','2023-07-04 11:22:03','2023-07-04 11:22:03'),('bb722fdd-2c66-4ffa-9c69-934eddeaa66f','e97f8921f4901bfcad2d6be5e7f17b52','2023-07-07 13:23:26','2023-07-07 13:23:26'),('bfebc43d-9e81-4a80-a546-154e5910e24b','bff9aa4b6ab4870eca26c757e6b03df895ba2e16d1d41a471585455e8e0aca2b1c2e633798a5e1a1f2be9035f09ed499fbac70a8e0a80fa122fd7972044ddec9','2023-07-04 11:22:03','2023-07-04 11:22:03'),('e2f86636-d488-42dd-b4b0-27b0e3a95bbd','75593cdb896a86b6858bed6d89a9fb55','2023-07-06 04:35:37','2023-07-06 04:35:37');
/*!40000 ALTER TABLE `habits` ENABLE KEYS */;
UNLOCK TABLES;

--
-- Table structure for table `logs`
--

DROP TABLE IF EXISTS `logs`;
/*!40101 SET @saved_cs_client     = @@character_set_client */;
/*!50503 SET character_set_client = utf8mb4 */;
CREATE TABLE `logs` (
  `_id` varchar(255) NOT NULL,
  `created_at` text NOT NULL,
  `created_user` text NOT NULL,
  `content` text NOT NULL,
  `createdAt` datetime NOT NULL,
  `updatedAt` datetime NOT NULL,
  PRIMARY KEY (`_id`)
) ENGINE=InnoDB DEFAULT CHARSET=utf8mb4 COLLATE=utf8mb4_0900_ai_ci;
/*!40101 SET character_set_client = @saved_cs_client */;

--
-- Dumping data for table `logs`
--

LOCK TABLES `logs` WRITE;
/*!40000 ALTER TABLE `logs` DISABLE KEYS */;
INSERT INTO `logs` VALUES ('003c072e-6826-4cf7-aa49-6aa57c84c72d','9f9ec0d9f55c255680af3e97abdf3317cebaffd11b7c40e4668fda5dbc7b23f7','b3d960aa7543c44525a82b679c744602612ea1192536e6f8ebd1758e4428942898ea7f0fe8dd53d65379e12d39bcca4202dbab89d5ccca39c792bf9675f625347b6d5f15c8cfbe7316a34f6bbad3897a6d4faf1b2b16ecf86bfaafe7488181b9cfaf0c8cdde425fc2793be439610510cd4299d39ec3b8c8a1b20da4d17b46e5c','1254fd1551f2e3f1d54336a9e6b9443afb819b71aa35227dccc02bd2001d59484187b0b7408ddaed9cd73cf1f50703fc50aa786808f2f0dfee5a8505382a89c529538388cdb6d155011dd106caabec5b','2023-07-05 16:27:08','2023-07-05 16:27:08'),('0072bd1f-28f0-45af-9e86-e62566574c31','727ced47f42b13ecf0a084981b3a1934c66407615391be3e764b76c276c1ad3d','809c304fca33a94d7d9bea3067b69d32d745053304617f9ae5ca1e328dcd0d37d0ebea56d7593cb567974e6aede8ce3a575f1d84a3e7a7c295d244bf875f9469292c532c40efd16d1796e43ee390f8db33c22a07684f8666eef673aae50a68d9bfa8a42f81d97d46532996d9371036744ba06eed2288ab878a765de8a5b756ae','d11352daeb4819ecb02722828688e83b60abc5acafe66628ae9f6f596b970fcbf486a297780d937072aac884856f4e536d7c34989478021f719d4919ca28d89037e5499e822db86651357b087c59943f5e5b4a86c52f4b19697a151c6a173147196764974a6727c454eab23beba70c2a','2023-07-06 03:35:11','2023-07-06 03:35:11'),('00f11afa-e1db-498f-935a-bde1bb108e0e','2ab6fa3c09cb325315038d9a1ce46be69028417968a2c9f3c49fd8f731ce255f','809c304fca33a94d7d9bea3067b69d32d745053304617f9ae5ca1e328dcd0d37d0ebea56d7593cb567974e6aede8ce3a575f1d84a3e7a7c295d244bf875f9469292c532c40efd16d1796e43ee390f8db33c22a07684f8666eef673aae50a68d9bfa8a42f81d97d46532996d9371036744ba06eed2288ab878a765de8a5b756ae','d11352daeb4819ecb02722828688e83b60abc5acafe66628ae9f6f596b970fcba61dc743bf8a7badfd1cb3ca0ffdb912f6520801363d5428a215eb3b207a91bf9ee57186d858e2d7b463bc3bf963fb5255e2286c4cf0f4884347c3f85a0e5c7da3336a25894511f771028448ca447542','2023-07-07 07:22:56','2023-07-07 07:22:56'),('0335246f-29f1-4d34-ba9c-e33b02543139','d35daf768625a69108f26955cd3cc875495f78af2f53a19b11f81fd1232615bd','dba88313287a5283f7043f6319635b70d03e44c877faaaf1a24b511929413537771b358dbf930dbdf8e53437cceb2aeadb74ee34fbe22ba7f1cc59249784d0b6c18ffd5bdc57f01098558a3b2c82763018f345559f6d8fe38e1e53a62c55ce7d60fdf2205b8d81a0061c6a305e248993686c4109f3987cf80d11dab2e3d76c9c','45c79e492d9cbb3e7a64e0745b60f11d39733b8753b3c56f61a848486a54655e795673ddfd3ee2f84b5b48ae1969577f2668f8e61ce5543cdff099b4517771cebdb606581392f156c5f906c24575a408425a8a7c5a4cb4f6da5a43a99e21d600c087b8d161c082a5717015ae3e2eb9120d5f3bd787e4894696883947022f8871','2023-07-05 16:25:12','2023-07-05 16:25:12'),('0691b980-1316-4c51-8b56-6a9fb2e0f3b0','1014f0bfe29584d8a5c74dcd44d0e991f928c6fc1e5b45ee4e6f45d7fbb24de6','f22900318aa168709d5e8d95b150aa5c0d79c57c651ecabacbd9dd039906946ef941f234df357c1d1ec8dcbb3c42235097e465eb2d1a397c0c9adf8029f566ace96a6b47f563ff6652cb0d5aa9629479','448d50e1fb3c506b6546a4829125834ad5fe584ab45f795e2b724eb61039622b9e3c97a690803501707905b0a9f61c13383c416c13b9076822438e577ac3a255c3577a4f10cd76c086d0026a63f4f258','2023-06-27 16:28:00','2023-06-27 16:28:00'),('0c44c222-65a2-4bfc-ae0b-f282e3776412','1014f0bfe29584d8a5c74dcd44d0e991f928c6fc1e5b45ee4e6f45d7fbb24de6','f22900318aa168709d5e8d95b150aa5c0d79c57c651ecabacbd9dd039906946ef941f234df357c1d1ec8dcbb3c42235097e465eb2d1a397c0c9adf8029f566ace96a6b47f563ff6652cb0d5aa9629479','448d50e1fb3c506b6546a4829125834ad5fe584ab45f795e2b724eb61039622b5f1725e6406d164ef3e4962bb30bdbaffbc42ea63fc5a306fa34d96d2241ae54cafd807cae3a7281f76ed84615c8f30c','2023-06-27 16:28:00','2023-06-27 16:28:00'),('10040a47-8ef6-4f43-b874-e49d0aa08aae','95c348b70fbd9c7129c5879f69c0bfabb4aba7b7886723f5debd482538963997','dba88313287a5283f7043f6319635b70d03e44c877faaaf1a24b511929413537771b358dbf930dbdf8e53437cceb2aeadb74ee34fbe22ba7f1cc59249784d0b6b9385ac0a8e867dffaba4b3197fbdeedd599eb3d5dce80a700d27b37ecbdcac5af6d502ae0de1680c6c0a0d0ce4172f5dde1fbe457e8b6631e7a826ede94417e','69dfcf47b7de7eb654da4d5546b9d55125927ff33974097a6f1489ef18999605359387844962a4852651d305510768257bf6920ab2f8405f21f23178bc29eed7262ef08d03132211ba0511af00f9f9e980875945d25520dce2d038f5b1dd26ab9ef2584d94e6a8fd87e512d50ef1b308','2023-07-07 09:01:36','2023-07-07 09:01:36'),('10f79991-8d1e-4c36-bdd8-66a1ba257292','2589f4b3e82cae6f237edbcb6996a5f2f263a64f3b5fdd4b1f6e30d2fe11d3e5','809c304fca33a94d7d9bea3067b69d32d745053304617f9ae5ca1e328dcd0d37d0ebea56d7593cb567974e6aede8ce3a575f1d84a3e7a7c295d244bf875f9469292c532c40efd16d1796e43ee390f8db33c22a07684f8666eef673aae50a68d9bfa8a42f81d97d46532996d9371036744ba06eed2288ab878a765de8a5b756ae','d11352daeb4819ecb02722828688e83b60abc5acafe66628ae9f6f596b970fcb27a16953cea532f1c363e84c73b458b14db21d97e5b9af80eff3fb879f0880416750004bfda2019fcbb90b20d019c8a6c36dd13ae0e3ce1f0158c1f915cbd834d7ab27d07c40fe247733b1f978703b26','2023-06-29 05:30:17','2023-06-29 05:30:17'),('129d5e92-a9a0-4265-bf99-eb04400b184c','bc85946b5145522948904df76ed5d51aa46b6efbae269af04ca6d405bd886b40','9473bde71cbcec2572930aa196c12bc88919353faadadee65929a773c7e0c5d86ebbe9eb7c8f2a14180021b205ef89f16a3aa720016704c2bf394b4a6c1a13b98a8a539bee92e4b20b949fc64f588278ca5672372569bf4d7350c8fd46346aaabcc563d0af50726ae90c93b94be529f6','d11352daeb4819ecb02722828688e83b60abc5acafe66628ae9f6f596b970fcba61dc743bf8a7badfd1cb3ca0ffdb912f6520801363d5428a215eb3b207a91bff9334257575e1b5ac0a4e5d3ca868c0ed413fb7fc8fe4b1b549dd1da6f8ada361313063a7ef479a6d42904f0feb4ba7b','2023-06-27 05:33:54','2023-06-27 05:33:54'),('16dcdff6-33b7-4207-ade8-eb269ba45b6b','1014f0bfe29584d8a5c74dcd44d0e991f928c6fc1e5b45ee4e6f45d7fbb24de6','f22900318aa168709d5e8d95b150aa5c0d79c57c651ecabacbd9dd039906946ef941f234df357c1d1ec8dcbb3c42235097e465eb2d1a397c0c9adf8029f566ace96a6b47f563ff6652cb0d5aa9629479','448d50e1fb3c506b6546a4829125834ad5fe584ab45f795e2b724eb61039622b5329bf3de88d03acccb4560cedce68e13d089684d13ca626ff04582f923ec4309370103fd49e7d746b3dd7bab0887c1e','2023-06-27 16:28:00','2023-06-27 16:28:00'),('18fdb6c8-9c88-437d-ab15-5ec269f04c15','a5d9f7154914233c4ebef5f54ec1b05eb79327cba7c565fda72c902d590fe12b','534f9b6eff6072f713265f3c649c9fecbc18dd26391a9fbe64f1d3a44f7be783ee5b7fb0c97a06b14893c5314108f853a777e081e37b1d7bef22526b8b292cb3bab9169919886a607e3236b63720d18090fa93630c4a63e088a1e04ff1c5e91e84ab6e426ffe053d3ef24463b52c20b6','1254fd1551f2e3f1d54336a9e6b9443ac39cc90c5ff0b8429e227f0fac82d286c8d8f1494fca86513988a39af175f15b4bd4504a1bb1581f11abc7d91edafa582b95faff225fbe26df81dc395dbadeef8c3d7bf36b6bb40505f08e627086304c','2023-06-26 13:14:41','2023-06-26 13:14:41'),('19419da7-3fdf-43a8-8899-90865ed933ca','666ecb93c7b806f935be092c88c089d774642473d748bccf25c8e069d29860e3','809c304fca33a94d7d9bea3067b69d32d745053304617f9ae5ca1e328dcd0d37d0ebea56d7593cb567974e6aede8ce3a575f1d84a3e7a7c295d244bf875f9469292c532c40efd16d1796e43ee390f8db33c22a07684f8666eef673aae50a68d9bfa8a42f81d97d46532996d9371036744ba06eed2288ab878a765de8a5b756ae','d11352daeb4819ecb02722828688e83b60abc5acafe66628ae9f6f596b970fcb27a16953cea532f1c363e84c73b458b14db21d97e5b9af80eff3fb879f0880416750004bfda2019fcbb90b20d019c8a6c36dd13ae0e3ce1f0158c1f915cbd834d7ab27d07c40fe247733b1f978703b26','2023-06-29 02:17:34','2023-06-29 02:17:34'),('1b934d45-4dc0-4a2c-8cad-abfd1189cb56','619b75b235e152a57082c2d679f9e7ce2769a972fccd0a68e0fda4f0923485d3','809c304fca33a94d7d9bea3067b69d32d745053304617f9ae5ca1e328dcd0d37d0ebea56d7593cb567974e6aede8ce3a575f1d84a3e7a7c295d244bf875f9469292c532c40efd16d1796e43ee390f8db33c22a07684f8666eef673aae50a68d9bfa8a42f81d97d46532996d9371036744ba06eed2288ab878a765de8a5b756ae','d11352daeb4819ecb02722828688e83b60abc5acafe66628ae9f6f596b970fcb271471522b55a5e0c22066add3d5c360b076fe71802d3aa94ed197813042c6422695654f2454d7415dce5d211089fba73ddf2ea53d1212594fb8ebd4a632b1d26ab50734bda49420ef33630c0b9f61ba','2023-06-29 05:29:47','2023-06-29 05:29:47'),('1efebb6d-4c90-43a9-a9bf-fec57d4ec86d','af0b990f9052d17a635900ccdf1d0a25f47fca3582672c5f96cd23fe0da330d6','534f9b6eff6072f713265f3c649c9fecbc18dd26391a9fbe64f1d3a44f7be783ee5b7fb0c97a06b14893c5314108f853a777e081e37b1d7bef22526b8b292cb3bab9169919886a607e3236b63720d18090fa93630c4a63e088a1e04ff1c5e91e84ab6e426ffe053d3ef24463b52c20b6','1254fd1551f2e3f1d54336a9e6b9443ac39cc90c5ff0b8429e227f0fac82d28666e066aa6b17b5fab58289b3cebb59669cf75cf49868cf7b1eba1ae191a6e98ec62dd88821e9aa3d8ed49408b5242bd0','2023-06-26 15:32:06','2023-06-26 15:32:06'),('22a0c2e0-3680-47df-b51e-81941d65082d','d08107c64321fd0a9a47b9661faa599e71ff4ec93c70698a2bd7d5ea7db02b20','809c304fca33a94d7d9bea3067b69d32d745053304617f9ae5ca1e328dcd0d37d0ebea56d7593cb567974e6aede8ce3a575f1d84a3e7a7c295d244bf875f9469292c532c40efd16d1796e43ee390f8db33c22a07684f8666eef673aae50a68d9bfa8a42f81d97d46532996d9371036744ba06eed2288ab878a765de8a5b756ae','d11352daeb4819ecb02722828688e83b60abc5acafe66628ae9f6f596b970fcba61dc743bf8a7badfd1cb3ca0ffdb912f6520801363d5428a215eb3b207a91bf9ee57186d858e2d7b463bc3bf963fb5255e2286c4cf0f4884347c3f85a0e5c7dbf3a3383a3866bb692eedd66cd65bac8','2023-07-07 07:23:09','2023-07-07 07:23:09'),('2438e53c-6370-4980-9c44-bdd51d276584','7506ffd9b6b3f9549dc5bf84070b3b21975275b8c81313d84460f444f28008f2','809c304fca33a94d7d9bea3067b69d32d745053304617f9ae5ca1e328dcd0d37d0ebea56d7593cb567974e6aede8ce3a575f1d84a3e7a7c295d244bf875f9469292c532c40efd16d1796e43ee390f8db33c22a07684f8666eef673aae50a68d9bfa8a42f81d97d46532996d9371036744ba06eed2288ab878a765de8a5b756ae','d11352daeb4819ecb02722828688e83b60abc5acafe66628ae9f6f596b970fcb7e765e8c91eed94ea1bbe23a45bb0d6cf5f0a687312d77711010484c658a2cf1de32e9434b56be539047ad563233b9efbad663b5dcc3ef9e56c29c116ae7ebeb91c0ab4c0f2bdeca597027bbd6556f44','2023-07-06 05:26:41','2023-07-06 05:26:41'),('295e3eea-b59b-4314-bc2b-3c179095a8f4','a33f32c3bffc6ca9d1d3f77078462290800619cefdf75c142f2d5c775ea4864a','9473bde71cbcec2572930aa196c12bc88919353faadadee65929a773c7e0c5d86ebbe9eb7c8f2a14180021b205ef89f16a3aa720016704c2bf394b4a6c1a13b98a8a539bee92e4b20b949fc64f588278ca5672372569bf4d7350c8fd46346aaabcc563d0af50726ae90c93b94be529f6','d11352daeb4819ecb02722828688e83b60abc5acafe66628ae9f6f596b970fcbdf81636ba3f5ae7484332cb13bcb1be37346c3fd03d7dd17f4be48a73078fdcf4721c60919df9aa4098d4261d7e19b62353eb1b714c9a77e3440dff3fd39652651a09b9d437835fc94b9f3015e927e36','2023-06-26 15:30:25','2023-06-26 15:30:25'),('2a314d4c-9c64-45ca-921c-d033080387bd','1014f0bfe29584d8a5c74dcd44d0e991f928c6fc1e5b45ee4e6f45d7fbb24de6','f22900318aa168709d5e8d95b150aa5c0d79c57c651ecabacbd9dd039906946ef941f234df357c1d1ec8dcbb3c42235097e465eb2d1a397c0c9adf8029f566ace96a6b47f563ff6652cb0d5aa9629479','448d50e1fb3c506b6546a4829125834ad5fe584ab45f795e2b724eb61039622b95ae725d26ef004558c5f5ee2bd5ac29547f2c78902d7a7304cb1d8334f94023207936d1a11775f59f3f927c09c64114','2023-06-27 16:28:00','2023-06-27 16:28:00'),('2edfcd5d-f555-4829-a32d-112503083828','5d907e79bea7d7ff1bb954541b2a659ca211101cb3f1a5934a1712219079ba5a','eb4a87e5aa554b0fba94e4406eab33522ca429c6ba729ed4f634020b96ab8dd00b280028d6d113a9cd1a624bbd7667aedbc00c33e65dc6d0db8ab25fa77c78b0e079cd78612b30b31a3f2f2ebd3169d14d06864d76a1926f07796b357cd8ee0a532fbdbbaaf9d8dea420c5f46fbc72f5','69dfcf47b7de7eb654da4d5546b9d55125927ff33974097a6f1489ef18999605359387844962a4852651d30551076825a44d35ae8d32d7549459d348922edf9456454e7a01f36bffab4ae3a5cc80d177c4058041a092b8d153580b17d4f7455e4c7b5486f3e78d30fe08273458f8ca63c9e6cb54d897dffdf1726d54632b3729','2023-06-26 13:33:51','2023-06-26 13:33:51'),('2f8cad66-421c-4fc4-b33c-f153110b54c8','4c335f02c9979d0e261dfa42357dc2a90875975064c1e299628286d4805253e0','e214919f3495e45586c6953381a484a81cef15a03b1c9385e28eb9580b604a27767586b1c29e9325f4adc3029199cda6dee892c86ac565ceb133fedcdba25b1c7924068414a3bea56fccf0e31279606b5c3d1ea24e08b85b841a1c8866f387e2f48c96b94421ab00f211750727cf8318858056c0fb0664665649f7b518f1191b','d11352daeb4819ecb02722828688e83b60abc5acafe66628ae9f6f596b970fcbe1e5e008092847e7b32172cd232f27150bda283e5e060371f8327549214ed05a293534b0a254b85492512e0910ac101844b83931830e595561aac7357bec91e6a67234836566e112bd65235dfd802a0d','2023-06-27 17:51:37','2023-06-27 17:51:37'),('3751aec6-2a52-4505-a7c9-f2fd5c882e10','0a85bc9dc793c906779d052d24dda51fcc3e3f07614dd3aabaddc040f2f4c2ec','9473bde71cbcec2572930aa196c12bc88919353faadadee65929a773c7e0c5d86ebbe9eb7c8f2a14180021b205ef89f16a3aa720016704c2bf394b4a6c1a13b98a8a539bee92e4b20b949fc64f588278ca5672372569bf4d7350c8fd46346aaabcc563d0af50726ae90c93b94be529f6','d11352daeb4819ecb02722828688e83b60abc5acafe66628ae9f6f596b970fcb82200361813358b0a913c24a876c01e2dbe95d890ef6e1981c425b17918712e0cc56f7d51feebf5838a0f947a678328910aaaf2ee80c729b3ed99aa9d34fbb9e2a93fec8bc5cb8dfba562a17fbc88aca','2023-06-26 15:19:21','2023-06-26 15:19:21'),('3967071e-013c-4fcb-806e-c4ee8551fd21','02c2927bda0f911a2d9853e7cc2a95e20f33dc4ca20171cd9612b7fbf009748f','b3d960aa7543c44525a82b679c744602612ea1192536e6f8ebd1758e4428942898ea7f0fe8dd53d65379e12d39bcca4202dbab89d5ccca39c792bf9675f625347b6d5f15c8cfbe7316a34f6bbad3897a6d4faf1b2b16ecf86bfaafe7488181b9cfaf0c8cdde425fc2793be439610510cd4299d39ec3b8c8a1b20da4d17b46e5c','1254fd1551f2e3f1d54336a9e6b9443afb819b71aa35227dccc02bd2001d594867eace1190c5b73bd7755872758ca2bf0b54f2649aa21f3d6a96ff2f79c4950b97a4889baf8ea58a064f653ca48d20d0','2023-07-05 18:03:52','2023-07-05 18:03:52'),('3b432933-45ae-4c37-80cd-5eb76f130a72','9718fd9fab223ae05f292ad7820f3275c3b271f7f166ac2f3a8b433b84bb510b','809c304fca33a94d7d9bea3067b69d32d745053304617f9ae5ca1e328dcd0d37d0ebea56d7593cb567974e6aede8ce3a575f1d84a3e7a7c295d244bf875f9469292c532c40efd16d1796e43ee390f8db33c22a07684f8666eef673aae50a68d9bfa8a42f81d97d46532996d9371036744ba06eed2288ab878a765de8a5b756ae','d11352daeb4819ecb02722828688e83b60abc5acafe66628ae9f6f596b970fcb2c94be9a29c226ddeaa75383cc627c76d1a132f9571bba3fda4b1a0a7420a8f5d098e4c414b0c883aa9066163381c2d0b803897f0b8e8ac2c033755c636f72d243095c91a43edb2db1b5d338838b87a2','2023-07-07 14:12:44','2023-07-07 14:12:44'),('3b44d4af-2e10-4f2b-9d64-089e8d49de68','cdeccb1997314a58dc4e784c86ff88d850ebcf188c12d52731b7b2680c65dacc','dba88313287a5283f7043f6319635b70d03e44c877faaaf1a24b511929413537771b358dbf930dbdf8e53437cceb2aeadb74ee34fbe22ba7f1cc59249784d0b6c18ffd5bdc57f01098558a3b2c82763018f345559f6d8fe38e1e53a62c55ce7d60fdf2205b8d81a0061c6a305e248993686c4109f3987cf80d11dab2e3d76c9c','45c79e492d9cbb3e7a64e0745b60f11d3aff462d3d7b0f66390a01724371e6df090da18435ab075cf18fce241f511dad3b003e771a36f8130b3ac9c9a8c66695123cb2231cda1cf302a40c3fb2d9e4dd2334a29c54b7f1a2d21b80f2c3cb32030b522f881a37fd0529b547458887d8bac72ce96f5fb05e06bb04803cc31ba1eb','2023-07-06 05:11:57','2023-07-06 05:11:57'),('403e27c1-8a6f-4b0e-bf49-4f89ca8122cd','c84584baa0a232a11d3be4be29e5b7d494cb6600080cb3f4de7464ec75263581','809c304fca33a94d7d9bea3067b69d32d745053304617f9ae5ca1e328dcd0d37d0ebea56d7593cb567974e6aede8ce3a575f1d84a3e7a7c295d244bf875f9469292c532c40efd16d1796e43ee390f8db33c22a07684f8666eef673aae50a68d9bfa8a42f81d97d46532996d9371036744ba06eed2288ab878a765de8a5b756ae','d11352daeb4819ecb02722828688e83b60abc5acafe66628ae9f6f596b970fcbbc01573d194e3165e34eb995014cbc5da965be304798a2c0f8af83386858097c14ef743fd1c3c7f47e3c97e65edba5a2e721b9eef08ccd01dc0692fcf85307700d497a34ee56f102184935bfb96d5006','2023-06-29 06:01:54','2023-06-29 06:01:54'),('471feb91-b64b-4b6d-afe8-3726c5b2825f','9f9ec0d9f55c255680af3e97abdf3317725f948c12190688cdb9460ad0222ffd','809c304fca33a94d7d9bea3067b69d32d745053304617f9ae5ca1e328dcd0d37d0ebea56d7593cb567974e6aede8ce3a575f1d84a3e7a7c295d244bf875f9469292c532c40efd16d1796e43ee390f8db33c22a07684f8666eef673aae50a68d9bfa8a42f81d97d46532996d9371036744ba06eed2288ab878a765de8a5b756ae','d11352daeb4819ecb02722828688e83b60abc5acafe66628ae9f6f596b970fcb8657b6d52ad859cc56603a2530465d28f4758149575ea1e2fdd40ca144a2691f7a8b96659e8d90d67a91a3cba148f3b485746234050ca477f45c6e5432484a42fc53fd5996d1b2b3f7e1e62e1ae1ff4c','2023-07-05 16:27:54','2023-07-05 16:27:54'),('494dcd9a-6756-4849-89b0-c121bc6b933b','38c48c1d1236dd2bf5fbdbd8e69dd0e1cc2a046d57143246f499e6f0eb2e2630','63707d91b7773c772135536256e013c97fef81f9387169a12c623a61d3a02c468eeed37a4e3662aa344543c854bf3df6a667c0cbad0da67a557ba828dbe83d33ece7e62ec1b5dc50ce5e0b83d4bc8cf3d6e9826f951feae4395b4b93227957e90881b7121baad5003dfacf8577b33a05ad92c1c5c6a84468ad87a57ef6c6b16a','69dfcf47b7de7eb654da4d5546b9d55125927ff33974097a6f1489ef18999605359387844962a4852651d305510768252d78b5ba79f51e3e34db11366ebc4a7ff28c176b742b3497f39618a7451d01a0f42872e9eef69830a4837951ebe46950022dbfec3ec0d55c84075834d3a00246a4bdeae2dc34797515a8cb67d20344fb866e024b03ca50bf5197de5a49880b6a54bca427dde0ec61018efb7420fbe3779700a91e2d5ad355af37c47b30bcbff8f15ac089414ee81460180e6be7e211f046bd9fef96b49dfb06b45bc20e9431610bcaa2b6162b0d7de0697ffcc34c09680abbb203d433eb23e219ea1df096143d00643dd0e23be95c8108665a53b5929012926ce32b3d1928074e54537c06422505754888b1e8393a0a899a8c6a6102404d7b9d7d274debe0e0a242a17b02cad4d3de1f16b5b1a7453bf4537e4cd58ddb','2023-06-28 03:32:00','2023-06-28 03:32:00'),('546804da-0acf-4e72-b589-84492c6f97a0','1014f0bfe29584d8a5c74dcd44d0e991f928c6fc1e5b45ee4e6f45d7fbb24de6','f22900318aa168709d5e8d95b150aa5c0d79c57c651ecabacbd9dd039906946ef941f234df357c1d1ec8dcbb3c42235097e465eb2d1a397c0c9adf8029f566ace96a6b47f563ff6652cb0d5aa9629479','448d50e1fb3c506b6546a4829125834ad5fe584ab45f795e2b724eb61039622b91dd553cd428c612c3d0aaa3ffb978453a67524bcc8a124eaa12305a038f40d1e7c77020e10521d45cab2aa4fd361461','2023-06-27 16:28:00','2023-06-27 16:28:00'),('58a54cc1-829a-41ef-a03a-f88a3be460ca','29075841e5c9f2e6c8300d6a22d88a5250d6131690dc317f1ddd43814b3357e7','c85261876cda382a0ec3bd58d4e9f51c384b7c8e6b0b0b8a2dcedb4c7d1b1be022837bd7b73acd4107ca64f587b5dab1343b2e1655dd84cba50101712953ba46c19d983edc96b0a435e4e5cbb42de9cba45be78fcddbd7d937e3036b6e51cc8d50631f88bbace5940ef9b4091c46015f8e1c2140b1be0585f5af62e69ecdd6c1','1254fd1551f2e3f1d54336a9e6b9443ac39cc90c5ff0b8429e227f0fac82d2860010a8a224cc18fe69ed719be4ef7ebc5fb4bfc99ef6e07ead489856a88e3f126e02057f539ab963f295f528e4d656486f0610bee88991200f9f67aaf755164a36c42d82bb163a723cdd5830855f0bbbda405957869c760bec98b7417535ab1e6164c1feb04c9b02cb0ab736a228fba0','2023-06-27 17:58:24','2023-06-27 17:58:24'),('5a44d38f-3387-488a-abbf-c86e3604138c','1014f0bfe29584d8a5c74dcd44d0e991f928c6fc1e5b45ee4e6f45d7fbb24de6','f22900318aa168709d5e8d95b150aa5c0d79c57c651ecabacbd9dd039906946ef941f234df357c1d1ec8dcbb3c42235097e465eb2d1a397c0c9adf8029f566ace96a6b47f563ff6652cb0d5aa9629479','448d50e1fb3c506b6546a4829125834ad5fe584ab45f795e2b724eb61039622b91dd553cd428c612c3d0aaa3ffb978453a67524bcc8a124eaa12305a038f40d1ed88ca82230a19ef31d8fd2130056de1','2023-06-27 16:28:00','2023-06-27 16:28:00'),('5af9b1f7-16ea-493e-a767-714f4ad36c01','6549ad063e3845862911ca274a714f355bc9cbc2f366b2b49ead9b75e837907a','809c304fca33a94d7d9bea3067b69d32d745053304617f9ae5ca1e328dcd0d37d0ebea56d7593cb567974e6aede8ce3a575f1d84a3e7a7c295d244bf875f9469292c532c40efd16d1796e43ee390f8db33c22a07684f8666eef673aae50a68d9bfa8a42f81d97d46532996d9371036744ba06eed2288ab878a765de8a5b756ae','d11352daeb4819ecb02722828688e83b60abc5acafe66628ae9f6f596b970fcbf486a297780d937072aac884856f4e536d7c34989478021f719d4919ca28d890cac7acb62d377143c3e8a9797e92b3133dc3a18e146f6f6fa4154b056b38f474cdd1ba03567447ee27b9850bcf407324','2023-07-06 05:00:08','2023-07-06 05:00:08'),('5b57a3d6-1364-47f3-a52e-cd0833fd3d0a','9f9ec0d9f55c255680af3e97abdf331746c47019855cdf29950a01424a66ace2','dba88313287a5283f7043f6319635b70d03e44c877faaaf1a24b511929413537771b358dbf930dbdf8e53437cceb2aeadb74ee34fbe22ba7f1cc59249784d0b6c18ffd5bdc57f01098558a3b2c82763018f345559f6d8fe38e1e53a62c55ce7d60fdf2205b8d81a0061c6a305e248993686c4109f3987cf80d11dab2e3d76c9c','45c79e492d9cbb3e7a64e0745b60f11de18154e60965421b9af5d7b49551c4804ec712eeef5cb2df1538b53f3221909d8cd3ce680c381e473d55961ea1d4deeeb469ec530d0b55b126e1eb4423fc085720b0c092a5033c79b05643596f6459444da517a5e68f7fac58866cee447f1044a3062f1872e30a7ae5742f84de450c4e','2023-07-05 16:27:17','2023-07-05 16:27:17'),('5be8bab2-f836-4003-a33d-22d83e2e5022','7d6b86effa79587049b258d03253ce97d846c88625a06988e30439db9bd4e492','809c304fca33a94d7d9bea3067b69d32d745053304617f9ae5ca1e328dcd0d37d0ebea56d7593cb567974e6aede8ce3a575f1d84a3e7a7c295d244bf875f9469292c532c40efd16d1796e43ee390f8db33c22a07684f8666eef673aae50a68d9bfa8a42f81d97d46532996d9371036744ba06eed2288ab878a765de8a5b756ae','d11352daeb4819ecb02722828688e83b60abc5acafe66628ae9f6f596b970fcbf486a297780d937072aac884856f4e536d7c34989478021f719d4919ca28d8905c91c195546e486b8788444693027bdaf3da15ba8caa389c79c9ec68f58922a4e0cd5d13beeb233a60e4a6f39e8a83f4','2023-07-05 16:29:15','2023-07-05 16:29:15'),('5f690419-b898-4012-8b32-d8ec7d8090bc','306b405bb27df58c4f35e7a981e837e9e4ad049f1c2c79fda0f115998499bede','809c304fca33a94d7d9bea3067b69d32d745053304617f9ae5ca1e328dcd0d37d0ebea56d7593cb567974e6aede8ce3a575f1d84a3e7a7c295d244bf875f9469292c532c40efd16d1796e43ee390f8db33c22a07684f8666eef673aae50a68d9bfa8a42f81d97d46532996d9371036744ba06eed2288ab878a765de8a5b756ae','d11352daeb4819ecb02722828688e83b60abc5acafe66628ae9f6f596b970fcba61dc743bf8a7badfd1cb3ca0ffdb912f6520801363d5428a215eb3b207a91bf9ee57186d858e2d7b463bc3bf963fb5255e2286c4cf0f4884347c3f85a0e5c7da3336a25894511f771028448ca447542','2023-07-07 14:10:01','2023-07-07 14:10:01'),('630320ae-fdd2-463a-bc6c-7f1f064e0f5e','c842654eacd07a270291df646f481377d83d655f513090dfdaa4c0c9f5e58b9d','c85261876cda382a0ec3bd58d4e9f51c384b7c8e6b0b0b8a2dcedb4c7d1b1be022837bd7b73acd4107ca64f587b5dab1343b2e1655dd84cba50101712953ba46c19d983edc96b0a435e4e5cbb42de9cba45be78fcddbd7d937e3036b6e51cc8d50631f88bbace5940ef9b4091c46015f8e1c2140b1be0585f5af62e69ecdd6c1','1254fd1551f2e3f1d54336a9e6b9443ac39cc90c5ff0b8429e227f0fac82d2867efbafa3ce15620afe30709e8d2c6b4e327f6ee34e2ee4cdc0374a48c48726054abfe28ceaa531d9f851389d306c0b2143d8f34063dddaa57a65912dfa2c54b96e6b3c5fd919fa77ce9b8d6e49ce272fd0416bed07d5be32fb3e7dcf7707955c67512dde2003a5dd5c9b307f9c65d622','2023-06-27 17:57:49','2023-06-27 17:57:49'),('688ea194-75e1-4c0c-b6ae-1b86e673cbbd','cdeccb1997314a58dc4e784c86ff88d8549d366661b888d9f4f9cd91e3906c61','b3d960aa7543c44525a82b679c744602612ea1192536e6f8ebd1758e4428942898ea7f0fe8dd53d65379e12d39bcca4202dbab89d5ccca39c792bf9675f625347b6d5f15c8cfbe7316a34f6bbad3897a6d4faf1b2b16ecf86bfaafe7488181b9cfaf0c8cdde425fc2793be439610510cd4299d39ec3b8c8a1b20da4d17b46e5c','1254fd1551f2e3f1d54336a9e6b9443afb819b71aa35227dccc02bd2001d59484d3064f7b705fce0b54a1b6b72c8cd47f20ac994adf916dd031432ae104d882a58c828e42ef3b51fa9b805cd3559e11d','2023-07-06 05:11:39','2023-07-06 05:11:39'),('6be7220c-aae4-47e2-a78c-715a7fb77f24','02c2927bda0f911a2d9853e7cc2a95e294e1bc84d071b275b3b49027655d70c4','b3d960aa7543c44525a82b679c744602612ea1192536e6f8ebd1758e4428942898ea7f0fe8dd53d65379e12d39bcca4202dbab89d5ccca39c792bf9675f625347b6d5f15c8cfbe7316a34f6bbad3897a6d4faf1b2b16ecf86bfaafe7488181b9cfaf0c8cdde425fc2793be439610510cd4299d39ec3b8c8a1b20da4d17b46e5c','1254fd1551f2e3f1d54336a9e6b9443afb819b71aa35227dccc02bd2001d594877e96e83cacf82b1f3385a1ceadf2b4f3805cf9eabd36316fa293b6643f753f3e33c6a8966bddc4963dcb9741c8e46f989c61c352d408c6230ee73f64472dcca','2023-07-05 18:03:20','2023-07-05 18:03:20'),('6ddfb4cc-26bf-4427-b55a-1206e0cfa939','a5919b0a7c906320af2ba79d3302f8e22e4a898412b51cdd840f324b0c870dd4','eb4a87e5aa554b0fba94e4406eab33522ca429c6ba729ed4f634020b96ab8dd00b280028d6d113a9cd1a624bbd7667aedbc00c33e65dc6d0db8ab25fa77c78b0e079cd78612b30b31a3f2f2ebd3169d14d06864d76a1926f07796b357cd8ee0a532fbdbbaaf9d8dea420c5f46fbc72f5','69dfcf47b7de7eb654da4d5546b9d55125927ff33974097a6f1489ef18999605359387844962a4852651d3055107682544ec211acedd8f5958cb4e39ce7ec0f29c0c0e88eae5c00ac856d24f3cb095fbdfb120dec6bcc59a0a5ef1fa68454e286041752d73c19f72454e9aa7a473cc00f10d26cc96dda6d21d337b8bb21cc659893421ca35f2cb6bde3b20f2011dcda83629a8fcbe0efc41203465d84598f4f9','2023-06-26 13:09:40','2023-06-26 13:09:40'),('7285015f-c135-429c-8b28-214363e2bd7d','e1110240a31d66b178901e8d603878eef765867590236afe596f4d79bb4fa3ea','e214919f3495e45586c6953381a484a81cef15a03b1c9385e28eb9580b604a27767586b1c29e9325f4adc3029199cda6dee892c86ac565ceb133fedcdba25b1c7924068414a3bea56fccf0e31279606b5c3d1ea24e08b85b841a1c8866f387e2f48c96b94421ab00f211750727cf8318858056c0fb0664665649f7b518f1191b','d11352daeb4819ecb02722828688e83b60abc5acafe66628ae9f6f596b970fcb5cf7044d86493188e3d66fb34a2eefcc2cb708eaa69b033ba6e46a930bf24020bc00fd7c80203e50d1d6a9f176bb171d83118c2434d4c83db5cd433fe3ac71e4f6de0c7cee299f33102e2e3a535fc9be','2023-06-27 17:48:24','2023-06-27 17:48:24'),('75de2c04-6532-4dec-9fa3-2dfefcb42bf4','1014f0bfe29584d8a5c74dcd44d0e991f928c6fc1e5b45ee4e6f45d7fbb24de6','f22900318aa168709d5e8d95b150aa5c0d79c57c651ecabacbd9dd039906946ef941f234df357c1d1ec8dcbb3c42235097e465eb2d1a397c0c9adf8029f566ace96a6b47f563ff6652cb0d5aa9629479','448d50e1fb3c506b6546a4829125834ad5fe584ab45f795e2b724eb61039622ba83b45d585d9afdf6477a72550fdff293291c89c556f26f08eaf80e3c658cbf6ada1593be706192ef980b42d4a8e25b4','2023-06-27 16:28:00','2023-06-27 16:28:00'),('76882cf8-d0fa-45fa-a883-20041843d676','c9bab7c8a73f1cd5a26354babf05a60471422206fee85282d9d9b15e779f6da5','9473bde71cbcec2572930aa196c12bc88919353faadadee65929a773c7e0c5d86ebbe9eb7c8f2a14180021b205ef89f16a3aa720016704c2bf394b4a6c1a13b98a8a539bee92e4b20b949fc64f588278ca5672372569bf4d7350c8fd46346aaabcc563d0af50726ae90c93b94be529f6','d11352daeb4819ecb02722828688e83b60abc5acafe66628ae9f6f596b970fcb8dbfa0a8cce12ca51f9e9132916f539d0d0b74531bff69221c1e809e6084e0998f1f2c3bdc637526276c521bd42fdc582dcf9eb5c00beb02115ba1f2dbfa038d90465e8c0e7255a818331c7bd400f2e3','2023-06-26 15:41:31','2023-06-26 15:41:31'),('7907974c-50d8-49c9-abde-99a13ab6a204','a5d9f7154914233c4ebef5f54ec1b05eadc7213821a6214ebdc9b5b77e6f3fb5','9473bde71cbcec2572930aa196c12bc88919353faadadee65929a773c7e0c5d86ebbe9eb7c8f2a14180021b205ef89f16a3aa720016704c2bf394b4a6c1a13b98a8a539bee92e4b20b949fc64f588278ca5672372569bf4d7350c8fd46346aaabcc563d0af50726ae90c93b94be529f6','d11352daeb4819ecb02722828688e83b60abc5acafe66628ae9f6f596b970fcbb49ee378a1be31a774f55ccdbded10500495df3fe242c9ccd1e86121f2f502c5bf6561ddfb5fcd3e7a896dcbaa013a6d168c0e124ff5abff8172059f57ac0428350125171c9197f8a8b8665263595336','2023-06-26 13:14:05','2023-06-26 13:14:05'),('7b64d930-18af-4af8-b88a-3dc3486147f7','2589f4b3e82cae6f237edbcb6996a5f2c03fe0fd6812741c48a68ce687bc7702','809c304fca33a94d7d9bea3067b69d32d745053304617f9ae5ca1e328dcd0d37d0ebea56d7593cb567974e6aede8ce3a575f1d84a3e7a7c295d244bf875f9469292c532c40efd16d1796e43ee390f8db33c22a07684f8666eef673aae50a68d9bfa8a42f81d97d46532996d9371036744ba06eed2288ab878a765de8a5b756ae','d11352daeb4819ecb02722828688e83b60abc5acafe66628ae9f6f596b970fcb27a16953cea532f1c363e84c73b458b14db21d97e5b9af80eff3fb879f0880416750004bfda2019fcbb90b20d019c8a6c36dd13ae0e3ce1f0158c1f915cbd834d7ab27d07c40fe247733b1f978703b26','2023-06-29 05:30:42','2023-06-29 05:30:42'),('7b6aecbf-d0e4-46c7-ab06-69557b57cd32','92efbb78bf1260c4186acf3f7fa57e4c1c19a7f3253e7eb539003f4ba3938329','9473bde71cbcec2572930aa196c12bc88919353faadadee65929a773c7e0c5d86ebbe9eb7c8f2a14180021b205ef89f16a3aa720016704c2bf394b4a6c1a13b98a8a539bee92e4b20b949fc64f588278ca5672372569bf4d7350c8fd46346aaabcc563d0af50726ae90c93b94be529f6','d11352daeb4819ecb02722828688e83b60abc5acafe66628ae9f6f596b970fcb7defe8ce01045fbedac5bfa9c2bd91a9cb9743d2003271d2c65769065e9ce9d4caacfa83aa1d9f0d6eec69f996e4932cf20dbba48c47e76f995575c90d80a540e606978ee3293a26c8b9d81ac1304481','2023-06-26 13:44:01','2023-06-26 13:44:01'),('7b8a9c88-ea48-4da5-b4e4-9284dd0642a1','95c348b70fbd9c7129c5879f69c0bfabe95b15c9b9b4f9bb30b5e391155de2b8','809c304fca33a94d7d9bea3067b69d32d745053304617f9ae5ca1e328dcd0d37d0ebea56d7593cb567974e6aede8ce3a575f1d84a3e7a7c295d244bf875f9469292c532c40efd16d1796e43ee390f8db33c22a07684f8666eef673aae50a68d9bfa8a42f81d97d46532996d9371036744ba06eed2288ab878a765de8a5b756ae','d11352daeb4819ecb02722828688e83b60abc5acafe66628ae9f6f596b970fcba61dc743bf8a7badfd1cb3ca0ffdb912f6520801363d5428a215eb3b207a91bf7eb03aeb36a6f911af2488e71c85f2cbefe58e2ff387c149ca77a3f1476dfa2f7dc957d3b155d9f853a8026b2f205691','2023-07-07 09:01:26','2023-07-07 09:01:26'),('7c92b82e-3115-4399-9e2d-479617490982','1014f0bfe29584d8a5c74dcd44d0e991f928c6fc1e5b45ee4e6f45d7fbb24de6','f22900318aa168709d5e8d95b150aa5c0d79c57c651ecabacbd9dd039906946ef941f234df357c1d1ec8dcbb3c42235097e465eb2d1a397c0c9adf8029f566ace96a6b47f563ff6652cb0d5aa9629479','448d50e1fb3c506b6546a4829125834ad5fe584ab45f795e2b724eb61039622b5f1725e6406d164ef3e4962bb30bdbaffbc42ea63fc5a306fa34d96d2241ae54f5c5967cebb5a45ae7ed361a76783763','2023-06-27 16:28:00','2023-06-27 16:28:00'),('7d1cbda5-67a8-4a2c-a002-d7fc12f5365d','a2f268def68349d0bb842e3ca492bb9b2a5babbd3bb4a0b2b83934e30df7ea8c','9473bde71cbcec2572930aa196c12bc88919353faadadee65929a773c7e0c5d86ebbe9eb7c8f2a14180021b205ef89f16a3aa720016704c2bf394b4a6c1a13b98a8a539bee92e4b20b949fc64f588278ca5672372569bf4d7350c8fd46346aaabcc563d0af50726ae90c93b94be529f6','d11352daeb4819ecb02722828688e83b60abc5acafe66628ae9f6f596b970fcb56f52e7b8609ef9f8bc257ff333f105b3192256ead69e029c5f0b815509fc5028f1c5111d9eb5dc7702679777a0a903a58dbb1f5ca8fd94063105fbcf6546360f44adf3227b9de2a5d671df556e23d3d','2023-06-27 05:30:49','2023-06-27 05:30:49'),('7da2d5f5-56eb-462a-9f3b-43bcf909c197','b1cccefd0b3ab8e8cb8f5fa69ba586e7d86e4f9bdc68ace32cf40117db3c4e76','dba88313287a5283f7043f6319635b70d03e44c877faaaf1a24b511929413537771b358dbf930dbdf8e53437cceb2aeadb74ee34fbe22ba7f1cc59249784d0b6b9385ac0a8e867dffaba4b3197fbdeedd599eb3d5dce80a700d27b37ecbdcac5af6d502ae0de1680c6c0a0d0ce4172f5dde1fbe457e8b6631e7a826ede94417e','69dfcf47b7de7eb654da4d5546b9d55125927ff33974097a6f1489ef18999605359387844962a4852651d305510768257bf6920ab2f8405f21f23178bc29eed7262ef08d03132211ba0511af00f9f9e9aab07ee16a03ab2210f40055a147127503310e0482b4463146592849670634c6e8c7e11e6f9dcdcc5fa5185b5c26ccf5','2023-07-07 14:11:16','2023-07-07 14:11:16'),('7e608d7d-be06-45a6-8f05-0b955f6c4688','1014f0bfe29584d8a5c74dcd44d0e991f928c6fc1e5b45ee4e6f45d7fbb24de6','f22900318aa168709d5e8d95b150aa5c0d79c57c651ecabacbd9dd039906946ef941f234df357c1d1ec8dcbb3c42235097e465eb2d1a397c0c9adf8029f566ace96a6b47f563ff6652cb0d5aa9629479','448d50e1fb3c506b6546a4829125834ad5fe584ab45f795e2b724eb61039622b91dd553cd428c612c3d0aaa3ffb978453a67524bcc8a124eaa12305a038f40d1ed88ca82230a19ef31d8fd2130056de1','2023-06-27 16:28:00','2023-06-27 16:28:00'),('7fed8a8f-63ae-4d16-bf05-05c153f1e0c1','9718fd9fab223ae05f292ad7820f327572f2c9528980c6520b56665ad30bd129','b3d960aa7543c44525a82b679c744602612ea1192536e6f8ebd1758e4428942898ea7f0fe8dd53d65379e12d39bcca4202dbab89d5ccca39c792bf9675f625347b6d5f15c8cfbe7316a34f6bbad3897a6d4faf1b2b16ecf86bfaafe7488181b9cfaf0c8cdde425fc2793be439610510cd4299d39ec3b8c8a1b20da4d17b46e5c','1254fd1551f2e3f1d54336a9e6b9443afb819b71aa35227dccc02bd2001d594878267268ba510a651a41545fbf0a6c889149ae414b90105169642c8ca53a4f011659e6a4713001f967f3c2ffc6bbbd5e','2023-07-07 14:12:21','2023-07-07 14:12:21'),('814cf0f9-eb39-454a-b8e7-2dd3c8208964','c88eaa58e811dbffdc40111173fc9adc1a46d5ee8666bdafbf9e4cbb075667aa','534f9b6eff6072f713265f3c649c9fecbc18dd26391a9fbe64f1d3a44f7be783ee5b7fb0c97a06b14893c5314108f853a777e081e37b1d7bef22526b8b292cb3bab9169919886a607e3236b63720d18090fa93630c4a63e088a1e04ff1c5e91e84ab6e426ffe053d3ef24463b52c20b6','1254fd1551f2e3f1d54336a9e6b9443ac39cc90c5ff0b8429e227f0fac82d286ad3fc8a3cccb8fe73bfcf2888760f710df1de71f06d7c6c080fda9bde36b9ea564c4e1ef015c4d94fce2ffd88c4130ad3950dfc7760a837fc26455c99931ad5d','2023-06-26 13:45:48','2023-06-26 13:45:48'),('85015408-b94a-4c60-95ba-5f3fb3e1e9a3','eb0a065fa431e154fd5205731f9af2d4419d4692c0f3e8a1f1f375ca9a35aa0d','eb4a87e5aa554b0fba94e4406eab33522ca429c6ba729ed4f634020b96ab8dd00b280028d6d113a9cd1a624bbd7667aedbc00c33e65dc6d0db8ab25fa77c78b0e079cd78612b30b31a3f2f2ebd3169d14d06864d76a1926f07796b357cd8ee0a532fbdbbaaf9d8dea420c5f46fbc72f5','69dfcf47b7de7eb654da4d5546b9d55125927ff33974097a6f1489ef18999605359387844962a4852651d305510768256af63b9914c1151d429968163786d23495ade1810e21c3a18b8d8e4f399bd9341647e2a9b41e769d143e3545fda344fc92f2093899089e159d549901402a9af1bcd787893d922f5ed3fafbd7b863535c','2023-06-26 15:24:07','2023-06-26 15:24:07'),('8d56cc94-3e2e-470e-929c-6cce1fe94558','cdc92890ffb9dce15337eb01060bce94d72092e5dacfbd745a4d34838b47337e','809c304fca33a94d7d9bea3067b69d32d745053304617f9ae5ca1e328dcd0d37d0ebea56d7593cb567974e6aede8ce3a575f1d84a3e7a7c295d244bf875f9469292c532c40efd16d1796e43ee390f8db33c22a07684f8666eef673aae50a68d9bfa8a42f81d97d46532996d9371036744ba06eed2288ab878a765de8a5b756ae','d11352daeb4819ecb02722828688e83b60abc5acafe66628ae9f6f596b970fcb8657b6d52ad859cc56603a2530465d28f4758149575ea1e2fdd40ca144a2691fc852cddce0356fcea279ff03609d3defd5c3fc199050baae7b3924fa6909fcae44303ef128fe07fae7a651f8e071441d','2023-07-05 08:21:43','2023-07-05 08:21:43'),('8e414f98-9b0c-4e0e-9832-b31ef92b6c08','b3cac6b44e1d26ddfcfb741ea909ff8fdc7054527c54366569ec8da83a6c7975','e214919f3495e45586c6953381a484a81cef15a03b1c9385e28eb9580b604a27767586b1c29e9325f4adc3029199cda6dee892c86ac565ceb133fedcdba25b1c7924068414a3bea56fccf0e31279606b5c3d1ea24e08b85b841a1c8866f387e2f48c96b94421ab00f211750727cf8318858056c0fb0664665649f7b518f1191b','d11352daeb4819ecb02722828688e83b60abc5acafe66628ae9f6f596b970fcb234d9dc5e60fa4f956971c20e10b06941b929cf1a3829992c53123f8f995852fc56fd81920de502027609b3f8eb247fe625a41b0213fecc71fd6b3376f51b024a0623e7b67d8bd1d576ac67988e1bfc9','2023-06-27 17:49:38','2023-06-27 17:49:38'),('91f0d289-0b1b-43d4-8d19-4c4f8ba59e1e','e36869aec8a6a698091b11bff66f6855f78448cd4ad7333efe5f7982ec330e77','dba88313287a5283f7043f6319635b70d03e44c877faaaf1a24b511929413537771b358dbf930dbdf8e53437cceb2aeadb74ee34fbe22ba7f1cc59249784d0b6c18ffd5bdc57f01098558a3b2c82763018f345559f6d8fe38e1e53a62c55ce7d60fdf2205b8d81a0061c6a305e248993686c4109f3987cf80d11dab2e3d76c9c','45c79e492d9cbb3e7a64e0745b60f11dcb115f4e21600fbdfdd6c137f68f611c3ccf3615eb13fe49bb352f4ef7f3387601fd2a6cbf398d924e3d43bfc8fb613cafa8b2dfc9a43a6a17b61a10031e178f59b3611b1fe7f37f18d46fc2ba3e530552700dc905295455149515b5692f9644406a929dfc58785c3c2ae941ce094514','2023-07-05 16:26:31','2023-07-05 16:26:31'),('951f141b-cbab-4a3f-85a0-265724be83b5','f01ebb0a212bf0f31ce7c128a509cdc6a7365a27eae731ff9c4cb629fbb67a86','809c304fca33a94d7d9bea3067b69d32d745053304617f9ae5ca1e328dcd0d37d0ebea56d7593cb567974e6aede8ce3a575f1d84a3e7a7c295d244bf875f9469292c532c40efd16d1796e43ee390f8db33c22a07684f8666eef673aae50a68d9bfa8a42f81d97d46532996d9371036744ba06eed2288ab878a765de8a5b756ae','d11352daeb4819ecb02722828688e83b60abc5acafe66628ae9f6f596b970fcb27a16953cea532f1c363e84c73b458b14db21d97e5b9af80eff3fb879f0880419b67f5e84d781811e69a1d02e987a87c6808d184ff6fe100729b12acad30fef310ea30165e804f09c03487abeadd71ec','2023-06-29 05:59:48','2023-06-29 05:59:48'),('958c9b7b-5fe5-4c12-a015-5fc71a300d78','1014f0bfe29584d8a5c74dcd44d0e991f928c6fc1e5b45ee4e6f45d7fbb24de6','f22900318aa168709d5e8d95b150aa5c0d79c57c651ecabacbd9dd039906946ef941f234df357c1d1ec8dcbb3c42235097e465eb2d1a397c0c9adf8029f566ace96a6b47f563ff6652cb0d5aa9629479','448d50e1fb3c506b6546a4829125834ad5fe584ab45f795e2b724eb61039622be081c8175a7666488fdaf25cf18e58d45c3799ea9dfb3dc9dd78e8230f25bbd03fd2f0d02435a46b7db24319e097abb9','2023-06-27 16:28:00','2023-06-27 16:28:00'),('95ef3943-b45d-48b0-9de5-17db000bb23d','46f6d068241fb2c0620954d31e5db9a5959c180b47e9f1a9973f8882ed2fc89c','dba88313287a5283f7043f6319635b70d03e44c877faaaf1a24b511929413537771b358dbf930dbdf8e53437cceb2aeadb74ee34fbe22ba7f1cc59249784d0b6b9385ac0a8e867dffaba4b3197fbdeedd599eb3d5dce80a700d27b37ecbdcac5af6d502ae0de1680c6c0a0d0ce4172f5dde1fbe457e8b6631e7a826ede94417e','69dfcf47b7de7eb654da4d5546b9d55125927ff33974097a6f1489ef18999605359387844962a4852651d30551076825c9d9cdcb0b6a66f7f1df1d886c2f43d6fdf5406b7344adae311636c0959fbe32d0a7d430d4d6c3f6d2c94d928ffa461540332dfee999d185f97bf225ebc144e804b84a37b43784a915096547220f6814cba1efeee39ce834be78154ad4b31a9d29fd5919669c06cea96e047249a456887b9352534c455d66aafb0bf1f2d8cfac90ae6c02e6f9aab8943d332b88ba6ce5','2023-07-01 12:55:11','2023-07-01 12:55:11'),('95efa6fc-ed0e-49a4-8520-5e3be6023bb1','edcbe44a581292aaf25915c975351425b7becc08679f119260ed153ecde2e22b','809c304fca33a94d7d9bea3067b69d32d745053304617f9ae5ca1e328dcd0d37d0ebea56d7593cb567974e6aede8ce3a575f1d84a3e7a7c295d244bf875f9469292c532c40efd16d1796e43ee390f8db33c22a07684f8666eef673aae50a68d9bfa8a42f81d97d46532996d9371036744ba06eed2288ab878a765de8a5b756ae','d11352daeb4819ecb02722828688e83b60abc5acafe66628ae9f6f596b970fcb27a16953cea532f1c363e84c73b458b14db21d97e5b9af80eff3fb879f0880419b67f5e84d781811e69a1d02e987a87c6808d184ff6fe100729b12acad30fef310ea30165e804f09c03487abeadd71ec','2023-06-29 04:37:35','2023-06-29 04:37:35'),('96266f15-552f-4d2f-bf41-a7291653d370','b746726dd3ade6d953e3ecb9051dc415a307cabfa8dba820e615f7415bd35198','e214919f3495e45586c6953381a484a81cef15a03b1c9385e28eb9580b604a27767586b1c29e9325f4adc3029199cda6dee892c86ac565ceb133fedcdba25b1c7924068414a3bea56fccf0e31279606b5c3d1ea24e08b85b841a1c8866f387e2f48c96b94421ab00f211750727cf8318858056c0fb0664665649f7b518f1191b','d11352daeb4819ecb02722828688e83b60abc5acafe66628ae9f6f596b970fcb43cafa7238e45cf278f2e3c4ee3377921b89bf2aca3396cd3e17b4b22c23e9623baf1c4db1a2cd686d9d400a297aaf62045b04cae3ca43131d4e952e534f52b60638109796ccb8cbb3eebfeea4419d9d','2023-06-27 18:03:19','2023-06-27 18:03:19'),('96b1d351-3a2e-4eb1-b471-aaa95aed19ed','7506ffd9b6b3f9549dc5bf84070b3b2182978bd830910d3adb8eee789d3c432e','dba88313287a5283f7043f6319635b70d03e44c877faaaf1a24b511929413537771b358dbf930dbdf8e53437cceb2aeadb74ee34fbe22ba7f1cc59249784d0b6b9385ac0a8e867dffaba4b3197fbdeedd599eb3d5dce80a700d27b37ecbdcac5af6d502ae0de1680c6c0a0d0ce4172f5dde1fbe457e8b6631e7a826ede94417e','69dfcf47b7de7eb654da4d5546b9d55125927ff33974097a6f1489ef18999605359387844962a4852651d30551076825ee015a3bfd40b22ae9b2d0f76b7fccebc0e8dc26b97b2d437e19001c67c3dd471624018eb1830233320f213a24c9a72ca70cfc10f9d74daf2543784452ef7fa2df17b19d36d9027d5a67fdace0aa12338fd1e4880eff3a4a227681839685cf3099c982b25b78443683dc0cfa13a08234','2023-07-06 05:26:33','2023-07-06 05:26:33'),('9a0a3c04-b028-4d77-8aad-88b16674b08f','b4b9d622e8d9702c8f48e65824b8b3620ba07d6f313d1512ee98476aaa1f1dc1','c85261876cda382a0ec3bd58d4e9f51c384b7c8e6b0b0b8a2dcedb4c7d1b1be022837bd7b73acd4107ca64f587b5dab1343b2e1655dd84cba50101712953ba46c19d983edc96b0a435e4e5cbb42de9cba45be78fcddbd7d937e3036b6e51cc8d50631f88bbace5940ef9b4091c46015f8e1c2140b1be0585f5af62e69ecdd6c1','1254fd1551f2e3f1d54336a9e6b9443ac39cc90c5ff0b8429e227f0fac82d286dd8a3440274c9cf51c118f4f7e30d557e2e4c9ca07abf8b9787994b61be11ac2603a97459bf048fac7ccfed5a3bfdecc1c1bb2c689dbfe762199560595ccbfad71d37e1b6634cd623d19ad9ba9597b47fafffd93c9ca7c5659424b709ff59280b918bbda35d5aef4367c1efd7abf4d451de3689278d93c43a3d00878630b2cd12450de2308c6be9d9a9581072024afa7','2023-06-27 17:55:27','2023-06-27 17:55:27'),('9d806c87-2e2e-4929-838d-29171d95a4e2','0049bb5fe68dc7a2971fac42c9d9532ff43384897e3051605590326d940e3645','e214919f3495e45586c6953381a484a81cef15a03b1c9385e28eb9580b604a27767586b1c29e9325f4adc3029199cda6dee892c86ac565ceb133fedcdba25b1c7924068414a3bea56fccf0e31279606b5c3d1ea24e08b85b841a1c8866f387e2f48c96b94421ab00f211750727cf8318858056c0fb0664665649f7b518f1191b','d11352daeb4819ecb02722828688e83b60abc5acafe66628ae9f6f596b970fcbe1e5e008092847e7b32172cd232f27150bda283e5e060371f8327549214ed05a2b946ff5cd28cfacf2c9a8d9724f4c288764847f2a7341bb0bbd0e00e7ea3aeba3e22c8f819c5814f9a75f87ff0ed31a','2023-06-27 17:47:16','2023-06-27 17:47:16'),('9eb90b07-fc4b-462e-bdaa-41748465cfdf','a64a203479ab5995a0685ab02689098e42ec48e2598e8fba81c281f5e1f1294f','eb4a87e5aa554b0fba94e4406eab33522ca429c6ba729ed4f634020b96ab8dd00b280028d6d113a9cd1a624bbd7667aedbc00c33e65dc6d0db8ab25fa77c78b0e079cd78612b30b31a3f2f2ebd3169d14d06864d76a1926f07796b357cd8ee0a532fbdbbaaf9d8dea420c5f46fbc72f5','69dfcf47b7de7eb654da4d5546b9d55125927ff33974097a6f1489ef18999605359387844962a4852651d305510768252cd1e04dbda3ac40f71c1f564053e82b99c42d8a37459494bb39582b98ee750080d1a3ab0409aee856b17c50bc44991b1e071d82506baabc13ae0068fd57ece884f4e5efb0b5981545c65299ebca434c','2023-06-26 15:36:02','2023-06-26 15:36:02'),('9fa4b8fe-d20e-4195-ae99-90e01f98b0d6','90405910ce52d9eb7e3a72f3e99210db3b24e6760f30c9406b974a5b299228c2','809c304fca33a94d7d9bea3067b69d32d745053304617f9ae5ca1e328dcd0d37d0ebea56d7593cb567974e6aede8ce3a575f1d84a3e7a7c295d244bf875f9469292c532c40efd16d1796e43ee390f8db33c22a07684f8666eef673aae50a68d9bfa8a42f81d97d46532996d9371036744ba06eed2288ab878a765de8a5b756ae','d11352daeb4819ecb02722828688e83b60abc5acafe66628ae9f6f596b970fcb27a16953cea532f1c363e84c73b458b14db21d97e5b9af80eff3fb879f0880416750004bfda2019fcbb90b20d019c8a6c36dd13ae0e3ce1f0158c1f915cbd834d7ab27d07c40fe247733b1f978703b26','2023-06-29 04:39:31','2023-06-29 04:39:31'),('a25a3474-1519-4148-9351-d75a55136cfd','f4fedd5799e272bccb724856b1ff393cb32c16f986d41242ba09f667658c2821','809c304fca33a94d7d9bea3067b69d32d745053304617f9ae5ca1e328dcd0d37d0ebea56d7593cb567974e6aede8ce3a575f1d84a3e7a7c295d244bf875f9469292c532c40efd16d1796e43ee390f8db33c22a07684f8666eef673aae50a68d9bfa8a42f81d97d46532996d9371036744ba06eed2288ab878a765de8a5b756ae','d11352daeb4819ecb02722828688e83b60abc5acafe66628ae9f6f596b970fcbefef59383e2eedcc8d72791b2d8fac12d9028da1b52ed2349d236089cdd1962e9f40efc2ee5d07b1b7205c64ab490773fed6922f5bbab238b7c6bd61433f53f1d561e55b83b060493769045cb0eeaf77','2023-07-04 04:07:52','2023-07-04 04:07:52'),('a484d961-e52b-4eb2-a079-acd04a4c3256','a8c976d48aa4d7e7b9b3053e56d6e0e865f83a0e35ea436282b5428c41bbdb83','c85261876cda382a0ec3bd58d4e9f51c384b7c8e6b0b0b8a2dcedb4c7d1b1be022837bd7b73acd4107ca64f587b5dab1343b2e1655dd84cba50101712953ba46c19d983edc96b0a435e4e5cbb42de9cba45be78fcddbd7d937e3036b6e51cc8d50631f88bbace5940ef9b4091c46015f8e1c2140b1be0585f5af62e69ecdd6c1','1254fd1551f2e3f1d54336a9e6b9443ac39cc90c5ff0b8429e227f0fac82d2866d9447030b030658404992255e525816c5268f5722e44f7aa45b1ea9ac87f900a9a2f1ce65a3b936d782e07a311c314c3dc9db70fe64d94ea0f3a98a4b60b45f5533f60a3c040533b2eb3b894682ac175680e87f4f6e99deb0ecfc671142940aeacc7abb0784aa69aff00c6cbe9a7e19','2023-06-27 18:04:44','2023-06-27 18:04:44'),('a61cda23-b252-42d8-9767-e8bb48a36f59','953068671fbbc7da86b7ca75cfb3a7e852bea9a000ed9cd714f28a438127de72','dba88313287a5283f7043f6319635b70d03e44c877faaaf1a24b511929413537771b358dbf930dbdf8e53437cceb2aeadb74ee34fbe22ba7f1cc59249784d0b6b9385ac0a8e867dffaba4b3197fbdeedd599eb3d5dce80a700d27b37ecbdcac5af6d502ae0de1680c6c0a0d0ce4172f5dde1fbe457e8b6631e7a826ede94417e','69dfcf47b7de7eb654da4d5546b9d55125927ff33974097a6f1489ef18999605359387844962a4852651d305510768257bf6920ab2f8405f21f23178bc29eed7262ef08d03132211ba0511af00f9f9e9aab07ee16a03ab2210f40055a147127503310e0482b4463146592849670634c6e8c7e11e6f9dcdcc5fa5185b5c26ccf5','2023-07-07 14:13:49','2023-07-07 14:13:49'),('a6430200-7aaf-4cb8-a69e-af22c5d6c1d5','1014f0bfe29584d8a5c74dcd44d0e991f928c6fc1e5b45ee4e6f45d7fbb24de6','f22900318aa168709d5e8d95b150aa5c0d79c57c651ecabacbd9dd039906946ef941f234df357c1d1ec8dcbb3c42235097e465eb2d1a397c0c9adf8029f566ace96a6b47f563ff6652cb0d5aa9629479','448d50e1fb3c506b6546a4829125834ad5fe584ab45f795e2b724eb61039622b5329bf3de88d03acccb4560cedce68e13d089684d13ca626ff04582f923ec4304af825e88c1ba71d7b6ab1d45f8073ec','2023-06-27 16:28:00','2023-06-27 16:28:00'),('a67e1418-c5d5-452b-8cba-b1a950c2eff9','8de3a88fbc709ac9ceb0479c2c11b7ad7ec362fe2795ffb4f628083aa0caca43','dba88313287a5283f7043f6319635b70d03e44c877faaaf1a24b511929413537771b358dbf930dbdf8e53437cceb2aeadb74ee34fbe22ba7f1cc59249784d0b6c18ffd5bdc57f01098558a3b2c82763018f345559f6d8fe38e1e53a62c55ce7d60fdf2205b8d81a0061c6a305e248993686c4109f3987cf80d11dab2e3d76c9c','45c79e492d9cbb3e7a64e0745b60f11d727bfca6a8da8083051b325e5ee2d7e8806942af31c0621ef73ab1d3eace377ad66a957ce6dad3edc675456c7e3f790c01603b9c2a35f2806ca8719ba881bc34f30e2f56d4b20a1f5076b80900abaa677ee9c353c44b044217000e30d2bb336133d89933383beb81cf7b5bebd0d37de3','2023-07-05 16:23:54','2023-07-05 16:23:54'),('a75fe29b-6c87-4121-967d-750c291b032e','1014f0bfe29584d8a5c74dcd44d0e991f928c6fc1e5b45ee4e6f45d7fbb24de6','f22900318aa168709d5e8d95b150aa5c0d79c57c651ecabacbd9dd039906946ef941f234df357c1d1ec8dcbb3c42235097e465eb2d1a397c0c9adf8029f566ace96a6b47f563ff6652cb0d5aa9629479','448d50e1fb3c506b6546a4829125834ad5fe584ab45f795e2b724eb61039622b9e3c97a690803501707905b0a9f61c13383c416c13b9076822438e577ac3a255c3577a4f10cd76c086d0026a63f4f258','2023-06-27 16:28:00','2023-06-27 16:28:00'),('a97c0936-f583-4028-9e8d-607763d5e593','d20a8e6111d2cb297dfe7b73d41374cf22ff15799c06d55778f4ea3cd43ee885','e4d570a7cb312098004a88591702d6827fb466b3920dd1cce99dedafca6673aa22c19c9ac8eff07aa3f9e17a4f941b459fb6d4ac7ea00a9bc56f9d5059165d91dd84e3fa71777b14cd4f12b7875e699e5157839bb30b9457cb8931102526328ca595071ec89f32b3f3408114df20517e2f5d8376a84fcdbe7b68558726978aeb','475a33c97b01d571c94f265413e404fb53b158d2f9d84a5ab0fdedce6d4047a537e74c272b415aaab951c0ba93a272b456e80739398bf693c6ad4985ef27ded9d15582fc347868eab535159d186a58d9aa9a1b12108385397ad094d367f96805','2023-07-06 05:05:13','2023-07-06 05:05:13'),('ab33d34a-a3d3-4ce3-9df8-49ac2f362dc8','53a1de6963f87f85f3bad6bf20af5f9839f0d6c34dabe7a1833b8cb46270820c','b3d960aa7543c44525a82b679c744602612ea1192536e6f8ebd1758e4428942898ea7f0fe8dd53d65379e12d39bcca4202dbab89d5ccca39c792bf9675f625347b6d5f15c8cfbe7316a34f6bbad3897a6d4faf1b2b16ecf86bfaafe7488181b9cfaf0c8cdde425fc2793be439610510cd4299d39ec3b8c8a1b20da4d17b46e5c','1254fd1551f2e3f1d54336a9e6b9443afb819b71aa35227dccc02bd2001d594800d51e5a7741e48e8fc68da2dda45911957fc2ab702de567a1551e9e2d7659a6a64260741689b51ec92ff5264ea1681c','2023-07-05 16:24:24','2023-07-05 16:24:24'),('b142af4a-b55d-4211-a834-d377a6dd6a1d','0049bb5fe68dc7a2971fac42c9d9532f0843bd91f03f21b86d9eeb2ae06c99ec','e214919f3495e45586c6953381a484a81cef15a03b1c9385e28eb9580b604a27767586b1c29e9325f4adc3029199cda6dee892c86ac565ceb133fedcdba25b1c7924068414a3bea56fccf0e31279606b5c3d1ea24e08b85b841a1c8866f387e2f48c96b94421ab00f211750727cf8318858056c0fb0664665649f7b518f1191b','d11352daeb4819ecb02722828688e83b60abc5acafe66628ae9f6f596b970fcb271471522b55a5e0c22066add3d5c360b076fe71802d3aa94ed197813042c6429820ab9c52f67071e83846db998e6598861a0c07bb6be0a9553a762182b3639fd5157da0c473ae0d16b7aa5a8d64c969','2023-06-27 17:47:51','2023-06-27 17:47:51'),('b15fde97-fd85-40b8-8713-b91ae5eb3280','1014f0bfe29584d8a5c74dcd44d0e991f928c6fc1e5b45ee4e6f45d7fbb24de6','f22900318aa168709d5e8d95b150aa5c0d79c57c651ecabacbd9dd039906946ef941f234df357c1d1ec8dcbb3c42235097e465eb2d1a397c0c9adf8029f566ace96a6b47f563ff6652cb0d5aa9629479','448d50e1fb3c506b6546a4829125834ad5fe584ab45f795e2b724eb61039622b611ed390c2a4095ece683785d6afd51d933f580ce37a5f8cf8b2f423cfc9ae0479707c7c9459c0c86faa4cce61402676','2023-06-27 16:28:00','2023-06-27 16:28:00'),('b1c6410d-dec6-4640-95b1-6f370c298fd8','6f29a2e58578feb8e72e795bf401baa2d01ac818742dddcf093b5ae162837a8d','e4d570a7cb312098004a88591702d6827fb466b3920dd1cce99dedafca6673aa22c19c9ac8eff07aa3f9e17a4f941b459fb6d4ac7ea00a9bc56f9d5059165d91dd84e3fa71777b14cd4f12b7875e699e5157839bb30b9457cb8931102526328ca595071ec89f32b3f3408114df20517e2f5d8376a84fcdbe7b68558726978aeb','475a33c97b01d571c94f265413e404fb53b158d2f9d84a5ab0fdedce6d4047a5ea53d1320f42d619245159f93c99ab035e77b879ecc27332c21495903c5383eebcdb4751b5020a31179bf946527430f2c1f83ef6951b49b5d8a93b024a549c20','2023-07-06 05:12:33','2023-07-06 05:12:33'),('b4d6def6-8c7b-4940-9c24-9177691e3760','a8808ceb32305a729d6bee043c9f56b1e3f3662248829daf390dd472b36dd5d1','809c304fca33a94d7d9bea3067b69d32d745053304617f9ae5ca1e328dcd0d37d0ebea56d7593cb567974e6aede8ce3a575f1d84a3e7a7c295d244bf875f9469292c532c40efd16d1796e43ee390f8db33c22a07684f8666eef673aae50a68d9bfa8a42f81d97d46532996d9371036744ba06eed2288ab878a765de8a5b756ae','d11352daeb4819ecb02722828688e83b60abc5acafe66628ae9f6f596b970fcb27a16953cea532f1c363e84c73b458b14db21d97e5b9af80eff3fb879f0880416750004bfda2019fcbb90b20d019c8a6c36dd13ae0e3ce1f0158c1f915cbd834d7ab27d07c40fe247733b1f978703b26','2023-06-29 06:00:36','2023-06-29 06:00:36'),('b68980bc-b034-4922-9315-1957cd8a8d09','ece7cb8a105cad4f1d0a65c275d641aee0961b9faf75904ec99498db908de0e9','809c304fca33a94d7d9bea3067b69d32d745053304617f9ae5ca1e328dcd0d37d0ebea56d7593cb567974e6aede8ce3a575f1d84a3e7a7c295d244bf875f9469292c532c40efd16d1796e43ee390f8db33c22a07684f8666eef673aae50a68d9bfa8a42f81d97d46532996d9371036744ba06eed2288ab878a765de8a5b756ae','d11352daeb4819ecb02722828688e83b60abc5acafe66628ae9f6f596b970fcb7e765e8c91eed94ea1bbe23a45bb0d6cf5f0a687312d77711010484c658a2cf1b3f2e819284f754b996d1adf39fdb83ad50d844c2b958df8bccd00e5caff333e1992eda34593ecbf85a5c91fa7e20d4e','2023-07-07 14:29:45','2023-07-07 14:29:45'),('b6a4e49b-b5a8-44b1-aae1-52e1383df296','f01ebb0a212bf0f31ce7c128a509cdc6d16769d88f08e1d07bb9d1741957e473','809c304fca33a94d7d9bea3067b69d32d745053304617f9ae5ca1e328dcd0d37d0ebea56d7593cb567974e6aede8ce3a575f1d84a3e7a7c295d244bf875f9469292c532c40efd16d1796e43ee390f8db33c22a07684f8666eef673aae50a68d9bfa8a42f81d97d46532996d9371036744ba06eed2288ab878a765de8a5b756ae','d11352daeb4819ecb02722828688e83b60abc5acafe66628ae9f6f596b970fcb27a16953cea532f1c363e84c73b458b14db21d97e5b9af80eff3fb879f0880416750004bfda2019fcbb90b20d019c8a6c36dd13ae0e3ce1f0158c1f915cbd834d7ab27d07c40fe247733b1f978703b26','2023-06-29 05:59:14','2023-06-29 05:59:14'),('b9968120-8c27-44c1-8cdd-0f8c10752303','1014f0bfe29584d8a5c74dcd44d0e991f928c6fc1e5b45ee4e6f45d7fbb24de6','f22900318aa168709d5e8d95b150aa5c0d79c57c651ecabacbd9dd039906946ef941f234df357c1d1ec8dcbb3c42235097e465eb2d1a397c0c9adf8029f566ace96a6b47f563ff6652cb0d5aa9629479','448d50e1fb3c506b6546a4829125834ad5fe584ab45f795e2b724eb61039622b689a9130528bcdba83bcebeccaa87dd198efbf03dab5afae71ad239e818d3da2c9b905c94fea93bc5905fed7a4c11a28','2023-06-27 16:28:00','2023-06-27 16:28:00'),('bd59b458-2f73-4376-b006-b403794b5a38','29075841e5c9f2e6c8300d6a22d88a52240801fe6b52ad05840e31f43c3a4c3c','c85261876cda382a0ec3bd58d4e9f51c384b7c8e6b0b0b8a2dcedb4c7d1b1be022837bd7b73acd4107ca64f587b5dab1343b2e1655dd84cba50101712953ba46c19d983edc96b0a435e4e5cbb42de9cba45be78fcddbd7d937e3036b6e51cc8d50631f88bbace5940ef9b4091c46015f8e1c2140b1be0585f5af62e69ecdd6c1','475a33c97b01d571c94f265413e404fb53b158d2f9d84a5ab0fdedce6d4047a52d2f54f689dc50699eba69ae587ccf6240f7c9736a167cf9c98bc93c2fd4ebe570f2d49cd996cabd53cfd4015e5fe4a561753270071c285ccc58c3d4b8152c6a1989a74999ec4d89b0408190d9c679a89a2c3c06b92e2d113dc66304a83d6e2492833d9b370b463b3216c273b892c5dc94db36b7e52d555a5ab2b33fa1d7fb33','2023-06-27 17:58:44','2023-06-27 17:58:44'),('bd76d0fa-38f0-4d87-b11f-2451f74a98f0','619b75b235e152a57082c2d679f9e7ce52b2cf2940e65134d827b78cd0f29219','809c304fca33a94d7d9bea3067b69d32d745053304617f9ae5ca1e328dcd0d37d0ebea56d7593cb567974e6aede8ce3a575f1d84a3e7a7c295d244bf875f9469292c532c40efd16d1796e43ee390f8db33c22a07684f8666eef673aae50a68d9bfa8a42f81d97d46532996d9371036744ba06eed2288ab878a765de8a5b756ae','d11352daeb4819ecb02722828688e83b60abc5acafe66628ae9f6f596b970fcb27a16953cea532f1c363e84c73b458b14db21d97e5b9af80eff3fb879f0880416750004bfda2019fcbb90b20d019c8a6c36dd13ae0e3ce1f0158c1f915cbd834d7ab27d07c40fe247733b1f978703b26','2023-06-29 05:29:12','2023-06-29 05:29:12'),('be32595f-fa72-4110-9d8b-dd9576f9e41e','6f29a2e58578feb8e72e795bf401baa2ca1ecae45b24e595c83cd6e7bb1ac05e','e4d570a7cb312098004a88591702d6827fb466b3920dd1cce99dedafca6673aa22c19c9ac8eff07aa3f9e17a4f941b459fb6d4ac7ea00a9bc56f9d5059165d91dd84e3fa71777b14cd4f12b7875e699e5157839bb30b9457cb8931102526328ca595071ec89f32b3f3408114df20517e2f5d8376a84fcdbe7b68558726978aeb','1254fd1551f2e3f1d54336a9e6b9443afb819b71aa35227dccc02bd2001d59486c8feab27acf56a76e0387f9c2dc24bb606733079980d53c253f283f2ca5cf236172a30b99e27ee67edacf5b26964254','2023-07-06 05:12:22','2023-07-06 05:12:22'),('bea4a32a-df8e-4418-b6c0-e42527ee295d','1014f0bfe29584d8a5c74dcd44d0e991f928c6fc1e5b45ee4e6f45d7fbb24de6','f22900318aa168709d5e8d95b150aa5c0d79c57c651ecabacbd9dd039906946ef941f234df357c1d1ec8dcbb3c42235097e465eb2d1a397c0c9adf8029f566ace96a6b47f563ff6652cb0d5aa9629479','448d50e1fb3c506b6546a4829125834ad5fe584ab45f795e2b724eb61039622bf2716abda1ed06ca908b0b9eb1e7f4b634771c6575613c7d6ed98c8c490f2573b96fb815072c9b2bb2deb4c3e27fe612','2023-06-27 16:28:00','2023-06-27 16:28:00'),('bf65d3a4-1792-4067-aeb5-86205808c3bb','c84584baa0a232a11d3be4be29e5b7d476baf6c51252184cb9888c7492dfb64c','809c304fca33a94d7d9bea3067b69d32d745053304617f9ae5ca1e328dcd0d37d0ebea56d7593cb567974e6aede8ce3a575f1d84a3e7a7c295d244bf875f9469292c532c40efd16d1796e43ee390f8db33c22a07684f8666eef673aae50a68d9bfa8a42f81d97d46532996d9371036744ba06eed2288ab878a765de8a5b756ae','d11352daeb4819ecb02722828688e83b60abc5acafe66628ae9f6f596b970fcb27a16953cea532f1c363e84c73b458b14db21d97e5b9af80eff3fb879f0880416750004bfda2019fcbb90b20d019c8a6c36dd13ae0e3ce1f0158c1f915cbd834d7ab27d07c40fe247733b1f978703b26','2023-06-29 06:01:11','2023-06-29 06:01:11'),('c0607bf6-025b-471b-8322-3fd5ffe975f8','00265571a3eaa01d33cfb8d700b1f5d7128fcc48a9717b0b26642ff931f2f7ef','dba88313287a5283f7043f6319635b70d03e44c877faaaf1a24b511929413537771b358dbf930dbdf8e53437cceb2aeadb74ee34fbe22ba7f1cc59249784d0b6b9385ac0a8e867dffaba4b3197fbdeedd599eb3d5dce80a700d27b37ecbdcac5af6d502ae0de1680c6c0a0d0ce4172f5dde1fbe457e8b6631e7a826ede94417e','69dfcf47b7de7eb654da4d5546b9d55125927ff33974097a6f1489ef18999605359387844962a4852651d30551076825c9d9cdcb0b6a66f7f1df1d886c2f43d6fdf5406b7344adae311636c0959fbe32d0a7d430d4d6c3f6d2c94d928ffa461540332dfee999d185f97bf225ebc144e804b84a37b43784a915096547220f6814cba1efeee39ce834be78154ad4b31a9d29fd5919669c06cea96e047249a456887b9352534c455d66aafb0bf1f2d8cfac90ae6c02e6f9aab8943d332b88ba6ce5','2023-07-01 13:43:09','2023-07-01 13:43:09'),('c2f41dad-8cb9-4d0d-b205-06827503e060','8de3a88fbc709ac9ceb0479c2c11b7adb2bdf3a6da4248c16ab2fbc9288d31f7','b3d960aa7543c44525a82b679c744602612ea1192536e6f8ebd1758e4428942898ea7f0fe8dd53d65379e12d39bcca4202dbab89d5ccca39c792bf9675f625347b6d5f15c8cfbe7316a34f6bbad3897a6d4faf1b2b16ecf86bfaafe7488181b9cfaf0c8cdde425fc2793be439610510cd4299d39ec3b8c8a1b20da4d17b46e5c','1254fd1551f2e3f1d54336a9e6b9443afb819b71aa35227dccc02bd2001d594845674b3bd3a30b54cde4f0a43eb5ce4bb6dfd5bcd9f277f0919c0c4cca10a4139683e926a60d1b7c89e3ab6e096f399efdf6f86c3f5fcb34b6b662f2505ed82c','2023-07-05 16:23:44','2023-07-05 16:23:44'),('cb646753-0345-4b4b-898d-eea24a03483d','894197d6b984043f28f14be9d2fe067a0d73662266abcef957b0bb9743f412e9','d46a21818c18e7685a14435015ac277c2b9e467e8d1d3ae50d2e435903da08601081dff6420568211f41d61758237c07fc6c9766749a031904b45036faeaf4c155505c236c46ea8aa6bd14879a740f7e452b9b431945c2873c3aeb739cec22d94023050171dc7c62d4d1d422141379e51115176171c7110553f1dde167e79b83','69dfcf47b7de7eb654da4d5546b9d55125927ff33974097a6f1489ef18999605359387844962a4852651d30551076825ee015a3bfd40b22ae9b2d0f76b7fccebc0e8dc26b97b2d437e19001c67c3dd471624018eb1830233320f213a24c9a72ca70cfc10f9d74daf2543784452ef7fa2df17b19d36d9027d5a67fdace0aa12338fd1e4880eff3a4a227681839685cf3099c982b25b78443683dc0cfa13a08234','2023-07-06 05:09:43','2023-07-06 05:09:43'),('cf98afdb-5dc2-4d4e-bca6-94635c5dce76','b647011d7b8c818fe08e542794b905d3900280600c3db7a9b99c858d0bb645d1','eb4a87e5aa554b0fba94e4406eab33522ca429c6ba729ed4f634020b96ab8dd00b280028d6d113a9cd1a624bbd7667aedbc00c33e65dc6d0db8ab25fa77c78b0e079cd78612b30b31a3f2f2ebd3169d14d06864d76a1926f07796b357cd8ee0a532fbdbbaaf9d8dea420c5f46fbc72f5','69dfcf47b7de7eb654da4d5546b9d55125927ff33974097a6f1489ef18999605359387844962a4852651d3055107682544ec211acedd8f5958cb4e39ce7ec0f29c0c0e88eae5c00ac856d24f3cb095fbdfb120dec6bcc59a0a5ef1fa68454e289e230a6e264db814e5739d0024dd754856f04c880e86eb29d849e78d536091a0','2023-06-26 13:46:28','2023-06-26 13:46:28'),('d2103c58-b0a5-40ba-9f1a-cde9314f8077','8560c0780d5d9bdbe953a87a9f32d29b53abf401310aaa42867aaa8b78de84b4','dba88313287a5283f7043f6319635b70d03e44c877faaaf1a24b511929413537771b358dbf930dbdf8e53437cceb2aeadb74ee34fbe22ba7f1cc59249784d0b6b9385ac0a8e867dffaba4b3197fbdeedd599eb3d5dce80a700d27b37ecbdcac5af6d502ae0de1680c6c0a0d0ce4172f5dde1fbe457e8b6631e7a826ede94417e','69dfcf47b7de7eb654da4d5546b9d55125927ff33974097a6f1489ef18999605359387844962a4852651d30551076825c9d9cdcb0b6a66f7f1df1d886c2f43d6fdf5406b7344adae311636c0959fbe32d0a7d430d4d6c3f6d2c94d928ffa461509294cd81cf098d99d4a1e21b2e74cf73b7f2e2993001beb25960b9fdd50ac94f1f24f48c25a7cee9572dfba5ac7c8406deb3c094b47d7394893830e343211ddac97d11b9f04dfd7fc7fc6a6fbd008ac','2023-07-05 08:13:15','2023-07-05 08:13:15'),('d2200fad-4746-4706-a279-7a6049420f67','cf13c0abd74a175088bb0a71ae01c42a39cbd91fd5045fb3b2c629c142562977','e214919f3495e45586c6953381a484a81cef15a03b1c9385e28eb9580b604a27767586b1c29e9325f4adc3029199cda6dee892c86ac565ceb133fedcdba25b1c7924068414a3bea56fccf0e31279606b5c3d1ea24e08b85b841a1c8866f387e2f48c96b94421ab00f211750727cf8318858056c0fb0664665649f7b518f1191b','d11352daeb4819ecb02722828688e83b60abc5acafe66628ae9f6f596b970fcb234d9dc5e60fa4f956971c20e10b06941b929cf1a3829992c53123f8f995852f5b4100f4ed3584a065117cecc21110c3015d033f6c0de567810ee389778b1a8a342b19a2ee4ff317ccdeaf7a7cfbfc62','2023-06-27 17:50:33','2023-06-27 17:50:33'),('d69c660f-526f-4573-86bb-695545de9136','a5166996cb19278cb939e20e3d591340dc8669d2115b3a3925c16f30935bf94f','809c304fca33a94d7d9bea3067b69d32d745053304617f9ae5ca1e328dcd0d37d0ebea56d7593cb567974e6aede8ce3a575f1d84a3e7a7c295d244bf875f9469292c532c40efd16d1796e43ee390f8db33c22a07684f8666eef673aae50a68d9bfa8a42f81d97d46532996d9371036744ba06eed2288ab878a765de8a5b756ae','d11352daeb4819ecb02722828688e83b60abc5acafe66628ae9f6f596b970fcb27a16953cea532f1c363e84c73b458b14db21d97e5b9af80eff3fb879f0880419b67f5e84d781811e69a1d02e987a87c6808d184ff6fe100729b12acad30fef310ea30165e804f09c03487abeadd71ec','2023-06-29 04:38:58','2023-06-29 04:38:58'),('d941bf5f-b2ce-406c-8b34-a9943832b0e4','1014f0bfe29584d8a5c74dcd44d0e991f928c6fc1e5b45ee4e6f45d7fbb24de6','f22900318aa168709d5e8d95b150aa5c0d79c57c651ecabacbd9dd039906946ef941f234df357c1d1ec8dcbb3c42235097e465eb2d1a397c0c9adf8029f566ace96a6b47f563ff6652cb0d5aa9629479','448d50e1fb3c506b6546a4829125834ad5fe584ab45f795e2b724eb61039622b5f1725e6406d164ef3e4962bb30bdbaffbc42ea63fc5a306fa34d96d2241ae54fd306e411987e226b4485c5d91945754','2023-06-27 16:28:00','2023-06-27 16:28:00'),('d9e80c92-d2eb-4c9f-a8df-5f4efeb8648d','32bf22eaf0465e17d2add9f188664e83dd8ef2ba507143eaf1aa2e408ba011c8','85e0feab46d95f77be567df15227204246beb58a32123186b720d54c6a668588b12247a6559736609c95f1cbbf6685cf99319859f1cff46d6de91d6d1f7ef25fc0d6eb1f33725c49a33a426c3791589ca63dcfb4a9db05df506699d6fad3119c28456475f0efbc170402ab4376ba8790c136520fd8c92a30f100cbc88f859cfa','69dfcf47b7de7eb654da4d5546b9d55125927ff33974097a6f1489ef18999605359387844962a4852651d30551076825980437c698ebeb976f49b0f14e0292c575614afd815eee47f841d1dfd86fb5aa1b20937d9c47b3f9c81cadedea8a098e807c08d62fb45c5d0791cd028948902adbf9430983105886b5c70b7268373908f0f71e89f208d462a67197a363d37474','2023-07-08 04:51:14','2023-07-08 04:51:14'),('db29ffa7-34a5-4923-82db-b7c98e1bb623','942cc46870bfa5fe9f4d45564f30420cbd627bf3c7c0cdca70d098b613b39f7b','809c304fca33a94d7d9bea3067b69d32d745053304617f9ae5ca1e328dcd0d37d0ebea56d7593cb567974e6aede8ce3a575f1d84a3e7a7c295d244bf875f9469292c532c40efd16d1796e43ee390f8db33c22a07684f8666eef673aae50a68d9bfa8a42f81d97d46532996d9371036744ba06eed2288ab878a765de8a5b756ae','d11352daeb4819ecb02722828688e83b60abc5acafe66628ae9f6f596b970fcb27a16953cea532f1c363e84c73b458b14db21d97e5b9af80eff3fb879f0880416750004bfda2019fcbb90b20d019c8a6c36dd13ae0e3ce1f0158c1f915cbd834d7ab27d07c40fe247733b1f978703b26','2023-06-29 02:30:31','2023-06-29 02:30:31'),('dbecadb2-ac7b-4c17-9998-d9c906ab84a5','73b2648f978e1ad7505a997ead8f449654a7ba0b3941428018d95a00cf56aa41','c85261876cda382a0ec3bd58d4e9f51c384b7c8e6b0b0b8a2dcedb4c7d1b1be022837bd7b73acd4107ca64f587b5dab1343b2e1655dd84cba50101712953ba46c19d983edc96b0a435e4e5cbb42de9cba45be78fcddbd7d937e3036b6e51cc8d50631f88bbace5940ef9b4091c46015f8e1c2140b1be0585f5af62e69ecdd6c1','1254fd1551f2e3f1d54336a9e6b9443ac39cc90c5ff0b8429e227f0fac82d286e06e31d0b51167e0dd03759ea05b4904fb4a8daff43395f857a5fb5aeb537977bc96bbc75f7a2404378e9d5b18e90fcd0e75ccb30193e32225c591ec665e840631f0d400582752c289977739fc7aad82c6392d4dc986f7c6867fb858775f1fc42953d9e6f8927a32cbaa817ec899a833','2023-06-27 17:56:29','2023-06-27 17:56:29'),('e50b0c0c-605c-4cd8-84be-c151050f65d8','349fad5c9a76d7c4bebea22579114d7944cdc5d9f8001b288b159d5b11a9298f','63707d91b7773c772135536256e013c97fef81f9387169a12c623a61d3a02c468eeed37a4e3662aa344543c854bf3df6a667c0cbad0da67a557ba828dbe83d33ece7e62ec1b5dc50ce5e0b83d4bc8cf3d6e9826f951feae4395b4b93227957e90881b7121baad5003dfacf8577b33a05ad92c1c5c6a84468ad87a57ef6c6b16a','69dfcf47b7de7eb654da4d5546b9d55125927ff33974097a6f1489ef18999605359387844962a4852651d30551076825d506bed5b43a3fa79538c668a49bbe5e813c5256b06e171ffb6f8de4a56b1c07b53db6ca1fd312f4ce05dda033977dca07f18235e6bbcb4a04954778b474715ac10f91c572d9b1e0eb6443380eaffef2e965a4c49e40290e266ae18edaa91c98da4d89eff80072a74847bf4e7a7483d201dfcb574e884390b4136d6a9b549e57f7b2f8dc021fd0ecbb65458e73bf4389ccb4a841f3348c190c780a46e936801f233184696278db5cc4f5a3d856f2c4262afc2864c6e66f7327836dd9ee71bcbffec45fdf1497663e0e97b54cb9610d3e251fe2b717ff5933edf906f484f0d5d0ee432ce65555e8c0e1c1cf2409424f382105203840fbf786afba55216e8320b966881ffbb559a6a0f2c65277a5944150','2023-06-27 18:05:00','2023-06-27 18:05:00'),('e7243a04-a6a0-4216-b57c-82c03f7794e5','1014f0bfe29584d8a5c74dcd44d0e991f928c6fc1e5b45ee4e6f45d7fbb24de6','f22900318aa168709d5e8d95b150aa5c0d79c57c651ecabacbd9dd039906946ef941f234df357c1d1ec8dcbb3c42235097e465eb2d1a397c0c9adf8029f566ace96a6b47f563ff6652cb0d5aa9629479','448d50e1fb3c506b6546a4829125834ad5fe584ab45f795e2b724eb61039622bebef3e0d98a3ae582674d84f2110238900899e523efe80057a16cb20ecce7e7224e1c5bcc9610f336bca20c25960ca0f','2023-06-27 16:28:00','2023-06-27 16:28:00'),('e9009fa2-284f-46cc-8e11-33e6db692e8c','e6c8eab3a9970217ab8f23946b7cb188a641b8ee3c5038cdb3d1499ed4a88af7','e4d570a7cb312098004a88591702d6827fb466b3920dd1cce99dedafca6673aa22c19c9ac8eff07aa3f9e17a4f941b459fb6d4ac7ea00a9bc56f9d5059165d91dd84e3fa71777b14cd4f12b7875e699e5157839bb30b9457cb8931102526328ca595071ec89f32b3f3408114df20517e2f5d8376a84fcdbe7b68558726978aeb','1254fd1551f2e3f1d54336a9e6b9443afb819b71aa35227dccc02bd2001d59484362c52f1e24161b40ec9b6c4a2f13f2b24fcba4d132453cc051dfbabb241243e661bd963067e8b603b49edb5b9c7f99c0c9f9f6201e7b4126b1908d1b2b23a9','2023-07-06 05:04:49','2023-07-06 05:04:49'),('e9270ab5-3ea1-40d7-8c35-707824727dd4','e7147b302f44e38edcf774ff5c123a63867d47a1e64f93c49e2959c5288bf741','809c304fca33a94d7d9bea3067b69d32d745053304617f9ae5ca1e328dcd0d37d0ebea56d7593cb567974e6aede8ce3a575f1d84a3e7a7c295d244bf875f9469292c532c40efd16d1796e43ee390f8db33c22a07684f8666eef673aae50a68d9bfa8a42f81d97d46532996d9371036744ba06eed2288ab878a765de8a5b756ae','d11352daeb4819ecb02722828688e83b60abc5acafe66628ae9f6f596b970fcb271471522b55a5e0c22066add3d5c360b076fe71802d3aa94ed197813042c6422695654f2454d7415dce5d211089fba73ddf2ea53d1212594fb8ebd4a632b1d26ab50734bda49420ef33630c0b9f61ba','2023-06-29 05:31:12','2023-06-29 05:31:12'),('eb253136-094f-4859-8de0-2f124956f48d','0c1a56bf13bfbdacf8e6171264f7e9ec002b02e0775ed2822cee1e181fbb24c5','b3d960aa7543c44525a82b679c744602612ea1192536e6f8ebd1758e4428942898ea7f0fe8dd53d65379e12d39bcca4202dbab89d5ccca39c792bf9675f625347b6d5f15c8cfbe7316a34f6bbad3897a6d4faf1b2b16ecf86bfaafe7488181b9cfaf0c8cdde425fc2793be439610510cd4299d39ec3b8c8a1b20da4d17b46e5c','475a33c97b01d571c94f265413e404fb53b158d2f9d84a5ab0fdedce6d4047a57afaf9d09354e6a3bd7b9476c0fd9c6eba2f0e064812fb5fe8e0effa104c835949e07bffd3faaec528fbb080898181b8b35fed7119f14df52291a7694b4ae123','2023-07-05 18:04:07','2023-07-05 18:04:07'),('ec2f86fd-e669-4235-86cf-9362972a90f1','1014f0bfe29584d8a5c74dcd44d0e991f928c6fc1e5b45ee4e6f45d7fbb24de6','f22900318aa168709d5e8d95b150aa5c0d79c57c651ecabacbd9dd039906946ef941f234df357c1d1ec8dcbb3c42235097e465eb2d1a397c0c9adf8029f566ace96a6b47f563ff6652cb0d5aa9629479','448d50e1fb3c506b6546a4829125834ad5fe584ab45f795e2b724eb61039622be081c8175a7666488fdaf25cf18e58d45c3799ea9dfb3dc9dd78e8230f25bbd0d646d105d94cc327dd6e57115f3da0fb','2023-06-27 16:28:00','2023-06-27 16:28:00'),('f03bb5d6-245a-40a1-bc3c-919a739c497a','7097f55bc931c6f7090e688310e1158a121b292183d432a2d07715a222c5136d','63707d91b7773c772135536256e013c97fef81f9387169a12c623a61d3a02c468eeed37a4e3662aa344543c854bf3df6a667c0cbad0da67a557ba828dbe83d33ece7e62ec1b5dc50ce5e0b83d4bc8cf3d6e9826f951feae4395b4b93227957e90881b7121baad5003dfacf8577b33a05ad92c1c5c6a84468ad87a57ef6c6b16a','69dfcf47b7de7eb654da4d5546b9d55125927ff33974097a6f1489ef18999605359387844962a4852651d305510768252cd1e04dbda3ac40f71c1f564053e82b99c42d8a37459494bb39582b98ee7500037542508e9a5863f1e990d0da814b6e0737effcbbde30baf98e1a18d4b90af05cb1995714e5f59a92e5e544869ba32b46a88b008040c542b6c53818199b8742a5488b3879839e37beb7572c4ea2e68b11f1366a7afb98fce1a750dc4ed7c7473d1606cc97a0fbce985a6b2ef00b6db92dad7988fcdf7806e4e15ed3350ab01685fd4cb739de4a1e265e53bf8e234f2d6041c6a49c7565c7a90c80331fcbe247c4963528845cc492f7ae014ddc659fa0730ba69e145dc13adc47ad08fc53df210d18d05b47a1723dfffeb620c9b09d029dd691b69228a11178e14431695b40bbf8f3e570bc452ea1f6b79e8de05223fa','2023-06-27 17:59:25','2023-06-27 17:59:25'),('f08d231d-3683-472d-aed0-f7f54a17336f','2ec76eeb2d541bd55fedbf2724ea54f87b54da882c3a31b8ff6910b1662bdf26','809c304fca33a94d7d9bea3067b69d32d745053304617f9ae5ca1e328dcd0d37d0ebea56d7593cb567974e6aede8ce3a575f1d84a3e7a7c295d244bf875f9469292c532c40efd16d1796e43ee390f8db33c22a07684f8666eef673aae50a68d9bfa8a42f81d97d46532996d9371036744ba06eed2288ab878a765de8a5b756ae','d11352daeb4819ecb02722828688e83b60abc5acafe66628ae9f6f596b970fcb76b77a9a22a7561baf2c2df0b4f8e6e684dbae9e83fe5204ba3a15c89ed7ecdb1dc432f0e432a978f269c9032e1fafbf4ca77eb7936d7901c4d2b67248a9f1fff087197cb8109bc0e6dce280097739e3','2023-07-01 13:42:13','2023-07-01 13:42:13'),('f198cd6c-c5b1-4cfb-9df4-b6426aae0175','e1110240a31d66b178901e8d603878eebeeb3c08bb11f8b84baef5a0a5faab12','e214919f3495e45586c6953381a484a81cef15a03b1c9385e28eb9580b604a27767586b1c29e9325f4adc3029199cda6dee892c86ac565ceb133fedcdba25b1c7924068414a3bea56fccf0e31279606b5c3d1ea24e08b85b841a1c8866f387e2f48c96b94421ab00f211750727cf8318858056c0fb0664665649f7b518f1191b','d11352daeb4819ecb02722828688e83b60abc5acafe66628ae9f6f596b970fcbdf81636ba3f5ae7484332cb13bcb1be37346c3fd03d7dd17f4be48a73078fdcf7b9a5606885d879a22669674995a5dc96cc681df35e01954f0e9c349c0364d610fdc8ca2a3dfa56f627c1969d00888c1','2023-06-27 17:48:55','2023-06-27 17:48:55'),('f341ab12-8591-45c0-99a4-676413734016','dc8fa7ccf85e4b4dc7277c9442be272874093c962dfe643ccf741e41adc36f34','e214919f3495e45586c6953381a484a81cef15a03b1c9385e28eb9580b604a27767586b1c29e9325f4adc3029199cda6dee892c86ac565ceb133fedcdba25b1c7924068414a3bea56fccf0e31279606b5c3d1ea24e08b85b841a1c8866f387e2f48c96b94421ab00f211750727cf8318858056c0fb0664665649f7b518f1191b','d11352daeb4819ecb02722828688e83b60abc5acafe66628ae9f6f596b970fcb11ec778388c380561a7761d91533d6b093bc1610077932dca4cb824b4019e469a4726c7a8895bc7c0173688c207aa7274f41f1ead6b59d9190145defc51d9789322fb491cf1b20f7c29c4375d69e577b','2023-06-27 18:00:54','2023-06-27 18:00:54'),('f3a43eec-03d7-479c-bca0-327431e2a371','9e13d2a4bdd09fc5ae7ce7e04847fd8d0871e85e30836437ab9f8b2cda8aa899','e214919f3495e45586c6953381a484a81cef15a03b1c9385e28eb9580b604a27767586b1c29e9325f4adc3029199cda6dee892c86ac565ceb133fedcdba25b1c7924068414a3bea56fccf0e31279606b5c3d1ea24e08b85b841a1c8866f387e2f48c96b94421ab00f211750727cf8318858056c0fb0664665649f7b518f1191b','d11352daeb4819ecb02722828688e83b60abc5acafe66628ae9f6f596b970fcb31888df1f960eb76b89956c74eee0ad18ac8bd392c7bef953dfdf0b687e17070934c3a6e071b4a7865f4d440430d292bc6766b5ae022e79dd1d61ecd3d68c60273e71e95261cad4130dee9046de7aee5','2023-06-27 17:45:18','2023-06-27 17:45:18'),('f71c2127-3152-46e3-b4f4-90c8de42374d','8e2a48ab58de6fe974922a6cc246ae7e1316cd349db7da7d2cec491f8881feee','b3d960aa7543c44525a82b679c744602612ea1192536e6f8ebd1758e4428942898ea7f0fe8dd53d65379e12d39bcca4202dbab89d5ccca39c792bf9675f625347b6d5f15c8cfbe7316a34f6bbad3897a6d4faf1b2b16ecf86bfaafe7488181b9cfaf0c8cdde425fc2793be439610510cd4299d39ec3b8c8a1b20da4d17b46e5c','475a33c97b01d571c94f265413e404fb53b158d2f9d84a5ab0fdedce6d4047a561d9a54dd7ce25d97205681fc36b83d980014ff17b2140213a2da8896065f1350c16657537d187bdb923a33d435f61ac7edf5df760be872eb979bc78469efd43','2023-07-07 14:14:11','2023-07-07 14:14:11'),('f91a6ac9-9cb0-4615-8ebe-5a6c8157ac0a','200ce70d8e784c7006af6979df5ef602ff985f8de929924f6a374bd4a22c7d79','b3d960aa7543c44525a82b679c744602612ea1192536e6f8ebd1758e4428942898ea7f0fe8dd53d65379e12d39bcca4202dbab89d5ccca39c792bf9675f625347b6d5f15c8cfbe7316a34f6bbad3897a6d4faf1b2b16ecf86bfaafe7488181b9cfaf0c8cdde425fc2793be439610510cd4299d39ec3b8c8a1b20da4d17b46e5c','1254fd1551f2e3f1d54336a9e6b9443afb819b71aa35227dccc02bd2001d5948f170a8c44495b0c4124ecf9c9bce3f05251b746214f86d61aa1fa8b64d0c7a10f65049d8edc28b17990b4af66d5d5a48','2023-07-05 16:20:14','2023-07-05 16:20:14'),('f9c58f1c-93af-444c-bc44-fd52ddf055dc','29075841e5c9f2e6c8300d6a22d88a52d333f6546d98c88954d0514dc32bd8b6','c85261876cda382a0ec3bd58d4e9f51c384b7c8e6b0b0b8a2dcedb4c7d1b1be022837bd7b73acd4107ca64f587b5dab1343b2e1655dd84cba50101712953ba46c19d983edc96b0a435e4e5cbb42de9cba45be78fcddbd7d937e3036b6e51cc8d50631f88bbace5940ef9b4091c46015f8e1c2140b1be0585f5af62e69ecdd6c1','475a33c97b01d571c94f265413e404fb53b158d2f9d84a5ab0fdedce6d4047a582b7b0a0282daeb451518dbf7b01c2f8a2d9430d419cdb67102225d5e993310bd88fa5b091b63b8e12d63c015147915e7fe4aca5df49db8d35a9170e40b216c7b724cbd8f71e4dc63418805f5a5d31cb3caebe3fe49039f0560b015c2691c5deee09a9a5a8aa97a890c23fddb27bdd1072997e0a903061583edf0c596936737f','2023-06-27 17:58:52','2023-06-27 17:58:52'),('fa311b32-220f-405f-a90f-2435ae6ec517','d18458e3c345e50979becc3e0e708345a0ea69fd397e8d6e017d91e4a4822f9d','63707d91b7773c772135536256e013c97fef81f9387169a12c623a61d3a02c468eeed37a4e3662aa344543c854bf3df6a667c0cbad0da67a557ba828dbe83d33ece7e62ec1b5dc50ce5e0b83d4bc8cf3d6e9826f951feae4395b4b93227957e90881b7121baad5003dfacf8577b33a05ad92c1c5c6a84468ad87a57ef6c6b16a','69dfcf47b7de7eb654da4d5546b9d55125927ff33974097a6f1489ef18999605359387844962a4852651d305510768256fa8c0789d650aa3725072b0d65b98dc42ddf460578320625537b93f220ea1d397fc96f857547571dc994363db4cd213fc565428b4d509b632769ce9bb8f0cadac11f2a4066f2bc241bec9afdfebefa99808d867f0456b50f531805ecb9ce496b3d53536172375ab3511c56b7c475640d9791e198e615eae49440089ecaaa4547c183d68004e72255fde43d7073b9c6e11496e1c3973cba424e93a0df7a218b19a90a10e8926b4089e5d923a534e0e2463ad7505f7f51f8c08cef19d91591a907d09b4a87f4381befa799ab451a90434dd43f4fa89ed516939d464251d6a1a0e5129301a93017d2f35644c5d2ef839841744a51759b3bb4c699682ab8463b7c349468d9cc46bcfea4a8bd7be2abe9147','2023-06-28 02:47:01','2023-06-28 02:47:01'),('fcd730bc-ffa4-4ef9-b82b-ab81d7746ca3','2eddded8911e5691130fdc1b87cd58ddfcf6a5df29cb20003e84c72539b708d7','9473bde71cbcec2572930aa196c12bc88919353faadadee65929a773c7e0c5d86ebbe9eb7c8f2a14180021b205ef89f16a3aa720016704c2bf394b4a6c1a13b98a8a539bee92e4b20b949fc64f588278ca5672372569bf4d7350c8fd46346aaabcc563d0af50726ae90c93b94be529f6','d11352daeb4819ecb02722828688e83b60abc5acafe66628ae9f6f596b970fcbb23862d81bdb30e7f0f74a8aedee4e93c7f4639f294f3bcbd3a80810c6cb6b53e8c89b9e896ba6415a6a8ea957296c34b57b53aca2c9fa154674e50fdae1d195a05fdf0a0d5e17f32b382d2dab340f8b','2023-06-26 13:18:48','2023-06-26 13:18:48'),('ff1f1846-38a6-4960-a1ec-30acffda822d','7b7d0d2654a55d856af9d897a5282d91bfe02ee642108b063f241493ae337091','809c304fca33a94d7d9bea3067b69d32d745053304617f9ae5ca1e328dcd0d37d0ebea56d7593cb567974e6aede8ce3a575f1d84a3e7a7c295d244bf875f9469292c532c40efd16d1796e43ee390f8db33c22a07684f8666eef673aae50a68d9bfa8a42f81d97d46532996d9371036744ba06eed2288ab878a765de8a5b756ae','d11352daeb4819ecb02722828688e83b60abc5acafe66628ae9f6f596b970fcb11ec778388c380561a7761d91533d6b093bc1610077932dca4cb824b4019e4698921c7b1876308563b457fea4d610036b048a290dccd89c1d9fde1b119a3e6fcb4d38a3caeb83df47fd8e08e686c6126','2023-07-04 09:58:12','2023-07-04 09:58:12');
/*!40000 ALTER TABLE `logs` ENABLE KEYS */;
UNLOCK TABLES;

--
-- Table structure for table `notifications`
--

DROP TABLE IF EXISTS `notifications`;
/*!40101 SET @saved_cs_client     = @@character_set_client */;
/*!50503 SET character_set_client = utf8mb4 */;
CREATE TABLE `notifications` (
  `_id` varchar(255) NOT NULL,
  `title` text NOT NULL,
  `content` text NOT NULL,
  `isRead` tinyint(1) NOT NULL DEFAULT '0',
  `recipient` text NOT NULL,
  `sender` text NOT NULL,
  `idRecipient` text NOT NULL,
  `createdAt` datetime NOT NULL,
  `updatedAt` datetime NOT NULL,
  PRIMARY KEY (`_id`)
) ENGINE=InnoDB DEFAULT CHARSET=utf8mb4 COLLATE=utf8mb4_0900_ai_ci;
/*!40101 SET character_set_client = @saved_cs_client */;

--
-- Dumping data for table `notifications`
--

LOCK TABLES `notifications` WRITE;
/*!40000 ALTER TABLE `notifications` DISABLE KEYS */;
INSERT INTO `notifications` VALUES ('0121e5ab-4e92-4f21-a770-4d2db9025154','a512107e9a1c49a1ade381545312406cb2e8cf4cbdcb31ca4892d734b6d72041','978468a3efd12f72c4dfd048823c72b9d015d1b100125f01dc4127a075bbec750d201440aaef003dc486513b2d07a8e5fc29688b61b96324bd1440d8631ebc1e',0,'9d835590c9d2dcd00933000fdce774eb','fdd903a5cfa53a8e6656449b6bc525ea','b6634e26-91e5-4f4a-91cb-aa542c85fab3','2023-06-25 09:25:36','2023-06-25 09:25:36'),('0556b684-0879-4d96-8b0a-d5cdc05df033','fbf6cf05d9b8069243b6e68bba100b7b','5d318fce75536cc03add79c605cf6934cca1dacd8aa50c997c297a68cc3fef6beed6b1d5d3b56557c426b4d2f1f209ea1e70a3cef4d73c275c4ae167f5c1191306da45d0a196f1e74f6928a247f56435',0,'fdd903a5cfa53a8e6656449b6bc525ea','','6c136978-1c9f-43e1-8835-73ebc9dcd259','2023-06-26 06:04:17','2023-06-26 06:04:17'),('062d754a-9f95-49e5-92f6-5675efa371e9','fbf6cf05d9b8069243b6e68bba100b7b','548041746799282bfb187425dda7cf9d16b2e44342a1e81dbb33568fb2fafd92270af9ee1489e8a6936d85d2e8262116fbb1683985a1c2aeea1b477aac8b051acb3dd4807b0e499952022ffa6070dff8',1,'f755ad0344cc86891524bcecbc0d29dc','','b16ca265-d376-46cf-8c04-78805a412002','2023-06-29 07:11:07','2023-07-02 14:35:15'),('064f679b-b983-4a8a-b22c-b703aeb19445','a512107e9a1c49a1ade381545312406cb2e8cf4cbdcb31ca4892d734b6d72041','978468a3efd12f72c4dfd048823c72b9186f285f029e472909904d31f65c381c9266ad61fdaa916555eaf8e8e7d87e4f3267176b2e727d2f2f31c455496a60af',0,'6466d4dcaf6a56a8cc270d84d0137821','f3c9019eb37cf8991fc241b04794567f6d58002d321582bf401740803e3cda97','9a326b6a-c217-4924-8716-a01c0ac62482','2023-06-27 17:52:29','2023-06-27 17:52:29'),('075f3f0a-5ed7-4558-b9b3-26227d8bfd13','d44fa39e21b7589f53257292fe9d6e1071a0a3f435bf5c8d0c0cf8dc72f24f99','61d99429d1ebb42c367ba5f3c746c1d0d531050cc6de987e690973ef43a20dd4bf459c4b8fd2bf3588b5fca219dd70bfc3499a1e74f697d0618ff3b6eeb06dc0e5a7c924a1fdd43d1554192c662b6f38',0,'f755ad0344cc86891524bcecbc0d29dc','','b16ca265-d376-46cf-8c04-78805a412002','2023-07-07 14:11:46','2023-07-07 14:11:46'),('0880ab7a-70b8-49d7-b523-8e382ed11915','d44fa39e21b7589f53257292fe9d6e1071a0a3f435bf5c8d0c0cf8dc72f24f99','2b016efcda9dc65266b644aae5fbed893f78fba672a81a5225ec65de7020418b8e8130ada6ce2aa05ff8080fd74716a8fe4c9ee09b4f8c5ff81ad53628b49b180b7bc7b8107c3bc71c9ac5ed7fde98d6',1,'f755ad0344cc86891524bcecbc0d29dc','','b16ca265-d376-46cf-8c04-78805a412002','2023-06-29 07:10:47','2023-06-29 07:11:00'),('09198da1-d525-4fdb-9ce9-5386042edfe7','d847678ba120983534383b8c180a9f54c5552ca7223091d64d090ac58d02410d','978468a3efd12f72c4dfd048823c72b9c8fdc70331d7717515b7c73fa23a8fe4e25f3be17c8e45f724ced1e3beac83005b33a07c78b0d37c43811f089a4ec308',0,'fecc1356585705e84a7c83253fe4d277eac5dfd5d55c386652ead8a2c4de8c87','f755ad0344cc86891524bcecbc0d29dc','77fd59a1-fc41-42d5-a0ae-e738483e8006','2023-07-05 08:22:28','2023-07-05 08:22:28'),('0958ae98-3200-4b7c-aba3-583c42d69a13','4cfb0dbc3636bba20c876a758f68cd301e98c554873b219adb2d07c62d8d9a36','e496a60815e30538ec0257df8278375c40d879f03ae40ea92a6a0cd39a23102647bca4d7934e3ea716e9899bd30e815db254b7abc8480b56123fbb2e0f68f6f3cca6fb31abc23e91d900ea5cb1d3f362',0,'f3c9019eb37cf8991fc241b04794567f6d58002d321582bf401740803e3cda97','','03025c06-3465-427f-8272-146ed02c4245','2023-06-27 18:00:54','2023-06-27 18:00:54'),('09df0902-24e1-4990-b139-fac66a35dc19','4cfb0dbc3636bba20c876a758f68cd301e98c554873b219adb2d07c62d8d9a36','4cfb0dbc3636bba20c876a758f68cd301ed165bf5a40fbed0d9ef65f975cf96a168505d5863841358e22992cd518e094af3b77546f45e89c17af8bc9d5255fa2',0,'f77764d1c73becb094d9aefac08c801a','f3c9019eb37cf8991fc241b04794567f6d58002d321582bf401740803e3cda97','a808b230-db86-4d18-9343-e59e37f9e38c','2023-06-27 18:00:54','2023-06-27 18:00:54'),('0a997836-a6ea-4816-adcd-60f3c767f140','27fa9ec9d1d254a2ac9c4817394ea2cb29f25c13abbaa2be9b35211618367da8','4cfb0dbc3636bba20c876a758f68cd305c653ded7c6aae7b7e8d598a8224e88cf8acc3072190eaef78c9e8ae730c25ada20d9f2637decf1f05b590ee521622d48b58f0fb183e6a124d69b32b56df5e38',0,'07b2608fa02f4e2eb2f8cce85ea45874','f755ad0344cc86891524bcecbc0d29dc','c0546d8f-b82c-4c53-b4ad-a950c4cacc85','2023-07-06 05:26:41','2023-07-06 05:26:41'),('0b919fee-2de7-4bee-abb9-42155539418e','a512107e9a1c49a1ade381545312406cb2e8cf4cbdcb31ca4892d734b6d72041','978468a3efd12f72c4dfd048823c72b9d015d1b100125f01dc4127a075bbec750d201440aaef003dc486513b2d07a8e5fc29688b61b96324bd1440d8631ebc1e',0,'11bc45fb27a40db3a653255aadeb8175','fdd903a5cfa53a8e6656449b6bc525ea','dd75e62a-36c0-43f1-8cd2-c8d25a392c5c','2023-06-25 09:25:36','2023-06-25 09:25:36'),('0e2f4f3e-26fd-44c1-a4a5-c2cf87018c14','fbf6cf05d9b8069243b6e68bba100b7b','5258d7ab95f8fa58798b7b3b7e9e39c1545670e3949456c0e3bbd07b897b927d885e645d055249280ee69e8a63c0d37ce73adb140c198ea3df61469de52c6187174babb37b57ef15c255896902f75025',0,'f755ad0344cc86891524bcecbc0d29dc','','b16ca265-d376-46cf-8c04-78805a412002','2023-07-07 14:13:27','2023-07-07 14:13:27'),('10fecbbc-75b7-4d38-9a5e-e71af9b6ccee','d847678ba120983534383b8c180a9f54c5552ca7223091d64d090ac58d02410d','978468a3efd12f72c4dfd048823c72b9c8fdc70331d7717515b7c73fa23a8fe487cd686cef5c63e73a5ec9aa8046d808a57c7f3ce0ef2797f72ae9ccd8fb68d7',0,'59d0caaabde79ba6be76f46b59af2845cf9303730381869d933751335639021f','f755ad0344cc86891524bcecbc0d29dc','aa9939db-ee1e-42c8-9071-5b047ccdb720','2023-07-05 08:23:13','2023-07-05 08:23:13'),('137e024c-0094-4b8e-83d7-294bfac918f2','a512107e9a1c49a1ade381545312406cb2e8cf4cbdcb31ca4892d734b6d72041','978468a3efd12f72c4dfd048823c72b9a93568cfeff40f44597e0741e7ede70390dae53c3a1f7f4ec51692436ec4f72a',0,'791dfa1d6bcab5c185bbb242d0d5b785','791dfa1d6bcab5c185bbb242d0d5b785','f7aa643e-19b5-4ba1-b585-bf8944af1919','2023-06-24 17:47:11','2023-06-24 17:47:11'),('1bba66ac-a32a-42c8-b176-b9395259f8f8','677843f959ab21ca0dac0f5bb59b0bcf3bfdeb3b08eaeb9ba174fa919622778e','30ce756779891f75bb818897c1eab770ed8b90458b457509bc3241a626e4d30ff5c72eb632a41a179ab6b1c8f1a7c1095d78ef27f5a0d5bc4812496173338a08',0,'fdd903a5cfa53a8e6656449b6bc525ea','fdd903a5cfa53a8e6656449b6bc525ea','6c136978-1c9f-43e1-8835-73ebc9dcd259','2023-06-26 08:06:11','2023-06-26 08:06:11'),('1ca2df7b-f80d-41ad-a671-c79f6a0d5504','a512107e9a1c49a1ade381545312406cb2e8cf4cbdcb31ca4892d734b6d72041','978468a3efd12f72c4dfd048823c72b95edc3c837bd2c4b34b9a957af81a125710eb0e5279e34b47ce20d984eeb933a4618af48b877c03a18c983d665e8f58b7',0,'07b2608fa02f4e2eb2f8cce85ea45874','f3c9019eb37cf8991fc241b04794567f6d58002d321582bf401740803e3cda97','c0546d8f-b82c-4c53-b4ad-a950c4cacc85','2023-06-27 18:04:02','2023-06-27 18:04:02'),('1e113680-b063-4099-bd2f-a4dd4967cf9f','d847678ba120983534383b8c180a9f54c5552ca7223091d64d090ac58d02410d','978468a3efd12f72c4dfd048823c72b9c8fdc70331d7717515b7c73fa23a8fe487cd686cef5c63e73a5ec9aa8046d808a57c7f3ce0ef2797f72ae9ccd8fb68d7',0,'c402f2d82b398e55daa5d13f5f21fb15','f755ad0344cc86891524bcecbc0d29dc','0d5c8e5b-004c-42e0-a765-d72937ff7d68','2023-07-05 08:23:13','2023-07-05 08:23:13'),('1f388b95-912f-46bd-ae8a-17ab927fc3ea','a512107e9a1c49a1ade381545312406cb2e8cf4cbdcb31ca4892d734b6d72041','978468a3efd12f72c4dfd048823c72b9a93568cfeff40f44597e0741e7ede70390dae53c3a1f7f4ec51692436ec4f72a',0,'791dfa1d6bcab5c185bbb242d0d5b785','791dfa1d6bcab5c185bbb242d0d5b785','f7aa643e-19b5-4ba1-b585-bf8944af1919','2023-06-24 17:57:03','2023-06-24 17:57:03'),('2111ff43-7b74-4dd8-8d27-09d4859bac16','a512107e9a1c49a1ade381545312406cb2e8cf4cbdcb31ca4892d734b6d72041','978468a3efd12f72c4dfd048823c72b9186f285f029e472909904d31f65c381cc12507051ac129c14744f9318f843d36',0,'f1bae16bb5b93db82aacd2f2b69d58be','fdd903a5cfa53a8e6656449b6bc525ea','71042e3b-911f-4930-87eb-8698a6f0f6a7','2023-06-26 06:45:14','2023-06-26 06:45:14'),('2149aa5e-a6d5-4ec1-ac79-fc9a9fa38202','a512107e9a1c49a1ade381545312406cb2e8cf4cbdcb31ca4892d734b6d72041','978468a3efd12f72c4dfd048823c72b95edc3c837bd2c4b34b9a957af81a125710eb0e5279e34b47ce20d984eeb933a4618af48b877c03a18c983d665e8f58b7',0,'6466d4dcaf6a56a8cc270d84d0137821','f3c9019eb37cf8991fc241b04794567f6d58002d321582bf401740803e3cda97','9a326b6a-c217-4924-8716-a01c0ac62482','2023-06-27 18:04:02','2023-06-27 18:04:02'),('218b6316-d779-4b13-bdf0-c7ce76cf6278','a512107e9a1c49a1ade381545312406cb2e8cf4cbdcb31ca4892d734b6d72041','978468a3efd12f72c4dfd048823c72b9482a8ddba4a0edef98100b949ed3717e0be41ac3d814be5069621dc5f4d73e0a',0,'245b7a8a20a88016d2befbe472289a11','fdd903a5cfa53a8e6656449b6bc525ea','1cc4caa4-e409-46a3-9fb3-74f3d9b061b1','2023-06-26 06:33:01','2023-06-26 06:33:01'),('2328a6be-1323-4e74-823a-ef00d72ee45d','a512107e9a1c49a1ade381545312406cb2e8cf4cbdcb31ca4892d734b6d72041','978468a3efd12f72c4dfd048823c72b9d015d1b100125f01dc4127a075bbec750d201440aaef003dc486513b2d07a8e5fc29688b61b96324bd1440d8631ebc1e',0,'5c2d46c7ae44437fe22a0a6b827736d0','fdd903a5cfa53a8e6656449b6bc525ea','fa85af93-b7ad-428e-b31f-f68cd4a5c838','2023-06-25 09:25:37','2023-06-25 09:25:37'),('2379b174-951a-41b2-a070-a5d133fd8949','a512107e9a1c49a1ade381545312406cb2e8cf4cbdcb31ca4892d734b6d72041','978468a3efd12f72c4dfd048823c72b9186f285f029e472909904d31f65c381c9266ad61fdaa916555eaf8e8e7d87e4f3267176b2e727d2f2f31c455496a60af',0,'f3c9019eb37cf8991fc241b04794567f6d58002d321582bf401740803e3cda97','f3c9019eb37cf8991fc241b04794567f6d58002d321582bf401740803e3cda97','03025c06-3465-427f-8272-146ed02c4245','2023-06-27 18:22:57','2023-06-27 18:22:57'),('2517af5a-9fbb-4c3e-b812-cba676858943','d15b32425537b562c0b1e5b2a20cad06','daf63daa627c07fd4448fb6b481989bd6e2f598a7481dfc79e67fbaf7bfda664353211afba2cceb7cf8ad19504b17043bd188901c7c69877211107d62ee6bf884e89d4137d126132589581a505a4ea7a51a6c6ebee3be6cec9d1e4432f9a3648',0,'02f54616a82f1f91226db11358e5baa9','','6c136978-1c9f-43e1-8835-73ebc9dcd259','2023-06-27 03:54:33','2023-06-27 03:54:33'),('2d70c994-30de-4843-a3cb-517ea8256c6a','fbf6cf05d9b8069243b6e68bba100b7b','5258d7ab95f8fa58798b7b3b7e9e39c1545670e3949456c0e3bbd07b897b927dad129edf79527eb7869fe1bc729f25d1cb0a7bef9149d8954da6b2e098e54f65d13c16b7a25709d943e85eee1e6ab160',0,'f755ad0344cc86891524bcecbc0d29dc','','b16ca265-d376-46cf-8c04-78805a412002','2023-07-07 14:31:01','2023-07-07 14:31:01'),('2ddc2056-652a-4e06-85ee-54c92b99b0e3','a512107e9a1c49a1ade381545312406cb2e8cf4cbdcb31ca4892d734b6d72041','978468a3efd12f72c4dfd048823c72b9eb4420cf514966e592d65dd0d970175f83e2d61100200abbbea6a0d031967cdd8c56f915e61607fe8ea580acfee24db9',0,'f3c9019eb37cf8991fc241b04794567f6d58002d321582bf401740803e3cda97','f3c9019eb37cf8991fc241b04794567f6d58002d321582bf401740803e3cda97','03025c06-3465-427f-8272-146ed02c4245','2023-06-27 17:52:08','2023-06-27 17:52:08'),('308565c4-3d8f-4ca1-9c20-4c263f47edd0','d847678ba120983534383b8c180a9f54c5552ca7223091d64d090ac58d02410d','978468a3efd12f72c4dfd048823c72b9c8fdc70331d7717515b7c73fa23a8fe4e25f3be17c8e45f724ced1e3beac83005b33a07c78b0d37c43811f089a4ec308',0,'8ab14a2fac353b06776f6e7104434bf9','f755ad0344cc86891524bcecbc0d29dc','427f6060-3581-4524-be1b-9dc5b25c6508','2023-07-05 08:22:28','2023-07-05 08:22:28'),('32607953-611f-4750-800f-ad0d9f6d6204','a512107e9a1c49a1ade381545312406cb2e8cf4cbdcb31ca4892d734b6d72041','978468a3efd12f72c4dfd048823c72b95edc3c837bd2c4b34b9a957af81a125710eb0e5279e34b47ce20d984eeb933a4618af48b877c03a18c983d665e8f58b7',0,'1f8d01e5d8f24239eba8c459245e0147279fcf47b1138962cc1ab7cefc743a58','f3c9019eb37cf8991fc241b04794567f6d58002d321582bf401740803e3cda97','c8a3a767-970e-4ab8-a51b-8ef41b53b749','2023-06-27 18:04:02','2023-06-27 18:04:02'),('3679b131-2506-4725-a732-997b1fbaf48d','fbf6cf05d9b8069243b6e68bba100b7b','5258d7ab95f8fa58798b7b3b7e9e39c1545670e3949456c0e3bbd07b897b927dad129edf79527eb7869fe1bc729f25d15d974fa055f9b31368c339a2dfec58afdebf26558584f68f226a0d14ec176fc8',0,'f755ad0344cc86891524bcecbc0d29dc','','b16ca265-d376-46cf-8c04-78805a412002','2023-07-07 07:23:35','2023-07-07 07:23:35'),('375659c4-b8f2-4e56-a302-7adf4b649afb','a512107e9a1c49a1ade381545312406cb2e8cf4cbdcb31ca4892d734b6d72041','978468a3efd12f72c4dfd048823c72b9a93568cfeff40f44597e0741e7ede70390dae53c3a1f7f4ec51692436ec4f72a',0,'37df5f16c9a6d43dd24fb8a4d39664fa','fdd903a5cfa53a8e6656449b6bc525ea','79e83212-2cac-4fcd-bd8f-85580fb92be8','2023-06-26 08:02:56','2023-06-26 08:02:56'),('37c792e0-b28b-469b-b23b-22990483b871','a512107e9a1c49a1ade381545312406cb2e8cf4cbdcb31ca4892d734b6d72041','978468a3efd12f72c4dfd048823c72b9482a8ddba4a0edef98100b949ed3717e0be41ac3d814be5069621dc5f4d73e0a',0,'245b7a8a20a88016d2befbe472289a11','fdd903a5cfa53a8e6656449b6bc525ea','1cc4caa4-e409-46a3-9fb3-74f3d9b061b1','2023-06-26 13:19:11','2023-06-26 13:19:11'),('38f465e9-4f49-428a-a9a1-db1815cd4520','a512107e9a1c49a1ade381545312406cb2e8cf4cbdcb31ca4892d734b6d72041','978468a3efd12f72c4dfd048823c72b9d015d1b100125f01dc4127a075bbec750d201440aaef003dc486513b2d07a8e5fc29688b61b96324bd1440d8631ebc1e',0,'6e87410813a1827679f0bc78f81a6d31','fdd903a5cfa53a8e6656449b6bc525ea','83677d64-bc5e-4eb5-9f58-a12884a38392','2023-06-25 09:25:36','2023-06-25 09:25:36'),('3c5d9465-5f91-444b-8677-f67e8bf4eb7a','a512107e9a1c49a1ade381545312406cb2e8cf4cbdcb31ca4892d734b6d72041','978468a3efd12f72c4dfd048823c72b9482a8ddba4a0edef98100b949ed3717e0be41ac3d814be5069621dc5f4d73e0a',0,'fdd903a5cfa53a8e6656449b6bc525ea','fdd903a5cfa53a8e6656449b6bc525ea','6c136978-1c9f-43e1-8835-73ebc9dcd259','2023-06-26 06:33:11','2023-06-26 06:33:11'),('3d709ce6-554b-44fc-b068-62c56c3c7738','a512107e9a1c49a1ade381545312406cb2e8cf4cbdcb31ca4892d734b6d72041','978468a3efd12f72c4dfd048823c72b9186f285f029e472909904d31f65c381cc12507051ac129c14744f9318f843d36',0,'fdd903a5cfa53a8e6656449b6bc525ea','fdd903a5cfa53a8e6656449b6bc525ea','6c136978-1c9f-43e1-8835-73ebc9dcd259','2023-06-26 06:45:13','2023-06-26 06:45:13'),('4107f5d4-ff80-4b09-bdc0-dc4b31b4a19a','d15b32425537b562c0b1e5b2a20cad06','daf63daa627c07fd4448fb6b481989bd6e2f598a7481dfc79e67fbaf7bfda664353211afba2cceb7cf8ad19504b17043bd188901c7c69877211107d62ee6bf88362c24b6a0780926c1a73d34252ce08f856ceff913b19ddb5faba91125c44b60',1,'02f54616a82f1f91226db11358e5baa9','','6c136978-1c9f-43e1-8835-73ebc9dcd259','2023-06-26 15:40:22','2023-06-26 15:45:33'),('42914261-3dd1-48a3-86d9-a2bb84a09d53','fe20da071676baafa4cd71daf5905f2a','05f50f9a01a8f670ce3aab59aff5ba85563e3962801258ec92a8a26ec958e0db3935e6b1cf051acaa6762ee427c2e64f2fbe4d06b1aa3543d3ffb69ded0b7e7e0a187e58fc72dd6db55ff4f44d225d3cb89dd9fc964e9b83928c43ea15d2443056e417fc8f7ee26c60079ff15ca0e2aa11f9879e8572d7f81d8cfa22176193d1760f1fbf4a09c0863741373cc75324426c49e0b8b428ed6345bc477954ca965317891daef89dd36840fd54822b3a82b83bbf73901e53cc3f1e3fac5dda5861a607ba101c0b32c432e48ea6b2db3cce4e8896b7880faec32edbc449d20ed2b80e32d8f275ab069b2aeadd85a011c3fd136d2bce4d9b90a3f3d76972915ad149b098fdac4f6869392c340b5b511002f2649d9e4c026fef8556cc3c316a39642d5444efc77769728a1dac483d1f2b4da88382017b9018279af0091780d621feaaac92ed5e71156281c38623d05598cff0b4',1,'02f54616a82f1f91226db11358e5baa9','','03025c06-3465-427f-8272-146ed02c4245','2023-06-27 18:05:20','2023-06-27 18:05:26'),('49eae5bd-c639-44a7-a236-dac7acde3aee','fbf6cf05d9b8069243b6e68bba100b7b','548041746799282bfb187425dda7cf9d16b2e44342a1e81dbb33568fb2fafd92270af9ee1489e8a6936d85d2e8262116fbb1683985a1c2aeea1b477aac8b051acb3dd4807b0e499952022ffa6070dff8',0,'f3c9019eb37cf8991fc241b04794567f6d58002d321582bf401740803e3cda97','','03025c06-3465-427f-8272-146ed02c4245','2023-06-29 06:11:22','2023-06-29 06:11:22'),('5364d4a0-062f-48b0-b929-f1bb6217dea9','a512107e9a1c49a1ade381545312406cb2e8cf4cbdcb31ca4892d734b6d72041','978468a3efd12f72c4dfd048823c72b9f84aac82a6f2c3daf1f9e1a2708232332f58a1d8e854b5aaa8084f4add6a3f734a379d7b7e40ceb1c678667c35059ebc',0,'fecc1356585705e84a7c83253fe4d277eac5dfd5d55c386652ead8a2c4de8c87','f755ad0344cc86891524bcecbc0d29dc','77fd59a1-fc41-42d5-a0ae-e738483e8006','2023-06-29 06:03:01','2023-06-29 06:03:01'),('54e9b1de-15c2-4b7e-b0fe-e6f9129d6f0c','fbf6cf05d9b8069243b6e68bba100b7b','1728c23e76588d6f038f1e6cfa69eaf9641478804848d727421d0cd85e2ee2b8d623dff4c4e8da69089387d08657f7838973fb8452fee86699f03d1be456f4775c0f81a9bb78bdc71728f28ac7f9a171',0,'f755ad0344cc86891524bcecbc0d29dc','','b16ca265-d376-46cf-8c04-78805a412002','2023-07-05 16:57:43','2023-07-05 16:57:43'),('55e4c045-1fa2-4dbc-a9e5-3669e22dd699','8d03571b6ed11ba36c7b72a240c3d0ca','daf63daa627c07fd4448fb6b481989bd6e2f598a7481dfc79e67fbaf7bfda664353211afba2cceb7cf8ad19504b17043bd188901c7c69877211107d62ee6bf884e89d4137d126132589581a505a4ea7a51a6c6ebee3be6cec9d1e4432f9a3648',0,'02f54616a82f1f91226db11358e5baa9','','6c136978-1c9f-43e1-8835-73ebc9dcd259','2023-06-27 15:38:50','2023-06-27 15:38:50'),('5941aad2-6b3d-4fb9-be3d-473b5e7508d9','27fa9ec9d1d254a2ac9c4817394ea2cb29f25c13abbaa2be9b35211618367da8','4cfb0dbc3636bba20c876a758f68cd30c5d9f1f9a9717e4d809d8decff892241943cacc445fd2f4853b8c5dceb2dd00c65e75f774125e516786c0266114b217c',0,'0d2a47abf929d279326b6d3179e4f223','f755ad0344cc86891524bcecbc0d29dc','abc7a7ce-3957-43ec-9d6e-0c3872f01658','2023-07-07 14:12:45','2023-07-07 14:12:45'),('59e14de1-a624-45e8-81d1-74a482466e4a','a512107e9a1c49a1ade381545312406cb2e8cf4cbdcb31ca4892d734b6d72041','978468a3efd12f72c4dfd048823c72b9482a8ddba4a0edef98100b949ed3717e0be41ac3d814be5069621dc5f4d73e0a',0,'245b7a8a20a88016d2befbe472289a11','fdd903a5cfa53a8e6656449b6bc525ea','1cc4caa4-e409-46a3-9fb3-74f3d9b061b1','2023-06-26 08:06:11','2023-06-26 08:06:11'),('5a7406fc-8812-444c-acff-a74f267cea05','fe20da071676baafa4cd71daf5905f2a','5258d7ab95f8fa58798b7b3b7e9e39c1dc628ce433839c11fbec64d7c3dca4e6f123810c7335a383f241c0f1b19a8b6bee555ae7348499983c8f1660a4954b94adc6e481c2b8d1b8f26cd768b12de79dd4ef9dd82fea891de55bab6cb34f6081678a48fab922dde86d25e17ffc8621b64b6bc8204ccb38ebf013ed79c47d3836411e3b5b45fc6c737895a1d75ab2fbc8ceec626dcd4b8bcceb079d33d26c0e175505ae6f55fb793cf6b834d09bd28437',0,'02f54616a82f1f91226db11358e5baa9','','b16ca265-d376-46cf-8c04-78805a412002','2023-07-07 02:30:04','2023-07-07 02:30:04'),('5c8664e4-5677-4928-902d-09700ee1e0e5','a512107e9a1c49a1ade381545312406cb2e8cf4cbdcb31ca4892d734b6d72041','978468a3efd12f72c4dfd048823c72b9a93568cfeff40f44597e0741e7ede70390dae53c3a1f7f4ec51692436ec4f72a',0,'791dfa1d6bcab5c185bbb242d0d5b785','791dfa1d6bcab5c185bbb242d0d5b785','f7aa643e-19b5-4ba1-b585-bf8944af1919','2023-06-24 17:47:19','2023-06-24 17:47:19'),('5c98c424-ffaa-4380-93f9-8d67f3bd3f8e','a512107e9a1c49a1ade381545312406cb2e8cf4cbdcb31ca4892d734b6d72041','978468a3efd12f72c4dfd048823c72b9186f285f029e472909904d31f65c381cc12507051ac129c14744f9318f843d36',0,'245b7a8a20a88016d2befbe472289a11','fdd903a5cfa53a8e6656449b6bc525ea','1cc4caa4-e409-46a3-9fb3-74f3d9b061b1','2023-06-26 06:45:13','2023-06-26 06:45:13'),('5dcd2eac-613e-421e-9854-6a2626955eff','d15b32425537b562c0b1e5b2a20cad06','f740735e04973d61d73281f87419016c94bf34f05d6b8f6cb032e7a7a23230d04dcf5f52414182cade955c1cd318c9b13443a8b9bbb565042800a250c659c1b0c704e5fba0c7c8f9d5d128b32ef6c3f2014134b7638e5f5037edd46d2b02eace',0,'02f54616a82f1f91226db11358e5baa9','','f7aa643e-19b5-4ba1-b585-bf8944af1919','2023-06-24 17:56:30','2023-06-24 17:56:30'),('63196fa9-03f1-45e0-b5d7-330b03c9f2c7','a512107e9a1c49a1ade381545312406cb2e8cf4cbdcb31ca4892d734b6d72041','978468a3efd12f72c4dfd048823c72b9482a8ddba4a0edef98100b949ed3717e0be41ac3d814be5069621dc5f4d73e0a',0,'fdd903a5cfa53a8e6656449b6bc525ea','fdd903a5cfa53a8e6656449b6bc525ea','6c136978-1c9f-43e1-8835-73ebc9dcd259','2023-06-26 15:31:08','2023-06-26 15:31:08'),('63e5c7d5-2c8b-4681-a93e-8971b5e8e5e3','a512107e9a1c49a1ade381545312406cb2e8cf4cbdcb31ca4892d734b6d72041','978468a3efd12f72c4dfd048823c72b9186f285f029e472909904d31f65c381c9266ad61fdaa916555eaf8e8e7d87e4f3267176b2e727d2f2f31c455496a60af',0,'f77764d1c73becb094d9aefac08c801a','f3c9019eb37cf8991fc241b04794567f6d58002d321582bf401740803e3cda97','a808b230-db86-4d18-9343-e59e37f9e38c','2023-06-27 17:52:29','2023-06-27 17:52:29'),('6e238c58-5f82-4b6b-9f0e-c50dbcdc4ca8','a512107e9a1c49a1ade381545312406cb2e8cf4cbdcb31ca4892d734b6d72041','978468a3efd12f72c4dfd048823c72b9f84aac82a6f2c3daf1f9e1a2708232332f58a1d8e854b5aaa8084f4add6a3f734a379d7b7e40ceb1c678667c35059ebc',0,'f3c9019eb37cf8991fc241b04794567f6d58002d321582bf401740803e3cda97','f755ad0344cc86891524bcecbc0d29dc','03025c06-3465-427f-8272-146ed02c4245','2023-06-29 06:03:00','2023-06-29 06:03:00'),('7099d333-8278-42cf-b1a0-3c69d487427d','a512107e9a1c49a1ade381545312406cb2e8cf4cbdcb31ca4892d734b6d72041','978468a3efd12f72c4dfd048823c72b9482a8ddba4a0edef98100b949ed3717e0be41ac3d814be5069621dc5f4d73e0a',0,'fdd903a5cfa53a8e6656449b6bc525ea','fdd903a5cfa53a8e6656449b6bc525ea','6c136978-1c9f-43e1-8835-73ebc9dcd259','2023-06-26 13:19:11','2023-06-26 13:19:11'),('786ad92e-d431-4625-abf1-807792b51b21','d15b32425537b562c0b1e5b2a20cad06','daf63daa627c07fd4448fb6b481989bd6e2f598a7481dfc79e67fbaf7bfda664353211afba2cceb7cf8ad19504b17043bd188901c7c69877211107d62ee6bf887ac25a5e1cbf8f90fcb6b02f6110a9ad153a62838cf7380ca918eab7e7bbc33b',0,'02f54616a82f1f91226db11358e5baa9','','6c136978-1c9f-43e1-8835-73ebc9dcd259','2023-06-27 03:54:33','2023-06-27 03:54:33'),('7887b16f-b3ae-4177-9fc7-b918a3bf459c','d847678ba120983534383b8c180a9f54c5552ca7223091d64d090ac58d02410d','978468a3efd12f72c4dfd048823c72b94f57d246cbfb73ff3f64dc6f265a813f698e63ff178b756f984d996142d21b4adb28dd6e2a91d44772551fd6352cb153',0,'c402f2d82b398e55daa5d13f5f21fb15','f755ad0344cc86891524bcecbc0d29dc','0d5c8e5b-004c-42e0-a765-d72937ff7d68','2023-07-05 16:46:28','2023-07-05 16:46:28'),('7b1a1d3f-c511-403b-a529-d9545af68763','fe20da071676baafa4cd71daf5905f2a','351f121b8eb10de2d9689c91a3fd0b8869be4e476ac39c9e11cc269d6dbe26206eecf48b709f7d1b7ee7ab67d6958fcda2971cdf852ec79cccbea3c435cdf23f7114b9018432748ea92217fb479d207eee1e6272d392906f1f6468daaa741fe3665c904d6ddf0add25acf182e83829ab11473fab25eb72e3a23ab5882670e738',1,'02f54616a82f1f91226db11358e5baa9','','f7aa643e-19b5-4ba1-b585-bf8944af1919','2023-06-24 17:50:06','2023-06-24 17:50:34'),('7d12e039-a566-4836-b1a9-402524a80b93','677843f959ab21ca0dac0f5bb59b0bcf3bfdeb3b08eaeb9ba174fa919622778e','30ce756779891f75bb818897c1eab770ed8b90458b457509bc3241a626e4d30f9426de964a5ff036a224276b611a28a8b73e34fbc4af86b9848bc31d16172af4',1,'fdd903a5cfa53a8e6656449b6bc525ea','fdd903a5cfa53a8e6656449b6bc525ea','6c136978-1c9f-43e1-8835-73ebc9dcd259','2023-06-26 08:02:55','2023-06-27 04:03:13'),('7d7c74b0-483e-4b4d-bbbb-f45a3263cea5','a512107e9a1c49a1ade381545312406cb2e8cf4cbdcb31ca4892d734b6d72041','978468a3efd12f72c4dfd048823c72b95edc3c837bd2c4b34b9a957af81a125710eb0e5279e34b47ce20d984eeb933a4618af48b877c03a18c983d665e8f58b7',0,'1d5389d1d0c958e7d9cd9b5513233f8b411040b571c08964b089b27f6199d3a8','f3c9019eb37cf8991fc241b04794567f6d58002d321582bf401740803e3cda97','9076779b-ac29-4069-ac78-b963fd468e09','2023-06-27 18:04:02','2023-06-27 18:04:02'),('81bb2710-fcc4-48fa-ace4-41572a2194a6','fbf6cf05d9b8069243b6e68bba100b7b','351f121b8eb10de2d9689c91a3fd0b8852fe7d7c6f6f89c1590743eb4058e49c09bee2aa40f62025c901d0d06ef36a8e143651ab50fb189c3d7c4d135749bc951fb51f57972516293c677d22e26a510e',0,'791dfa1d6bcab5c185bbb242d0d5b785','','f7aa643e-19b5-4ba1-b585-bf8944af1919','2023-06-24 17:50:04','2023-06-24 17:50:04'),('85415262-0193-413c-b969-59f362d25e3f','8d03571b6ed11ba36c7b72a240c3d0ca','d014ad668aa5d3c97aad59c7a739cc3975f966d7c5374a942441a2d9fe9c1a48a37fceb5ce6cc8d3ff25549a0b904905d2d06ee07cc1eec083596331b38f955e43978bff0aeee02623c2679355d51c5386490f67f1dd651725946d006b915dd3',0,'02f54616a82f1f91226db11358e5baa9','','03025c06-3465-427f-8272-146ed02c4245','2023-06-28 02:47:17','2023-06-28 02:47:17'),('85cc50bd-5d38-4ad1-8802-cbc25c95f9ba','a512107e9a1c49a1ade381545312406cb2e8cf4cbdcb31ca4892d734b6d72041','978468a3efd12f72c4dfd048823c72b9d015d1b100125f01dc4127a075bbec750d201440aaef003dc486513b2d07a8e5fc29688b61b96324bd1440d8631ebc1e',0,'46b7a913874297cfbc7528e16ec97317','fdd903a5cfa53a8e6656449b6bc525ea','36627942-dd50-4f7d-b9f0-537aa8231691','2023-06-25 09:25:35','2023-06-25 09:25:35'),('8721f1fb-a18b-48f2-8fe2-7ce5ec8e58e1','d847678ba120983534383b8c180a9f54c5552ca7223091d64d090ac58d02410d','978468a3efd12f72c4dfd048823c72b97634b1b92e1edc1f2bb27104e0234cf853f35f705405bd0a829b1e84b39078f66d92e774cdb9eca56c7a33df943336ba',0,'fecc1356585705e84a7c83253fe4d277eac5dfd5d55c386652ead8a2c4de8c87','f755ad0344cc86891524bcecbc0d29dc','77fd59a1-fc41-42d5-a0ae-e738483e8006','2023-07-05 08:24:04','2023-07-05 08:24:04'),('873c7fa4-b3c4-4f67-a8ca-436d02fa7bfd','d847678ba120983534383b8c180a9f54c5552ca7223091d64d090ac58d02410d','978468a3efd12f72c4dfd048823c72b94f57d246cbfb73ff3f64dc6f265a813f698e63ff178b756f984d996142d21b4adb28dd6e2a91d44772551fd6352cb153',0,'59d0caaabde79ba6be76f46b59af2845cf9303730381869d933751335639021f','f755ad0344cc86891524bcecbc0d29dc','aa9939db-ee1e-42c8-9071-5b047ccdb720','2023-07-05 16:29:31','2023-07-05 16:29:31'),('88616689-b0a2-4a67-a50e-6aa10eb7e10d','8d03571b6ed11ba36c7b72a240c3d0ca','daf63daa627c07fd4448fb6b481989bd6e2f598a7481dfc79e67fbaf7bfda664353211afba2cceb7cf8ad19504b17043bd188901c7c69877211107d62ee6bf887ac25a5e1cbf8f90fcb6b02f6110a9ad153a62838cf7380ca918eab7e7bbc33b',0,'02f54616a82f1f91226db11358e5baa9','','6c136978-1c9f-43e1-8835-73ebc9dcd259','2023-06-27 15:38:50','2023-06-27 15:38:50'),('8dd1cfe1-c120-4615-878c-5a4165e77a3c','e109423997e6e4f129116818e14d011992fed09110d507bc3b8669134e9c78cb','5258d7ab95f8fa58798b7b3b7e9e39c1dc628ce433839c11fbec64d7c3dca4e6f123810c7335a383f241c0f1b19a8b6bee555ae7348499983c8f1660a4954b945cbee2d0e25a2be47c52a1ddd7717140225bfa5d9020641151e43fb522f50863b937fb5e8252e1ffae5a90bec76124c8c00cb5eb9954b5bac39f8826d7d8f402',0,'02f54616a82f1f91226db11358e5baa9','','b16ca265-d376-46cf-8c04-78805a412002','2023-07-07 09:03:30','2023-07-07 09:03:30'),('939e4e4e-9045-4b12-b4c9-a78b567a6ffb','a512107e9a1c49a1ade381545312406cb2e8cf4cbdcb31ca4892d734b6d72041','978468a3efd12f72c4dfd048823c72b9482a8ddba4a0edef98100b949ed3717e0be41ac3d814be5069621dc5f4d73e0a',0,'fdd903a5cfa53a8e6656449b6bc525ea','fdd903a5cfa53a8e6656449b6bc525ea','6c136978-1c9f-43e1-8835-73ebc9dcd259','2023-06-26 15:21:58','2023-06-26 15:21:58'),('94706e91-5987-44b2-a857-2e7c56521849','d44fa39e21b7589f53257292fe9d6e1071a0a3f435bf5c8d0c0cf8dc72f24f99','59d62d5121473334fa53721a11bc43ce7c49fcbac17c327b37ad2eaf19f1eedd2fc8563f9c72f668f728ae066e4aeb238e9dd9a0158fe9ed0cd6b93de612e67f3693cbf1e3b9286c6cb753785ae83ad5',0,'f755ad0344cc86891524bcecbc0d29dc','','b16ca265-d376-46cf-8c04-78805a412002','2023-07-05 16:48:40','2023-07-05 16:48:40'),('9a47dedd-a917-4f44-8b31-dbfed4d64b99','a512107e9a1c49a1ade381545312406cb2e8cf4cbdcb31ca4892d734b6d72041','978468a3efd12f72c4dfd048823c72b9482a8ddba4a0edef98100b949ed3717e0be41ac3d814be5069621dc5f4d73e0a',0,'fdd903a5cfa53a8e6656449b6bc525ea','fdd903a5cfa53a8e6656449b6bc525ea','6c136978-1c9f-43e1-8835-73ebc9dcd259','2023-06-26 08:04:15','2023-06-26 08:04:15'),('9e060778-89fe-443b-a964-dcebedad11bb','fbf6cf05d9b8069243b6e68bba100b7b','5d318fce75536cc03add79c605cf6934cca1dacd8aa50c997c297a68cc3fef6beed6b1d5d3b56557c426b4d2f1f209eaab546d5fc123cdd4c2e26b45b3e57aec',0,'fdd903a5cfa53a8e6656449b6bc525ea','','6c136978-1c9f-43e1-8835-73ebc9dcd259','2023-06-26 06:35:00','2023-06-26 06:35:00'),('a0c94312-0a9d-4eac-804e-9890d7fa7b98','0287645c5d126b142fd560beef5c2c8da102f0257f7d840dfd69e7aa258bb4fe','600d5fa44bad20005ccacfcfd644c820605eabc66c2232070f714cd91745f9f35078abdbc54daf5f0c45446d6bbcee174a922e41453d4c6024f3fac138ab0aba85beb16e52c68893fe7f982a07f1c78d',0,'f755ad0344cc86891524bcecbc0d29dc','','b16ca265-d376-46cf-8c04-78805a412002','2023-07-05 08:22:28','2023-07-05 08:22:28'),('a1d94e15-817d-4d67-9f0d-f620aeaeee70','677843f959ab21ca0dac0f5bb59b0bcf3bfdeb3b08eaeb9ba174fa919622778e','30ce756779891f75bb818897c1eab770ed8b90458b457509bc3241a626e4d30ff5c72eb632a41a179ab6b1c8f1a7c1095d78ef27f5a0d5bc4812496173338a08',0,'fdd903a5cfa53a8e6656449b6bc525ea','fdd903a5cfa53a8e6656449b6bc525ea','6c136978-1c9f-43e1-8835-73ebc9dcd259','2023-06-26 08:06:11','2023-06-26 08:06:11'),('a2455b21-61ab-42d1-a83b-826a403a45af','d44fa39e21b7589f53257292fe9d6e1071a0a3f435bf5c8d0c0cf8dc72f24f99','d014ad668aa5d3c97aad59c7a739cc3935b8c6523cc39953e9d69fd009a6b63427fd45a05e3757c229951a93f4aac2c0a37d213ac5da66c14b9d03c238ec8eced79c8b1bc87877c8bed84da3f164dc73',0,'f755ad0344cc86891524bcecbc0d29dc','','b16ca265-d376-46cf-8c04-78805a412002','2023-07-04 04:07:24','2023-07-04 04:07:24'),('a58c85dc-fba3-4364-ac6b-55f46677f7c1','677843f959ab21ca0dac0f5bb59b0bcf3bfdeb3b08eaeb9ba174fa919622778e','30ce756779891f75bb818897c1eab770ed8b90458b457509bc3241a626e4d30ff5c72eb632a41a179ab6b1c8f1a7c1095d78ef27f5a0d5bc4812496173338a08',0,'245b7a8a20a88016d2befbe472289a11','fdd903a5cfa53a8e6656449b6bc525ea','1cc4caa4-e409-46a3-9fb3-74f3d9b061b1','2023-06-26 08:04:15','2023-06-26 08:04:15'),('a6fffd01-9a55-44e5-8a28-c47c16619dd0','a512107e9a1c49a1ade381545312406cb2e8cf4cbdcb31ca4892d734b6d72041','978468a3efd12f72c4dfd048823c72b9482a8ddba4a0edef98100b949ed3717e0be41ac3d814be5069621dc5f4d73e0a',0,'245b7a8a20a88016d2befbe472289a11','fdd903a5cfa53a8e6656449b6bc525ea','1cc4caa4-e409-46a3-9fb3-74f3d9b061b1','2023-06-26 15:31:07','2023-06-26 15:31:07'),('a83c1833-9895-489d-bb7f-cf268f4e1063','d847678ba120983534383b8c180a9f54c5552ca7223091d64d090ac58d02410d','978468a3efd12f72c4dfd048823c72b9c8fdc70331d7717515b7c73fa23a8fe487cd686cef5c63e73a5ec9aa8046d808a57c7f3ce0ef2797f72ae9ccd8fb68d7',0,'0d2a47abf929d279326b6d3179e4f223','f755ad0344cc86891524bcecbc0d29dc','abc7a7ce-3957-43ec-9d6e-0c3872f01658','2023-07-05 08:23:13','2023-07-05 08:23:13'),('aacf11fa-85e2-48b3-a31c-f405ae2d7658','fe20da071676baafa4cd71daf5905f2a','5d318fce75536cc03add79c605cf6934a1bc5e7ae2f49c03e2439c4cdd785a89b7077a3b5b74c5002e2bb2da682856e51e21eea08844dc2ba446d52d69778b97cda70b600ee745d8fd36aebc042417ffdeeb8f93b9b55c849b2ef54b8c257d6ad3cb61ada174693ac9d7cd04fe43d13bc818f645d49447b2ef24a2b19ffe1a05',0,'02f54616a82f1f91226db11358e5baa9','','6c136978-1c9f-43e1-8835-73ebc9dcd259','2023-06-26 13:46:41','2023-06-26 13:46:41'),('acb140fe-0c1a-496c-9ead-3338783ca5a1','a512107e9a1c49a1ade381545312406cb2e8cf4cbdcb31ca4892d734b6d72041','978468a3efd12f72c4dfd048823c72b9a93568cfeff40f44597e0741e7ede70390dae53c3a1f7f4ec51692436ec4f72a',1,'791dfa1d6bcab5c185bbb242d0d5b785','791dfa1d6bcab5c185bbb242d0d5b785','f7aa643e-19b5-4ba1-b585-bf8944af1919','2023-06-24 17:44:03','2023-06-24 17:45:07'),('addffa0e-d85c-4698-a1f6-c9c20ba3d654','fbf6cf05d9b8069243b6e68bba100b7b','6e9cf699b740c7490ad8ff1aa6c5ec59f4ca0595e77bb347dc799b6b56310a0e6dcc8277047e06eba9bb1dc36d04a7b1d3fb6358dbaa3fd522758757d3a627abe4e57134b60ac7f035e5b33759139ef2',1,'07b2608fa02f4e2eb2f8cce85ea45874','','c0546d8f-b82c-4c53-b4ad-a950c4cacc85','2023-07-06 05:21:36','2023-07-06 05:21:54'),('ae53e24b-a2d7-4721-adf0-4a771a6a20d7','a512107e9a1c49a1ade381545312406cb2e8cf4cbdcb31ca4892d734b6d72041','978468a3efd12f72c4dfd048823c72b9482a8ddba4a0edef98100b949ed3717e0be41ac3d814be5069621dc5f4d73e0a',0,'46b7a913874297cfbc7528e16ec97317','fdd903a5cfa53a8e6656449b6bc525ea','36627942-dd50-4f7d-b9f0-537aa8231691','2023-06-26 15:31:07','2023-06-26 15:31:07'),('afa38473-59ff-485b-a46d-9b8f08c82b34','e109423997e6e4f129116818e14d011992fed09110d507bc3b8669134e9c78cb','351f121b8eb10de2d9689c91a3fd0b8869be4e476ac39c9e11cc269d6dbe26206eecf48b709f7d1b7ee7ab67d6958fcda2971cdf852ec79cccbea3c435cdf23fc2fecfa8c18034395f18838290150969127ffb86a6a532a885fb31611616000391e874744404f5bbcc5279e374f6673875dd12127cc926b861f7ed9e0295e3b02f170b6d5a5eac102fb9e0bf03ae31d79ac83bc75306a1d7923bbf5d44f25292dd9ab49f52f036af6fe9c3284eabbeb77e232945e13642a8f55e505fa1468e341b174fb248b2b7ff8c52b7c4bb6f1df7c931cb2b206af71614226736462183b0',1,'02f54616a82f1f91226db11358e5baa9','','6c136978-1c9f-43e1-8835-73ebc9dcd259','2023-06-25 09:22:10','2023-06-26 02:15:17'),('b25585eb-3ffb-457d-ac87-ff75fce33c3a','677843f959ab21ca0dac0f5bb59b0bcf3bfdeb3b08eaeb9ba174fa919622778e','30ce756779891f75bb818897c1eab770ed8b90458b457509bc3241a626e4d30f9426de964a5ff036a224276b611a28a8b73e34fbc4af86b9848bc31d16172af4',0,'791dfa1d6bcab5c185bbb242d0d5b785','791dfa1d6bcab5c185bbb242d0d5b785','f7aa643e-19b5-4ba1-b585-bf8944af1919','2023-06-24 17:47:15','2023-06-24 17:47:15'),('b25f1744-d46c-4912-9ec9-07f8689116e7','fbf6cf05d9b8069243b6e68bba100b7b','1728c23e76588d6f038f1e6cfa69eaf9641478804848d727421d0cd85e2ee2b8d623dff4c4e8da69089387d08657f783e237b9b5c22588c2da189e1e39ae39315610f98198edbee31aa0a2260ae6bcbd',0,'f755ad0344cc86891524bcecbc0d29dc','','b16ca265-d376-46cf-8c04-78805a412002','2023-07-05 16:57:40','2023-07-05 16:57:40'),('b3989668-65ce-4018-b675-7e73f848ba84','d847678ba120983534383b8c180a9f54c5552ca7223091d64d090ac58d02410d','978468a3efd12f72c4dfd048823c72b97634b1b92e1edc1f2bb27104e0234cf853f35f705405bd0a829b1e84b39078f66d92e774cdb9eca56c7a33df943336ba',0,'8ab14a2fac353b06776f6e7104434bf9','f755ad0344cc86891524bcecbc0d29dc','427f6060-3581-4524-be1b-9dc5b25c6508','2023-07-05 08:24:04','2023-07-05 08:24:04'),('b3da8d78-2e26-4af0-ab7f-a4a17ea4ba1e','d44fa39e21b7589f53257292fe9d6e1071a0a3f435bf5c8d0c0cf8dc72f24f99','d014ad668aa5d3c97aad59c7a739cc3907679345269098ea13873992bbb4d2f23fee5f14b42aa266bb9cf37af52a42b3d48d210698dd9a3d6e818043499623663578c414625b1f11da41b8ef6ec5ed96',0,'f755ad0344cc86891524bcecbc0d29dc','','b16ca265-d376-46cf-8c04-78805a412002','2023-07-05 16:46:44','2023-07-05 16:46:44'),('b475401c-2be4-43b9-8f03-8b797b9d794d','a512107e9a1c49a1ade381545312406cb2e8cf4cbdcb31ca4892d734b6d72041','978468a3efd12f72c4dfd048823c72b9d015d1b100125f01dc4127a075bbec750d201440aaef003dc486513b2d07a8e5fc29688b61b96324bd1440d8631ebc1e',0,'245b7a8a20a88016d2befbe472289a11','fdd903a5cfa53a8e6656449b6bc525ea','1cc4caa4-e409-46a3-9fb3-74f3d9b061b1','2023-06-25 09:25:35','2023-06-25 09:25:35'),('b7a36a4b-e22b-46c3-a12a-f6f28134d249','a512107e9a1c49a1ade381545312406cb2e8cf4cbdcb31ca4892d734b6d72041','978468a3efd12f72c4dfd048823c72b95edc3c837bd2c4b34b9a957af81a125710eb0e5279e34b47ce20d984eeb933a4618af48b877c03a18c983d665e8f58b7',0,'f77764d1c73becb094d9aefac08c801a','f3c9019eb37cf8991fc241b04794567f6d58002d321582bf401740803e3cda97','a808b230-db86-4d18-9343-e59e37f9e38c','2023-06-27 18:04:02','2023-06-27 18:04:02'),('ba005f67-3d0c-4e5a-882d-f8749ab1a6a1','fbf6cf05d9b8069243b6e68bba100b7b','351f121b8eb10de2d9689c91a3fd0b8852fe7d7c6f6f89c1590743eb4058e49c09bee2aa40f62025c901d0d06ef36a8e143651ab50fb189c3d7c4d135749bc951fb51f57972516293c677d22e26a510e',0,'791dfa1d6bcab5c185bbb242d0d5b785','','e2e7f18f-59ff-4a4d-85c6-cbb5a876bef0','2023-06-24 18:34:24','2023-06-24 18:34:24'),('bc53679a-3664-476e-b863-bfe3cff6c73e','d44fa39e21b7589f53257292fe9d6e1071a0a3f435bf5c8d0c0cf8dc72f24f99','c03dc6603d4707fcc1ef743aa10ce9960243394824f9e3f0eb4a118e3e4d1c2bed3ef950b4ad1f8706f0aff36e5236fd328bcad8f8ed5e6c1a4ab365b6571ae5',0,'f755ad0344cc86891524bcecbc0d29dc','','b16ca265-d376-46cf-8c04-78805a412002','2023-07-04 09:58:21','2023-07-04 09:58:21'),('bda2df0f-f2c3-4ffe-a42e-5ec5c08c8045','d847678ba120983534383b8c180a9f54c5552ca7223091d64d090ac58d02410d','978468a3efd12f72c4dfd048823c72b94f57d246cbfb73ff3f64dc6f265a813f3c742521a5fb6f6aa0950c2810a5c21361801d397d77c65d90e9046b3a6c79c2',1,'07b2608fa02f4e2eb2f8cce85ea45874','f755ad0344cc86891524bcecbc0d29dc','c0546d8f-b82c-4c53-b4ad-a950c4cacc85','2023-07-06 05:01:40','2023-07-06 05:02:24'),('c19af6b1-5920-4ad5-be3d-4f0b102c6f2e','a512107e9a1c49a1ade381545312406cb2e8cf4cbdcb31ca4892d734b6d72041','978468a3efd12f72c4dfd048823c72b9186f285f029e472909904d31f65c381cc12507051ac129c14744f9318f843d36',0,'fdd903a5cfa53a8e6656449b6bc525ea','fdd903a5cfa53a8e6656449b6bc525ea','6c136978-1c9f-43e1-8835-73ebc9dcd259','2023-06-26 06:44:15','2023-06-26 06:44:15'),('c2860e14-e8fc-4387-aa38-92f37f16d2d0','677843f959ab21ca0dac0f5bb59b0bcf3bfdeb3b08eaeb9ba174fa919622778e','30ce756779891f75bb818897c1eab770ed8b90458b457509bc3241a626e4d30f9426de964a5ff036a224276b611a28a8b73e34fbc4af86b9848bc31d16172af4',0,'fdd903a5cfa53a8e6656449b6bc525ea','fdd903a5cfa53a8e6656449b6bc525ea','6c136978-1c9f-43e1-8835-73ebc9dcd259','2023-06-26 08:02:55','2023-06-26 08:02:55'),('c404918d-278d-4c8f-964d-b28541f12390','e109423997e6e4f129116818e14d011992fed09110d507bc3b8669134e9c78cb','351f121b8eb10de2d9689c91a3fd0b8869be4e476ac39c9e11cc269d6dbe26206eecf48b709f7d1b7ee7ab67d6958fcda2971cdf852ec79cccbea3c435cdf23f7114b9018432748ea92217fb479d207eee1e6272d392906f1f6468daaa741fe3665c904d6ddf0add25acf182e83829ab11473fab25eb72e3a23ab5882670e738',1,'02f54616a82f1f91226db11358e5baa9','','f7aa643e-19b5-4ba1-b585-bf8944af1919','2023-06-24 17:40:07','2023-06-24 17:43:01'),('c45c099a-6d02-49cc-a932-6367a8a50238','677843f959ab21ca0dac0f5bb59b0bcf3bfdeb3b08eaeb9ba174fa919622778e','30ce756779891f75bb818897c1eab770ed8b90458b457509bc3241a626e4d30f9426de964a5ff036a224276b611a28a8b73e34fbc4af86b9848bc31d16172af4',0,'791dfa1d6bcab5c185bbb242d0d5b785','791dfa1d6bcab5c185bbb242d0d5b785','f7aa643e-19b5-4ba1-b585-bf8944af1919','2023-06-24 17:46:40','2023-06-24 17:46:40'),('ca173461-3135-478d-804f-03f96bb23bce','a512107e9a1c49a1ade381545312406cb2e8cf4cbdcb31ca4892d734b6d72041','978468a3efd12f72c4dfd048823c72b9d015d1b100125f01dc4127a075bbec750d201440aaef003dc486513b2d07a8e5fc29688b61b96324bd1440d8631ebc1e',0,'e6fdec732176733ea6fdc99b0df45e9d','fdd903a5cfa53a8e6656449b6bc525ea','f425afc7-4d22-477a-aebf-675e499e42de','2023-06-25 09:25:37','2023-06-25 09:25:37'),('ca1839b3-4887-4c8b-9070-ba4715557753','fbf6cf05d9b8069243b6e68bba100b7b','f2e79ac473b623e4743c9a1b2100a23426928f40a0839554d2ed4eed0555341df269a0d25275f7130c0f5dfe7bca2c7b4d7847d996e542088f6b4cf160963c654407ecec2ed037afac1d0bf234c2b98b',0,'f755ad0344cc86891524bcecbc0d29dc','','b16ca265-d376-46cf-8c04-78805a412002','2023-07-04 10:01:13','2023-07-04 10:01:13'),('cec73b36-e6cb-432d-a291-c721c8739c75','8d03571b6ed11ba36c7b72a240c3d0ca','d014ad668aa5d3c97aad59c7a739cc3935b8c6523cc39953e9d69fd009a6b634ee9fbc74bd13c5ae37624b82dbcb77bc134efcdb9309a15d3ae1d9252c2a7d846b1de1d1b761c90d33913c6e66f36013287c34e520d5fc7cbd8bf1d048456b5e68154ad8f5dd8e266b05bb5509306222',0,'02f54616a82f1f91226db11358e5baa9','','b16ca265-d376-46cf-8c04-78805a412002','2023-07-04 04:06:14','2023-07-04 04:06:14'),('d03823dd-3379-433f-b152-0b4f6b38809e','d15b32425537b562c0b1e5b2a20cad06','daf63daa627c07fd4448fb6b481989bd6e2f598a7481dfc79e67fbaf7bfda664353211afba2cceb7cf8ad19504b17043bd188901c7c69877211107d62ee6bf8810087ca9b6e3f2828c848665b11dfee7a95a9129afd9179de1cbd33d688aac5d',0,'02f54616a82f1f91226db11358e5baa9','','6c136978-1c9f-43e1-8835-73ebc9dcd259','2023-06-26 13:34:06','2023-06-26 13:34:06'),('d2045524-a620-4362-9a42-30c21fd60bdc','a512107e9a1c49a1ade381545312406cb2e8cf4cbdcb31ca4892d734b6d72041','978468a3efd12f72c4dfd048823c72b9482a8ddba4a0edef98100b949ed3717e0be41ac3d814be5069621dc5f4d73e0a',0,'245b7a8a20a88016d2befbe472289a11','fdd903a5cfa53a8e6656449b6bc525ea','1cc4caa4-e409-46a3-9fb3-74f3d9b061b1','2023-06-26 15:21:59','2023-06-26 15:21:59'),('d3b78139-5503-4efb-893e-241c8b8debf2','a512107e9a1c49a1ade381545312406cb2e8cf4cbdcb31ca4892d734b6d72041','978468a3efd12f72c4dfd048823c72b9a93568cfeff40f44597e0741e7ede70390dae53c3a1f7f4ec51692436ec4f72a',0,'fdd903a5cfa53a8e6656449b6bc525ea','fdd903a5cfa53a8e6656449b6bc525ea','6c136978-1c9f-43e1-8835-73ebc9dcd259','2023-06-26 06:34:39','2023-06-26 06:34:39'),('d81d8244-94b1-4a39-a333-342a8f7ea7e4','51aa1e9bd98157a184e0b3ed034389196789d2fd20e19c2f8a82be8720d6cbc4','c8ab36cb01931c674d801509bc35b40994b237e893c6d79aee793a96a7e2faf66f52e9881e34a0968f839c2882bd9c5bd14d39334a504d6f2489fd3d5fd43455b32a5cbe50c33fecd47e9c1ef20da048',0,'f3c9019eb37cf8991fc241b04794567f6d58002d321582bf401740803e3cda97','','03025c06-3465-427f-8272-146ed02c4245','2023-06-27 17:52:45','2023-06-27 17:52:45'),('d9d12b33-3ea1-4210-9caf-fa6efc41f63d','a512107e9a1c49a1ade381545312406cb2e8cf4cbdcb31ca4892d734b6d72041','978468a3efd12f72c4dfd048823c72b9f84aac82a6f2c3daf1f9e1a2708232332f58a1d8e854b5aaa8084f4add6a3f734a379d7b7e40ceb1c678667c35059ebc',0,'c402f2d82b398e55daa5d13f5f21fb15','f755ad0344cc86891524bcecbc0d29dc','0d5c8e5b-004c-42e0-a765-d72937ff7d68','2023-06-29 06:03:00','2023-06-29 06:03:00'),('da82bdd3-2119-4838-aff5-5985ded73e0b','a512107e9a1c49a1ade381545312406cb2e8cf4cbdcb31ca4892d734b6d72041','978468a3efd12f72c4dfd048823c72b9482a8ddba4a0edef98100b949ed3717e0be41ac3d814be5069621dc5f4d73e0a',0,'46b7a913874297cfbc7528e16ec97317','fdd903a5cfa53a8e6656449b6bc525ea','36627942-dd50-4f7d-b9f0-537aa8231691','2023-06-26 13:19:11','2023-06-26 13:19:11'),('dab24814-ef17-4545-96ab-1543c65f8f86','a512107e9a1c49a1ade381545312406cb2e8cf4cbdcb31ca4892d734b6d72041','978468a3efd12f72c4dfd048823c72b9eb4420cf514966e592d65dd0d970175f83e2d61100200abbbea6a0d031967cdd8c56f915e61607fe8ea580acfee24db9',0,'f77764d1c73becb094d9aefac08c801a','f3c9019eb37cf8991fc241b04794567f6d58002d321582bf401740803e3cda97','a808b230-db86-4d18-9343-e59e37f9e38c','2023-06-27 17:52:15','2023-06-27 17:52:15'),('dc41fe54-65fa-4ac3-9c9e-d562c844a956','a512107e9a1c49a1ade381545312406cb2e8cf4cbdcb31ca4892d734b6d72041','978468a3efd12f72c4dfd048823c72b9d015d1b100125f01dc4127a075bbec750d201440aaef003dc486513b2d07a8e5fc29688b61b96324bd1440d8631ebc1e',1,'fdd903a5cfa53a8e6656449b6bc525ea','fdd903a5cfa53a8e6656449b6bc525ea','6c136978-1c9f-43e1-8835-73ebc9dcd259','2023-06-25 09:25:35','2023-06-26 02:15:21'),('ddfb7da5-23d1-4ac9-b344-13253e6b2cb3','a512107e9a1c49a1ade381545312406cb2e8cf4cbdcb31ca4892d734b6d72041','978468a3efd12f72c4dfd048823c72b9482a8ddba4a0edef98100b949ed3717e0be41ac3d814be5069621dc5f4d73e0a',0,'46b7a913874297cfbc7528e16ec97317','fdd903a5cfa53a8e6656449b6bc525ea','36627942-dd50-4f7d-b9f0-537aa8231691','2023-06-26 15:21:58','2023-06-26 15:21:58'),('df7af8a6-ee1e-4e18-aea5-1bc7222e2940','fbf6cf05d9b8069243b6e68bba100b7b','05f50f9a01a8f670ce3aab59aff5ba856e3496c2ec1a463eca32e3ee930c7107a36631feb28577a3cca080b1f6db0261bf86f9dc1437506833718aa0fa44d9eefa2b48d8941c0fab5cc01dbb81da75d9',0,'f3c9019eb37cf8991fc241b04794567f6d58002d321582bf401740803e3cda97','','03025c06-3465-427f-8272-146ed02c4245','2023-06-27 18:25:07','2023-06-27 18:25:07'),('e0a6d4d7-11a4-4aab-9c52-a555b559d85a','fbf6cf05d9b8069243b6e68bba100b7b','5d318fce75536cc03add79c605cf6934cca1dacd8aa50c997c297a68cc3fef6beed6b1d5d3b56557c426b4d2f1f209ea1e70a3cef4d73c275c4ae167f5c1191306da45d0a196f1e74f6928a247f56435',0,'f1bae16bb5b93db82aacd2f2b69d58be','','71042e3b-911f-4930-87eb-8698a6f0f6a7','2023-06-26 13:47:32','2023-06-26 13:47:32'),('e1e70d9b-5db9-4bc4-be54-963f20e8e1b4','27fa9ec9d1d254a2ac9c4817394ea2cb29f25c13abbaa2be9b35211618367da8','4bc254df0ae754cdd05c32124b11547a4338aebd2211c76d0a605caceccc04b8f4a96e9e3b241ca1ad38aa132e3dd9b38291e6e43ced81e69803943b74bebd1296c7d6060b36a3f6ed7eaed03f92cd73',0,'f755ad0344cc86891524bcecbc0d29dc','','b16ca265-d376-46cf-8c04-78805a412002','2023-07-04 04:07:53','2023-07-04 04:07:53'),('e2b8fc56-3987-4165-a45f-fae0c8dd047f','a512107e9a1c49a1ade381545312406cb2e8cf4cbdcb31ca4892d734b6d72041','978468a3efd12f72c4dfd048823c72b9b215e879056329490c5a16a7255cd38de606f9dd8a812b1734ae2ea2e31cd808',0,'f1bae16bb5b93db82aacd2f2b69d58be','fdd903a5cfa53a8e6656449b6bc525ea','71042e3b-911f-4930-87eb-8698a6f0f6a7','2023-06-26 13:44:59','2023-06-26 13:44:59'),('e5e2a5eb-e163-4189-8cf6-b4db71c92663','d44fa39e21b7589f53257292fe9d6e1071a0a3f435bf5c8d0c0cf8dc72f24f99','d014ad668aa5d3c97aad59c7a739cc3960b180dc2d139206498deac035a36951d9c4de263d89b1870246b4245faf69e99893ec0b74c0604c592eb539b5d7a1aab70a5ae1f6d84e8e01b0af3f15758e8b',0,'f755ad0344cc86891524bcecbc0d29dc','','b16ca265-d376-46cf-8c04-78805a412002','2023-07-07 07:23:25','2023-07-07 07:23:25'),('e633aa7a-6f3a-4fe9-8cd6-efb541e082eb','d44fa39e21b7589f53257292fe9d6e1071a0a3f435bf5c8d0c0cf8dc72f24f99','61d99429d1ebb42c367ba5f3c746c1d0282713580da3760babcd8a060acdf703d552135d999474ede2d14e152017d53ac95991eb4c91656db403b46bb438deea3b92b6f166c94497c4e8d610c02fd033',0,'f755ad0344cc86891524bcecbc0d29dc','','b16ca265-d376-46cf-8c04-78805a412002','2023-07-05 08:21:56','2023-07-05 08:21:56'),('ecc5e73d-beec-4ad6-b697-c672f77cf0f5','d44fa39e21b7589f53257292fe9d6e1071a0a3f435bf5c8d0c0cf8dc72f24f99','59d62d5121473334fa53721a11bc43ce729223340923ba63dd10b96f1b1b1471b3a84278b694c9e0960c72d5a757e0b52717c0d24d3f11a72066974f77868e24b47e50fe6a79ad7ea3001f0932eca661',0,'f755ad0344cc86891524bcecbc0d29dc','','b16ca265-d376-46cf-8c04-78805a412002','2023-07-07 07:23:18','2023-07-07 07:23:18'),('ed4d2d64-3975-4ac0-b6ae-2454dec02a93','d847678ba120983534383b8c180a9f54c5552ca7223091d64d090ac58d02410d','978468a3efd12f72c4dfd048823c72b9c8fdc70331d7717515b7c73fa23a8fe4e1335c5b6aca1260e9506005b93b278bf56a4f91532e63d6f1e19490df45f76c',0,'0d2a47abf929d279326b6d3179e4f223','f755ad0344cc86891524bcecbc0d29dc','abc7a7ce-3957-43ec-9d6e-0c3872f01658','2023-07-07 14:11:35','2023-07-07 14:11:35'),('ef3cb237-2332-4f7e-aed1-0f926c47599d','fe20da071676baafa4cd71daf5905f2a','5d318fce75536cc03add79c605cf6934a1bc5e7ae2f49c03e2439c4cdd785a891097a9d44d2e8e2ccb634e50093133f59afe6bbbb45079b1e6e03afb10d0b0ad4d13a090e906697b30b95df8acbc29985a09b1236524b6110562bf1eb8a938a97ba5629a9f52539ff39280b8d9108c4f',0,'02f54616a82f1f91226db11358e5baa9','','6c136978-1c9f-43e1-8835-73ebc9dcd259','2023-06-26 08:00:59','2023-06-26 08:00:59'),('f197a360-c532-4293-9433-515f1fe24198','a512107e9a1c49a1ade381545312406cb2e8cf4cbdcb31ca4892d734b6d72041','978468a3efd12f72c4dfd048823c72b9d015d1b100125f01dc4127a075bbec750d201440aaef003dc486513b2d07a8e5fc29688b61b96324bd1440d8631ebc1e',0,'9743549480657c8d74ea806b058f4521','fdd903a5cfa53a8e6656449b6bc525ea','e878e144-62e6-4be6-b400-b015fa1e4224','2023-06-25 09:25:36','2023-06-25 09:25:36'),('f2f0b111-9f26-4b21-af42-93e7fb9b1e7c','fbf6cf05d9b8069243b6e68bba100b7b','5258d7ab95f8fa58798b7b3b7e9e39c1545670e3949456c0e3bbd07b897b927d27279001d225e7321d49c97ccf4c83a8d50f683d7c4a9a2483b2c4b6a845f6107c03c9dcdf4f6bb2dc01193df8272910',0,'f755ad0344cc86891524bcecbc0d29dc','','b16ca265-d376-46cf-8c04-78805a412002','2023-07-07 07:23:37','2023-07-07 07:23:37'),('f3d7180d-9ddd-4d87-b24e-af7673dc8f63','a512107e9a1c49a1ade381545312406cb2e8cf4cbdcb31ca4892d734b6d72041','978468a3efd12f72c4dfd048823c72b9186f285f029e472909904d31f65c381cc12507051ac129c14744f9318f843d36',0,'37df5f16c9a6d43dd24fb8a4d39664fa','fdd903a5cfa53a8e6656449b6bc525ea','79e83212-2cac-4fcd-bd8f-85580fb92be8','2023-06-26 06:45:14','2023-06-26 06:45:14'),('f4a56a4e-fdc3-4d42-b92a-ba7b74093372','a512107e9a1c49a1ade381545312406cb2e8cf4cbdcb31ca4892d734b6d72041','978468a3efd12f72c4dfd048823c72b9f84aac82a6f2c3daf1f9e1a2708232332f58a1d8e854b5aaa8084f4add6a3f734a379d7b7e40ceb1c678667c35059ebc',0,'766c58b840ce0f97529115d0493c4bc2','f755ad0344cc86891524bcecbc0d29dc','4d67c82d-98ad-4951-b2c8-97b9411d885a','2023-06-29 06:03:01','2023-06-29 06:03:01'),('f5119aac-08a2-40c2-b2df-fd34aeaa025a','a512107e9a1c49a1ade381545312406cb2e8cf4cbdcb31ca4892d734b6d72041','978468a3efd12f72c4dfd048823c72b9f84aac82a6f2c3daf1f9e1a2708232332f58a1d8e854b5aaa8084f4add6a3f734a379d7b7e40ceb1c678667c35059ebc',0,'8ab14a2fac353b06776f6e7104434bf9','f755ad0344cc86891524bcecbc0d29dc','427f6060-3581-4524-be1b-9dc5b25c6508','2023-06-29 06:03:01','2023-06-29 06:03:01'),('f5d84d2c-c154-4131-92b2-9da1d1e587ef','a512107e9a1c49a1ade381545312406cb2e8cf4cbdcb31ca4892d734b6d72041','978468a3efd12f72c4dfd048823c72b9d015d1b100125f01dc4127a075bbec750d201440aaef003dc486513b2d07a8e5fc29688b61b96324bd1440d8631ebc1e',0,'f1bae16bb5b93db82aacd2f2b69d58be','fdd903a5cfa53a8e6656449b6bc525ea','71042e3b-911f-4930-87eb-8698a6f0f6a7','2023-06-25 09:25:35','2023-06-25 09:25:35'),('f67a7f53-ad12-468b-82c6-6b1867136cdf','d44fa39e21b7589f53257292fe9d6e1071a0a3f435bf5c8d0c0cf8dc72f24f99','d014ad668aa5d3c97aad59c7a739cc39855d6272a35d00f3b9f11781af8b546613444b3953db04a939b08ee1d57a68ba285ade7e393995fe5eb93afd33865f6ebcb047148ef16a2910e428a130eea104',0,'f755ad0344cc86891524bcecbc0d29dc','','b16ca265-d376-46cf-8c04-78805a412002','2023-07-07 14:29:51','2023-07-07 14:29:51'),('f8677c80-b5d5-46c4-bc15-8bb40bb1b515','a512107e9a1c49a1ade381545312406cb2e8cf4cbdcb31ca4892d734b6d72041','978468a3efd12f72c4dfd048823c72b9482a8ddba4a0edef98100b949ed3717e0be41ac3d814be5069621dc5f4d73e0a',0,'245b7a8a20a88016d2befbe472289a11','fdd903a5cfa53a8e6656449b6bc525ea','1cc4caa4-e409-46a3-9fb3-74f3d9b061b1','2023-06-26 06:33:10','2023-06-26 06:33:10'),('fac01448-2cdb-49a9-b273-cea927fd9817','a512107e9a1c49a1ade381545312406cb2e8cf4cbdcb31ca4892d734b6d72041','978468a3efd12f72c4dfd048823c72b9d015d1b100125f01dc4127a075bbec750d201440aaef003dc486513b2d07a8e5fc29688b61b96324bd1440d8631ebc1e',0,'37df5f16c9a6d43dd24fb8a4d39664fa','fdd903a5cfa53a8e6656449b6bc525ea','79e83212-2cac-4fcd-bd8f-85580fb92be8','2023-06-25 09:25:36','2023-06-25 09:25:36'),('fd006424-409c-47a4-9454-fcc820a5e3c5','a512107e9a1c49a1ade381545312406cb2e8cf4cbdcb31ca4892d734b6d72041','978468a3efd12f72c4dfd048823c72b9186f285f029e472909904d31f65c381cc12507051ac129c14744f9318f843d36',0,'46b7a913874297cfbc7528e16ec97317','fdd903a5cfa53a8e6656449b6bc525ea','36627942-dd50-4f7d-b9f0-537aa8231691','2023-06-26 06:45:13','2023-06-26 06:45:13'),('fdb3f397-4d7f-4c46-8fe8-5eb9c364e118','fe20da071676baafa4cd71daf5905f2a','5d318fce75536cc03add79c605cf6934a1bc5e7ae2f49c03e2439c4cdd785a89e50b6b430e2249e6f11f5f3178aa60c9897e584414a7caeb06147191f534083f97a1dce08d65c228f0d1c063ec70c8998125c9ac86c61a5c4ee0d4395fe770925d6ea04d69bfad987265926976589e236dd11a4f33a55147f9fb88875f07e6c9',0,'02f54616a82f1f91226db11358e5baa9','','6c136978-1c9f-43e1-8835-73ebc9dcd259','2023-06-26 15:40:22','2023-06-26 15:40:22'),('fdd24bee-b1dc-45a7-91ea-1cd19e987a2f','27fa9ec9d1d254a2ac9c4817394ea2cb29f25c13abbaa2be9b35211618367da8','4bc254df0ae754cdd05c32124b11547a4338aebd2211c76d0a605caceccc04b82348c00652856546e16e48067ddf01e57e7d89793da472206f836088b4774b7f2628445241797429b529320b9ecfef0c',0,'f755ad0344cc86891524bcecbc0d29dc','','b16ca265-d376-46cf-8c04-78805a412002','2023-07-07 14:12:45','2023-07-07 14:12:45'),('fdef5b2e-b1b4-4607-bbcf-41d87603503b','a512107e9a1c49a1ade381545312406cb2e8cf4cbdcb31ca4892d734b6d72041','978468a3efd12f72c4dfd048823c72b95edc3c837bd2c4b34b9a957af81a125710eb0e5279e34b47ce20d984eeb933a4618af48b877c03a18c983d665e8f58b7',0,'f3c9019eb37cf8991fc241b04794567f6d58002d321582bf401740803e3cda97','f3c9019eb37cf8991fc241b04794567f6d58002d321582bf401740803e3cda97','03025c06-3465-427f-8272-146ed02c4245','2023-06-27 18:04:02','2023-06-27 18:04:02');
/*!40000 ALTER TABLE `notifications` ENABLE KEYS */;
UNLOCK TABLES;

--
-- Table structure for table `permission_types`
--

DROP TABLE IF EXISTS `permission_types`;
/*!40101 SET @saved_cs_client     = @@character_set_client */;
/*!50503 SET character_set_client = utf8mb4 */;
CREATE TABLE `permission_types` (
  `_id` varchar(255) NOT NULL,
  `name` text NOT NULL,
  `createdAt` datetime NOT NULL,
  `updatedAt` datetime NOT NULL,
  PRIMARY KEY (`_id`)
) ENGINE=InnoDB DEFAULT CHARSET=utf8mb4 COLLATE=utf8mb4_0900_ai_ci;
/*!40101 SET character_set_client = @saved_cs_client */;

--
-- Dumping data for table `permission_types`
--

LOCK TABLES `permission_types` WRITE;
/*!40000 ALTER TABLE `permission_types` DISABLE KEYS */;
INSERT INTO `permission_types` VALUES ('02b564a4-e427-4236-ae6a-2a2349f056aa','b4977f978c8bf5ee00bcd911d342393edd9ab423cc33de03317f9b96127bbc44e7d451c6cd46742e78db3504d02e7b77','2023-06-27 18:31:29','2023-06-27 18:31:29'),('15994337-7866-404e-a93b-cd513abc0ea2','abd8998bf579ba90bd28fab19415167b9d3a449f510e4dcd5c7048d118f1f14a34b318620b126b98e16b1ea71642ff79bf432bcf3609a2a98aa2a184a0f18597','2023-06-27 18:32:52','2023-06-27 18:32:52'),('1c094f1d-03df-42d6-8589-8e85254b9f14','3941c23be9b24c3262ad4afd91f7669ebc7760a38f420f8b8cfd3fb854919bcd','2023-06-28 12:37:27','2023-06-28 12:37:27'),('5d4f5afe-f7a8-45b3-a320-1b1eaed59bb0','9574ee1a4b546ddbb3ab467e492f0be0bc0046bbbbe6dc304be49d2459583634bdf92c7a161b2d79e7abe517271d29a2','2023-06-28 12:25:36','2023-06-28 12:25:36'),('704b26e5-44df-4ef5-bd38-091ff032e4b7','7f3a957c6a785bb28c4f5e61f864d22f26cb18fc4f7881b14bb1ec394c73c1e13ba0cd4121088f3ad6f7538090448f988d8993615051daba2cad9e6c464b84d8','2023-06-27 18:32:32','2023-06-27 18:32:32'),('87b25323-143d-4b0c-935f-f09c3c5d3a0d','7bd968e10ce771cf37d614758288db9ac78b57260ea231b4b62cf213d502fc4e42f74f54c4b544347d2430b0e9cf63b8','2023-06-27 18:33:06','2023-06-27 18:33:06'),('8ef0394f-f9b7-45fd-9853-48b6bc7c5821','e7b5734a479cd0ecebf579f710733e2573f35e428690812883202c593cc345a7','2023-06-27 18:33:19','2023-06-27 18:33:19'),('98a2b3c8-0191-450c-a3bf-31b9b0bc498b','90e725659299666e0aca33afbe6aba05','2023-06-28 12:37:07','2023-06-28 12:37:07'),('99e70a45-52bb-4042-83ee-5b18d0779536','4b22b5821ab174b2b562594d0cca907c0bdff62146c3683b860e4b37597f7bd8','2023-06-28 12:31:10','2023-06-28 12:31:10'),('b850b2f8-caf7-41aa-9866-2543608c663f','93ed994fec37717bc57328894e871bccf593bffdf3b0872d0e20be428c3777d0','2023-06-28 12:40:13','2023-06-28 12:40:13'),('c9fdcc04-2e42-49a2-8d1a-ebfca2af96eb','b4977f978c8bf5ee00bcd911d342393e3a843ad968bab7cec1289a0fb70c2d781b1584fef584ab9ab663bae0f3375916','2023-06-27 18:34:32','2023-06-27 18:34:32'),('cf8021b2-9328-4747-936a-f6d34f1f1c5d','29da53f95ec30cd245f8fde7a08331cb9d2edce5759b4d06a6d62c7de4c2bb03817c9deb9c15258cef6ecd74a8a02128','2023-06-28 12:23:02','2023-06-28 12:23:02'),('e54148da-8311-4e02-a826-81fda5745e81','031cc6a2443720e1ca108cab27309bb00e6b6439fa5eb801a012752cefa1c05e','2023-06-28 12:38:45','2023-06-28 12:38:45'),('eb8bd664-af9e-462a-a9f6-1fe92c8b237b','a5246b8e4a70723ae8c9a7caf5de2503ceab85d51c01c87d6121e1e17ded7319','2023-06-28 12:56:46','2023-06-28 12:56:46'),('f835cd79-eff6-4564-8afb-fe9ebe0fd5bb','965dc403054e73edc810ae55d90118ba6cfb3bfb7c80303fbf8f178ea8f1108abe797ecede4932cfa98f1aca3ebef403','2023-06-28 12:33:57','2023-06-28 12:33:57'),('fc6139ee-0369-4e5d-b791-21dbcca6a8fc','fc2107d508a51c0c10742cad5ae93bc85dc701b61ed289932a85cedbcd429237fe9db73c9175ab3866c4c47187033ca0','2023-06-27 18:33:35','2023-06-27 18:33:35');
/*!40000 ALTER TABLE `permission_types` ENABLE KEYS */;
UNLOCK TABLES;

--
-- Table structure for table `permissions`
--

DROP TABLE IF EXISTS `permissions`;
/*!40101 SET @saved_cs_client     = @@character_set_client */;
/*!50503 SET character_set_client = utf8mb4 */;
CREATE TABLE `permissions` (
  `_id` varchar(255) NOT NULL,
  `name` text NOT NULL,
  `createdAt` datetime NOT NULL,
  `updatedAt` datetime NOT NULL,
  `permissionTypesId` varchar(255) DEFAULT NULL,
  PRIMARY KEY (`_id`),
  KEY `permissionTypesId` (`permissionTypesId`),
  CONSTRAINT `permissions_ibfk_1` FOREIGN KEY (`permissionTypesId`) REFERENCES `permission_types` (`_id`) ON DELETE CASCADE ON UPDATE CASCADE
) ENGINE=InnoDB DEFAULT CHARSET=utf8mb4 COLLATE=utf8mb4_0900_ai_ci;
/*!40101 SET character_set_client = @saved_cs_client */;

--
-- Dumping data for table `permissions`
--

LOCK TABLES `permissions` WRITE;
/*!40000 ALTER TABLE `permissions` DISABLE KEYS */;
INSERT INTO `permissions` VALUES ('009e299f-d2c6-421b-9ff7-cd8e280ebae6','b50df3bb9f311038ae1f0d31ab54a9f6f6fe7bfa609d3a416216baf8f5e1c596','2023-06-28 12:33:11','2023-06-28 12:33:11','99e70a45-52bb-4042-83ee-5b18d0779536'),('02260677-e84b-4ae7-a3cf-dd53f2902c87','5cfbe4a64b6b3e0cb4e032146a3d8c76b4626f9eb9dac8a74022015b7576404f06eaa0faa34148f971a6e97c4737890cad5d5ed9be6e8e9aec7c599838f74548','2023-06-28 12:58:42','2023-06-28 12:58:42','eb8bd664-af9e-462a-a9f6-1fe92c8b237b'),('041c28f7-165e-4f81-a19c-cdace9b98d91','84d94d3f3356939197d70b6a678996f54cb6045e0158a1f440293c70332ff93c','2023-06-28 12:25:08','2023-06-28 12:25:08','cf8021b2-9328-4747-936a-f6d34f1f1c5d'),('066dfa5e-6912-491a-8dd4-ce758d1c433c','c5a510d99d38890e07611dcf47cc165c2d653b13060cb37347cf51200ad475fd','2023-06-28 12:25:08','2023-06-28 12:25:08','cf8021b2-9328-4747-936a-f6d34f1f1c5d'),('09ffbe2e-0cd0-45c6-8507-53112c8eba5b','29da53f95ec30cd245f8fde7a08331cb324243986aa0f1bc25e557e23eadb11dd7dd9d7fb8c80fb1c2846bc7224d755527efd2908eaaacf6aea8ee63cbec1aab','2023-06-27 18:39:26','2023-06-27 18:39:26','704b26e5-44df-4ef5-bd38-091ff032e4b7'),('0b1e18d3-5345-4d40-8daa-ae631262b321','53e4c75d26f7af791ac163f39fc4277ba6a5abeb0add34e6f1c8c00011e3bcbe','2023-06-27 18:36:52','2023-06-27 18:36:52','02b564a4-e427-4236-ae6a-2a2349f056aa'),('155f96ff-7145-4670-bfd2-3b0f8b786ada','5cfbe4a64b6b3e0cb4e032146a3d8c768c38188a4b11d06e63542b99354a909b362528149fa1e9daed04ec2d05ce9248490a1fcc9046327058812953816ac851','2023-06-28 12:58:42','2023-06-28 12:58:42','eb8bd664-af9e-462a-a9f6-1fe92c8b237b'),('15e75e62-6bf9-422b-bf85-e3b1b460513e','db67100856fad4f6e3ce8b09b28449e421e53dc2a5adb40a756fe81a9cb45e03','2023-06-27 18:36:52','2023-06-27 18:36:52','02b564a4-e427-4236-ae6a-2a2349f056aa'),('16072f84-3716-4308-b6c1-192d4cf2c48d','9574ee1a4b546ddbb3ab467e492f0be0bc0046bbbbe6dc304be49d2459583634bdf92c7a161b2d79e7abe517271d29a2','2023-06-27 18:39:26','2023-06-27 18:39:26','704b26e5-44df-4ef5-bd38-091ff032e4b7'),('1ca65858-3c0c-4ac5-b2cd-17f7fb313947','3b17d4a9198b3f9bc95b09c7454d969e','2023-06-28 12:25:08','2023-06-28 12:25:08','cf8021b2-9328-4747-936a-f6d34f1f1c5d'),('1da064f3-25fa-46ba-9978-975aae04f2b9','51725dfb535c4533720f8c158224d3b021c3934d1ca3f1ec2e53f9c5705aa28564eeef7e7b59da4fdc1b2d619251b6cf0e7d6547f8b19a044a756cf89d343f61','2023-06-28 12:59:56','2023-06-28 12:59:56','eb8bd664-af9e-462a-a9f6-1fe92c8b237b'),('23765325-60a9-4c92-ae6b-634f1467757a','e7e6050b652e77f76652a5b9dd264b0ab3bef63e04d6bc857df2df3292b8538c','2023-06-28 12:41:04','2023-06-28 12:41:04','b850b2f8-caf7-41aa-9866-2543608c663f'),('23a18353-123b-4e22-b123-b607c6aa936d','c6abdd2a4c2ee1f7942ee124b2da2fe14189fc30870ccb8ab18434187735bdac','2023-06-28 12:31:45','2023-06-28 12:31:45','99e70a45-52bb-4042-83ee-5b18d0779536'),('259d3cae-13c7-4c82-b91a-77a74aea2555','e71cb1d3d0efcec3cef6b471a27368e5','2023-06-28 12:39:37','2023-06-28 12:39:37','e54148da-8311-4e02-a826-81fda5745e81'),('26f76ef1-347e-477c-9d1f-f81ffbf811a9','53e4c75d26f7af791ac163f39fc4277b49d2bab5f51bee60f7afcc43ccc6a5f5','2023-06-27 18:37:46','2023-06-27 18:37:46','c9fdcc04-2e42-49a2-8d1a-ebfca2af96eb'),('2aee947a-cee1-4073-b574-b4d9725777f6','5ac249676b794412194444788729943f9abf3c22acf215e77b914fc8d93ef7fb','2023-06-27 18:36:52','2023-06-27 18:36:52','02b564a4-e427-4236-ae6a-2a2349f056aa'),('2d633d92-8ecb-4325-8349-0448a5ba2305','ab75aea553a60c18331b4f6e9eea9da0233151524e17318e4de58ef64ba5d71d964c9accf15a5c2bfcea4e9e5c13daa2','2023-06-27 18:39:26','2023-06-27 18:39:26','704b26e5-44df-4ef5-bd38-091ff032e4b7'),('2eaa0032-6db2-449c-a480-020d270e6d84','978c818f710dbe97b8501d49c02cbf431c17005cd49c023aa1dcee7819773bba','2023-06-27 18:37:46','2023-06-27 18:37:46','c9fdcc04-2e42-49a2-8d1a-ebfca2af96eb'),('2fe0aaf6-fd2e-422d-a11b-c8e31dc47b9c','cf9155f101917d2636e208d4b486ecaea74d9b9fcb8cb042fe695275784a5d91','2023-06-28 12:26:21','2023-06-28 12:26:21','5d4f5afe-f7a8-45b3-a320-1b1eaed59bb0'),('3557864b-1362-452f-b4cd-74f632b890b7','fe15ecad777edc65459074ab59838a21','2023-06-28 12:31:45','2023-06-28 12:31:45','99e70a45-52bb-4042-83ee-5b18d0779536'),('43514d4d-9b91-4263-8c90-1e01882591a9','abd8998bf579ba90bd28fab19415167b5e874c2586851974c070c3b137a57b02f097b007885637b6a07ff17aa93375fd','2023-06-27 18:38:54','2023-06-27 18:38:54','15994337-7866-404e-a93b-cd513abc0ea2'),('44b0f527-4e3a-403a-9886-fff5bc2896c7','9e9085a27e85b2aaa5e66c61da803051','2023-06-28 12:41:04','2023-06-28 12:41:04','b850b2f8-caf7-41aa-9866-2543608c663f'),('46f4b00c-3449-4dce-8901-9e85fcbca3c4','978c818f710dbe97b8501d49c02cbf4383bd04f88a0807b675b660e6101843cb','2023-06-27 18:36:52','2023-06-27 18:36:52','02b564a4-e427-4236-ae6a-2a2349f056aa'),('535e4a72-5afa-450d-81f8-bf92b8d6b6c5','72339114522efd725b8a77774b2bbad1','2023-06-27 18:37:46','2023-06-27 18:37:46','c9fdcc04-2e42-49a2-8d1a-ebfca2af96eb'),('56c6968c-065b-4d09-9b2d-b502453f4b49','1415f3be68d88c60ec23ec27410a9fb98108d3105d4bf1e150f96c095d11027c','2023-06-28 12:31:45','2023-06-28 12:31:45','99e70a45-52bb-4042-83ee-5b18d0779536'),('5aba2bf4-ca96-4ecf-983c-e53bc2674a7a','a878e6af1a509cf5d2d968012303f874','2023-06-28 12:54:02','2023-06-28 12:54:02','fc6139ee-0369-4e5d-b791-21dbcca6a8fc'),('5d2ee44c-2f36-41dc-8881-25d001b0a9c2','425b129d2394bbca344e1424f05ef2fbc172ed602643b33f12892b7f27031fd7','2023-06-28 12:26:21','2023-06-28 12:26:21','5d4f5afe-f7a8-45b3-a320-1b1eaed59bb0'),('5e15b6bc-0eb1-4b78-a9c6-4b04bc0b97ae','5cfbe4a64b6b3e0cb4e032146a3d8c76dcd59f8186e08a2903312faa3bd05d301fd31e290a4bbda1394918c7cec81fc2','2023-06-28 12:58:42','2023-06-28 12:58:42','eb8bd664-af9e-462a-a9f6-1fe92c8b237b'),('5e7697d8-b1b3-49a6-824c-e42f9b3d6796','b4ebeec6cc7bb5ebae540f46e45c5cfd757f1e0c68b1f8aae6160e596b437aca','2023-06-28 12:39:37','2023-06-28 12:39:37','e54148da-8311-4e02-a826-81fda5745e81'),('5fb8f901-0f5f-4e4f-b532-749f97a6661e','5cfbe4a64b6b3e0cb4e032146a3d8c76018fa32e0359738d5990850c746786de416130318e62a772d9f4c9786fa590c479de8957d508d0bc5c4e0ae6e5eeca60','2023-06-28 12:58:42','2023-06-28 12:58:42','eb8bd664-af9e-462a-a9f6-1fe92c8b237b'),('604b1d03-9b64-4edf-8f59-87742a139c7f','eee46e4308686d75b9788dd437c8fe1685bd5878fbc728e3093784cd08c39e65a9890bb378e1d2a010ff96ded507d154','2023-06-27 18:39:59','2023-06-27 18:39:59','87b25323-143d-4b0c-935f-f09c3c5d3a0d'),('6053279f-654d-476d-b428-81c845650a33','a7b603724e71bceb988cfa51f3e03894604333d1df2287b1adce4eaf8227bb120113e5d04f1198c11260618c2c69ee60a4a6afe11b183d01e71444b7035af807','2023-06-27 18:40:27','2023-06-27 18:40:27','8ef0394f-f9b7-45fd-9853-48b6bc7c5821'),('633ef1ca-f8b5-46ba-a500-8ce718046d68','facb8583a5d6d48cf06d0a9e8560831aa65718da26a8e3813c32f5c2c577461a73ca7eb5280b8adef379c6d97bfdbfcb','2023-06-27 18:40:27','2023-06-27 18:40:27','8ef0394f-f9b7-45fd-9853-48b6bc7c5821'),('68c262f2-d6c8-458e-9a3b-1a4148abd76b','05e82c4a84451e3bc1dfbfea5dbcab7338b5e233868550254719bba87cb0e662','2023-06-28 12:26:21','2023-06-28 12:26:21','5d4f5afe-f7a8-45b3-a320-1b1eaed59bb0'),('6a516feb-a3df-42bb-bb6d-5b63923c3928','772a2bfe73cdfa26ae695966d7d3117c','2023-06-28 13:10:32','2023-06-28 13:10:32','b850b2f8-caf7-41aa-9866-2543608c663f'),('6cb7a4db-166b-434d-b8ee-a203efb03acc','7d9945a0145e3906d911d19c67bc6c76','2023-06-28 12:39:37','2023-06-28 12:39:37','e54148da-8311-4e02-a826-81fda5745e81'),('76467303-7212-4c64-8e1c-dac07e1bbf1a','965dc403054e73edc810ae55d90118bacf6ea024a0c1b75341a3540dc606bf0bf9a7e2dc804484c588fbe009ed646cba','2023-06-27 18:39:26','2023-06-27 18:39:26','704b26e5-44df-4ef5-bd38-091ff032e4b7'),('76b80867-2a66-4d02-ac0d-fa9b7dfdb336','c3c8b2d99674b78785128d384f0c9b0a','2023-06-28 12:37:16','2023-06-28 12:37:16','98a2b3c8-0191-450c-a3bf-31b9b0bc498b'),('79579373-a9cd-455e-8e9e-1bd8f735752b','7f83951c2b7d21b5d50a684596054b3ae65e3850f5377151533041a8b9343f0b8cf23a478c3f5251101f83910f495a96','2023-06-27 18:38:54','2023-06-27 18:38:54','15994337-7866-404e-a93b-cd513abc0ea2'),('7b03080b-c88e-45b2-8b50-1ffb0ed6997f','cf60329327070b75a3754def71e5a2ea','2023-06-28 12:26:21','2023-06-28 12:26:21','5d4f5afe-f7a8-45b3-a320-1b1eaed59bb0'),('7b504f41-0317-47ac-bb75-076190f55b31','4cfb0dbc3636bba20c876a758f68cd3029858c143051d0336be82f406a3ea903','2023-06-28 14:33:48','2023-06-28 14:33:48','99e70a45-52bb-4042-83ee-5b18d0779536'),('7fe0d10f-868d-411a-9969-201376727b59','6ad811a7e1b98d1af0e252cba5e689f96037ac1cfb484006b069b4e7405907a9','2023-06-28 12:34:33','2023-06-28 12:34:33','f835cd79-eff6-4564-8afb-fe9ebe0fd5bb'),('80e9cdc5-49e8-4c81-addd-7672992fcd16','3d7df58189012a9e8f91b4a5dbc0cc90a86d58f897ef8683fdc03f9349554bfa','2023-06-28 12:34:33','2023-06-28 12:34:33','f835cd79-eff6-4564-8afb-fe9ebe0fd5bb'),('9300f39c-09f0-4dc1-901a-3dc15bdaa2fb','018437273c1ab876455831dfd84d6806','2023-06-28 12:41:04','2023-06-28 12:41:04','b850b2f8-caf7-41aa-9866-2543608c663f'),('9c94ced0-10c6-4ef4-9639-d2614150819e','4752b754fdf2633ccba1d662e9bc48cd86c1a7d60173b371119ddd525ae85f11','2023-06-28 12:34:33','2023-06-28 12:34:33','f835cd79-eff6-4564-8afb-fe9ebe0fd5bb'),('a71760b3-58ab-49fe-914d-88bdd41dbda1','25f1ec2442bf49d71098839acf28510e2a9d2a390e4c11ce91a2d4b1b76fe1e9','2023-06-28 12:31:45','2023-06-28 12:31:45','99e70a45-52bb-4042-83ee-5b18d0779536'),('c2607908-716f-40ef-bf53-0bacdd4d65a7','4c019972d3deec39f30108106aa804c8c4a5f29c250760992746b70316664867','2023-06-28 12:25:08','2023-06-28 12:25:08','cf8021b2-9328-4747-936a-f6d34f1f1c5d'),('c5b2969b-b247-4b27-b5fa-0f114ab56d0e','abd8998bf579ba90bd28fab19415167be2e6918a6566c64119f8abbc88c07c44f6f28d3696f4bf8d35a9048baac8069c','2023-06-27 18:38:54','2023-06-27 18:38:54','15994337-7866-404e-a93b-cd513abc0ea2'),('cc5bfdb9-43b9-4498-b0e9-51a50000f6a1','46f8614809067ee1fa3b475761eb3a0873e5af9a7b3eee46a2bfea62c1de8422909f923310b20929e4ea87861fcdaa96','2023-06-27 18:39:59','2023-06-27 18:39:59','87b25323-143d-4b0c-935f-f09c3c5d3a0d'),('d057a246-3666-419d-a502-2f15187ab98a','419dec6284a88ae83605bbd6ce7f28b9f59445799ad86d6dc9283fe315e7f551','2023-06-27 18:37:46','2023-06-27 18:37:46','c9fdcc04-2e42-49a2-8d1a-ebfca2af96eb'),('d3ff1c4c-e731-4e34-81d1-f3ff989338e5','64237320862c59dedb694b250ebcd0c1b61f45b4decb89e32b68aec7fd963dbe','2023-06-28 12:38:16','2023-06-28 12:38:16','1c094f1d-03df-42d6-8589-8e85254b9f14'),('d747fb4f-085e-41e1-93eb-fd4e4727b668','ce5abeda76fe2a1846e821de47d6c72055ebce1f5cdf9fd08386b98c552eaf48','2023-06-28 12:34:33','2023-06-28 12:34:33','f835cd79-eff6-4564-8afb-fe9ebe0fd5bb'),('da052b2b-d891-49da-bb3d-ad5b197ee1db','776b588e63b91a44930962700cd594e5281ecb81350a26309947e331c28bbd7ffc3cfb1e7d30b8279447612c1f376d0f','2023-06-27 18:40:00','2023-06-27 18:40:00','87b25323-143d-4b0c-935f-f09c3c5d3a0d'),('e5cd88c1-5b43-47c0-a00a-7887426a981a','e51a9dd9fa4ae1742f7f5ff2308637c6189cb0f1bc34744ca529d07527861660','2023-06-28 14:15:06','2023-06-28 14:15:06','99e70a45-52bb-4042-83ee-5b18d0779536'),('e98a0a45-b788-40dd-b6ac-4368bb98877a','cca08b824d39f2c5f27625eb477a0f5fe1e1b437be664a01426e16c88fa56dc0119d830f940abbcb9a5936c3d4e4abbe8a02ae5cc954f87d090ab47cfac248daa5bfa5c895d3f6290889bcb5fe4441b1','2023-06-27 18:40:27','2023-06-27 18:40:27','8ef0394f-f9b7-45fd-9853-48b6bc7c5821'),('f10b589c-67cd-4892-a4cc-487915dea288','5f7358285980bfeef5388df5db4f1c14215ac21ae77c107404029005fc5c11ce','2023-06-28 12:25:08','2023-06-28 12:25:08','cf8021b2-9328-4747-936a-f6d34f1f1c5d'),('f3ec6c31-94ed-4d70-89ba-d8450a5376f0','abd8998bf579ba90bd28fab19415167b0f0a9de8656235f07c2be9f583c736f72e98d0b6566f6c862a31aff430bf8f83','2023-06-27 18:38:54','2023-06-27 18:38:54','15994337-7866-404e-a93b-cd513abc0ea2'),('f47351e6-e942-492f-aa6d-7fda426cf763','fca18a17d516d35698716b72a4d608be','2023-06-28 13:00:36','2023-06-28 13:00:36','eb8bd664-af9e-462a-a9f6-1fe92c8b237b'),('f65a7167-67e7-4cd2-8b96-0ed1d6f7a782','216450fe00500bb77caa08481cbebb91d909881f712d431459ecff40451467ef','2023-06-28 12:33:11','2023-06-28 12:33:11','99e70a45-52bb-4042-83ee-5b18d0779536'),('f9cd6c66-2883-4299-9c0c-cbd7eaaba523','a52bed200e5c908af1907fda298bd100','2023-06-28 12:39:37','2023-06-28 12:39:37','e54148da-8311-4e02-a826-81fda5745e81'),('fbb924f6-c3b3-4c9d-b02f-889e3396440a','a692596cd7911b74d2a3d09319a80f1e','2023-06-28 12:26:21','2023-06-28 12:26:21','5d4f5afe-f7a8-45b3-a320-1b1eaed59bb0');
/*!40000 ALTER TABLE `permissions` ENABLE KEYS */;
UNLOCK TABLES;

--
-- Table structure for table `positions`
--

DROP TABLE IF EXISTS `positions`;
/*!40101 SET @saved_cs_client     = @@character_set_client */;
/*!50503 SET character_set_client = utf8mb4 */;
CREATE TABLE `positions` (
  `_id` varchar(255) NOT NULL,
  `name` text NOT NULL,
  `createdAt` datetime NOT NULL,
  `updatedAt` datetime NOT NULL,
  PRIMARY KEY (`_id`)
) ENGINE=InnoDB DEFAULT CHARSET=utf8mb4 COLLATE=utf8mb4_0900_ai_ci;
/*!40101 SET character_set_client = @saved_cs_client */;

--
-- Dumping data for table `positions`
--

LOCK TABLES `positions` WRITE;
/*!40000 ALTER TABLE `positions` DISABLE KEYS */;
INSERT INTO `positions` VALUES ('0988c491-3cc3-45bc-8f66-16e05d4def9b','7c76725d057287b3c4ec5f23cd5b4bef49148c212d706e4e66d784e07ce0e57a','2023-06-27 16:37:41','2023-06-27 16:37:41'),('1479ead8-8986-496f-af5c-645ca4a6b334','cf5f6742984bf854337e83eefb1d8cf5aef18d2a02f93d6f309eeec48285663a','2023-06-27 16:37:24','2023-06-27 16:37:24'),('859554e8-f537-46af-9625-17b0050f6789','9350c7ec4bec4576acd4b170dae7e783','2023-06-27 16:37:16','2023-06-27 16:37:16'),('bb08f427-2ff6-498f-b55f-e4c11fab43eb','606f8511447fea739219ca04a95f9cba','2023-06-27 16:37:33','2023-06-27 16:37:33'),('e33c7f50-a27d-4719-955d-8979b55ff8d0','97dad03f239544a652b2b06fb8f9547c','2023-06-27 16:37:07','2023-06-27 16:37:07');
/*!40000 ALTER TABLE `positions` ENABLE KEYS */;
UNLOCK TABLES;

--
-- Table structure for table `role_permissions`
--

DROP TABLE IF EXISTS `role_permissions`;
/*!40101 SET @saved_cs_client     = @@character_set_client */;
/*!50503 SET character_set_client = utf8mb4 */;
CREATE TABLE `role_permissions` (
  `createdAt` datetime NOT NULL,
  `updatedAt` datetime NOT NULL,
  `RoleId` varchar(255) NOT NULL,
  `PermissionId` varchar(255) NOT NULL,
  PRIMARY KEY (`RoleId`,`PermissionId`),
  KEY `PermissionId` (`PermissionId`),
  CONSTRAINT `role_permissions_ibfk_1` FOREIGN KEY (`RoleId`) REFERENCES `roles` (`_id`) ON DELETE CASCADE ON UPDATE CASCADE,
  CONSTRAINT `role_permissions_ibfk_2` FOREIGN KEY (`PermissionId`) REFERENCES `permissions` (`_id`) ON DELETE CASCADE ON UPDATE CASCADE
) ENGINE=InnoDB DEFAULT CHARSET=utf8mb4 COLLATE=utf8mb4_0900_ai_ci;
/*!40101 SET character_set_client = @saved_cs_client */;

--
-- Dumping data for table `role_permissions`
--

LOCK TABLES `role_permissions` WRITE;
/*!40000 ALTER TABLE `role_permissions` DISABLE KEYS */;
INSERT INTO `role_permissions` VALUES ('2023-06-29 06:42:34','2023-06-29 06:42:34','2e196e65-a26c-4614-a09c-bf1e0d29a483','009e299f-d2c6-421b-9ff7-cd8e280ebae6'),('2023-06-29 06:42:35','2023-06-29 06:42:35','2e196e65-a26c-4614-a09c-bf1e0d29a483','02260677-e84b-4ae7-a3cf-dd53f2902c87'),('2023-06-29 06:42:35','2023-06-29 06:42:35','2e196e65-a26c-4614-a09c-bf1e0d29a483','041c28f7-165e-4f81-a19c-cdace9b98d91'),('2023-07-05 17:15:50','2023-07-05 17:15:50','2e196e65-a26c-4614-a09c-bf1e0d29a483','0b1e18d3-5345-4d40-8daa-ae631262b321'),('2023-06-29 01:53:51','2023-06-29 01:53:51','2e196e65-a26c-4614-a09c-bf1e0d29a483','1ca65858-3c0c-4ac5-b2cd-17f7fb313947'),('2023-07-06 05:08:47','2023-07-06 05:08:47','2e196e65-a26c-4614-a09c-bf1e0d29a483','23a18353-123b-4e22-b123-b607c6aa936d'),('2023-06-28 08:49:12','2023-06-28 08:49:12','2e196e65-a26c-4614-a09c-bf1e0d29a483','2aee947a-cee1-4073-b574-b4d9725777f6'),('2023-06-29 06:42:35','2023-06-29 06:42:35','2e196e65-a26c-4614-a09c-bf1e0d29a483','3557864b-1362-452f-b4cd-74f632b890b7'),('2023-07-05 17:15:50','2023-07-05 17:15:50','2e196e65-a26c-4614-a09c-bf1e0d29a483','46f4b00c-3449-4dce-8901-9e85fcbca3c4'),('2023-07-05 17:15:49','2023-07-05 17:15:49','2e196e65-a26c-4614-a09c-bf1e0d29a483','535e4a72-5afa-450d-81f8-bf92b8d6b6c5'),('2023-06-29 06:42:34','2023-06-29 06:42:34','2e196e65-a26c-4614-a09c-bf1e0d29a483','5d2ee44c-2f36-41dc-8881-25d001b0a9c2'),('2023-07-05 17:15:44','2023-07-05 17:15:44','2e196e65-a26c-4614-a09c-bf1e0d29a483','5e15b6bc-0eb1-4b78-a9c6-4b04bc0b97ae'),('2023-06-29 06:42:34','2023-06-29 06:42:34','2e196e65-a26c-4614-a09c-bf1e0d29a483','68c262f2-d6c8-458e-9a3b-1a4148abd76b'),('2023-06-29 01:53:51','2023-06-29 01:53:51','2e196e65-a26c-4614-a09c-bf1e0d29a483','76b80867-2a66-4d02-ac0d-fa9b7dfdb336'),('2023-06-29 06:42:35','2023-06-29 06:42:35','2e196e65-a26c-4614-a09c-bf1e0d29a483','7b504f41-0317-47ac-bb75-076190f55b31'),('2023-06-29 01:53:51','2023-06-29 01:53:51','2e196e65-a26c-4614-a09c-bf1e0d29a483','7fe0d10f-868d-411a-9969-201376727b59'),('2023-06-29 06:42:35','2023-06-29 06:42:35','2e196e65-a26c-4614-a09c-bf1e0d29a483','80e9cdc5-49e8-4c81-addd-7672992fcd16'),('2023-06-29 06:42:35','2023-06-29 06:42:35','2e196e65-a26c-4614-a09c-bf1e0d29a483','9c94ced0-10c6-4ef4-9639-d2614150819e'),('2023-06-29 06:42:35','2023-06-29 06:42:35','2e196e65-a26c-4614-a09c-bf1e0d29a483','c2607908-716f-40ef-bf53-0bacdd4d65a7'),('2023-06-29 06:42:35','2023-06-29 06:42:35','2e196e65-a26c-4614-a09c-bf1e0d29a483','d747fb4f-085e-41e1-93eb-fd4e4727b668'),('2023-06-29 01:53:46','2023-06-29 01:53:46','2e196e65-a26c-4614-a09c-bf1e0d29a483','fbb924f6-c3b3-4c9d-b02f-889e3396440a'),('2023-06-29 06:44:02','2023-06-29 06:44:02','42f3ac92-43f9-40d9-9f27-b15f364d03c5','009e299f-d2c6-421b-9ff7-cd8e280ebae6'),('2023-06-28 15:47:17','2023-06-28 15:47:17','42f3ac92-43f9-40d9-9f27-b15f364d03c5','02260677-e84b-4ae7-a3cf-dd53f2902c87'),('2023-07-05 17:18:05','2023-07-05 17:18:05','42f3ac92-43f9-40d9-9f27-b15f364d03c5','041c28f7-165e-4f81-a19c-cdace9b98d91'),('2023-07-05 17:18:05','2023-07-05 17:18:05','42f3ac92-43f9-40d9-9f27-b15f364d03c5','066dfa5e-6912-491a-8dd4-ce758d1c433c'),('2023-07-05 17:18:16','2023-07-05 17:18:16','42f3ac92-43f9-40d9-9f27-b15f364d03c5','0b1e18d3-5345-4d40-8daa-ae631262b321'),('2023-06-28 15:47:17','2023-06-28 15:47:17','42f3ac92-43f9-40d9-9f27-b15f364d03c5','155f96ff-7145-4670-bfd2-3b0f8b786ada'),('2023-07-05 17:18:16','2023-07-05 17:18:16','42f3ac92-43f9-40d9-9f27-b15f364d03c5','15e75e62-6bf9-422b-bf85-e3b1b460513e'),('2023-06-29 06:35:31','2023-06-29 06:35:31','42f3ac92-43f9-40d9-9f27-b15f364d03c5','1ca65858-3c0c-4ac5-b2cd-17f7fb313947'),('2023-06-28 15:47:17','2023-06-28 15:47:17','42f3ac92-43f9-40d9-9f27-b15f364d03c5','1da064f3-25fa-46ba-9978-975aae04f2b9'),('2023-06-29 06:44:02','2023-06-29 06:44:02','42f3ac92-43f9-40d9-9f27-b15f364d03c5','23a18353-123b-4e22-b123-b607c6aa936d'),('2023-07-05 17:18:05','2023-07-05 17:18:05','42f3ac92-43f9-40d9-9f27-b15f364d03c5','26f76ef1-347e-477c-9d1f-f81ffbf811a9'),('2023-06-28 08:41:49','2023-06-28 08:41:49','42f3ac92-43f9-40d9-9f27-b15f364d03c5','2aee947a-cee1-4073-b574-b4d9725777f6'),('2023-07-05 17:18:05','2023-07-05 17:18:05','42f3ac92-43f9-40d9-9f27-b15f364d03c5','2eaa0032-6db2-449c-a480-020d270e6d84'),('2023-07-05 17:18:05','2023-07-05 17:18:05','42f3ac92-43f9-40d9-9f27-b15f364d03c5','2fe0aaf6-fd2e-422d-a11b-c8e31dc47b9c'),('2023-06-29 06:44:02','2023-06-29 06:44:02','42f3ac92-43f9-40d9-9f27-b15f364d03c5','3557864b-1362-452f-b4cd-74f632b890b7'),('2023-07-05 17:18:16','2023-07-05 17:18:16','42f3ac92-43f9-40d9-9f27-b15f364d03c5','46f4b00c-3449-4dce-8901-9e85fcbca3c4'),('2023-06-28 08:41:49','2023-06-28 08:41:49','42f3ac92-43f9-40d9-9f27-b15f364d03c5','535e4a72-5afa-450d-81f8-bf92b8d6b6c5'),('2023-06-29 06:44:02','2023-06-29 06:44:02','42f3ac92-43f9-40d9-9f27-b15f364d03c5','56c6968c-065b-4d09-9b2d-b502453f4b49'),('2023-06-29 06:44:02','2023-06-29 06:44:02','42f3ac92-43f9-40d9-9f27-b15f364d03c5','5aba2bf4-ca96-4ecf-983c-e53bc2674a7a'),('2023-07-05 17:18:05','2023-07-05 17:18:05','42f3ac92-43f9-40d9-9f27-b15f364d03c5','5d2ee44c-2f36-41dc-8881-25d001b0a9c2'),('2023-06-28 15:47:17','2023-06-28 15:47:17','42f3ac92-43f9-40d9-9f27-b15f364d03c5','5e15b6bc-0eb1-4b78-a9c6-4b04bc0b97ae'),('2023-06-28 15:47:17','2023-06-28 15:47:17','42f3ac92-43f9-40d9-9f27-b15f364d03c5','5fb8f901-0f5f-4e4f-b532-749f97a6661e'),('2023-07-05 17:18:05','2023-07-05 17:18:05','42f3ac92-43f9-40d9-9f27-b15f364d03c5','68c262f2-d6c8-458e-9a3b-1a4148abd76b'),('2023-06-29 06:44:02','2023-06-29 06:44:02','42f3ac92-43f9-40d9-9f27-b15f364d03c5','76b80867-2a66-4d02-ac0d-fa9b7dfdb336'),('2023-07-05 17:18:05','2023-07-05 17:18:05','42f3ac92-43f9-40d9-9f27-b15f364d03c5','7b03080b-c88e-45b2-8b50-1ffb0ed6997f'),('2023-06-29 06:44:02','2023-06-29 06:44:02','42f3ac92-43f9-40d9-9f27-b15f364d03c5','7b504f41-0317-47ac-bb75-076190f55b31'),('2023-06-29 06:35:31','2023-06-29 06:35:31','42f3ac92-43f9-40d9-9f27-b15f364d03c5','7fe0d10f-868d-411a-9969-201376727b59'),('2023-07-05 17:18:05','2023-07-05 17:18:05','42f3ac92-43f9-40d9-9f27-b15f364d03c5','80e9cdc5-49e8-4c81-addd-7672992fcd16'),('2023-07-05 17:18:05','2023-07-05 17:18:05','42f3ac92-43f9-40d9-9f27-b15f364d03c5','9c94ced0-10c6-4ef4-9639-d2614150819e'),('2023-06-29 06:44:02','2023-06-29 06:44:02','42f3ac92-43f9-40d9-9f27-b15f364d03c5','a71760b3-58ab-49fe-914d-88bdd41dbda1'),('2023-07-05 17:18:05','2023-07-05 17:18:05','42f3ac92-43f9-40d9-9f27-b15f364d03c5','c2607908-716f-40ef-bf53-0bacdd4d65a7'),('2023-07-05 17:18:05','2023-07-05 17:18:05','42f3ac92-43f9-40d9-9f27-b15f364d03c5','d057a246-3666-419d-a502-2f15187ab98a'),('2023-07-05 17:18:05','2023-07-05 17:18:05','42f3ac92-43f9-40d9-9f27-b15f364d03c5','d747fb4f-085e-41e1-93eb-fd4e4727b668'),('2023-06-29 06:44:02','2023-06-29 06:44:02','42f3ac92-43f9-40d9-9f27-b15f364d03c5','e5cd88c1-5b43-47c0-a00a-7887426a981a'),('2023-07-05 17:18:05','2023-07-05 17:18:05','42f3ac92-43f9-40d9-9f27-b15f364d03c5','f10b589c-67cd-4892-a4cc-487915dea288'),('2023-06-28 15:47:17','2023-06-28 15:47:17','42f3ac92-43f9-40d9-9f27-b15f364d03c5','f47351e6-e942-492f-aa6d-7fda426cf763'),('2023-06-29 06:44:02','2023-06-29 06:44:02','42f3ac92-43f9-40d9-9f27-b15f364d03c5','f65a7167-67e7-4cd2-8b96-0ed1d6f7a782'),('2023-06-29 06:44:02','2023-06-29 06:44:02','42f3ac92-43f9-40d9-9f27-b15f364d03c5','fbb924f6-c3b3-4c9d-b02f-889e3396440a'),('2023-06-28 12:36:18','2023-06-28 12:36:18','64928a11-6106-4520-9b14-ee28316daa4c','009e299f-d2c6-421b-9ff7-cd8e280ebae6'),('2023-06-28 12:59:28','2023-06-28 12:59:28','64928a11-6106-4520-9b14-ee28316daa4c','02260677-e84b-4ae7-a3cf-dd53f2902c87'),('2023-06-28 12:26:56','2023-06-28 12:26:56','64928a11-6106-4520-9b14-ee28316daa4c','041c28f7-165e-4f81-a19c-cdace9b98d91'),('2023-06-28 12:26:56','2023-06-28 12:26:56','64928a11-6106-4520-9b14-ee28316daa4c','066dfa5e-6912-491a-8dd4-ce758d1c433c'),('2023-06-28 07:16:00','2023-06-28 07:16:00','64928a11-6106-4520-9b14-ee28316daa4c','0b1e18d3-5345-4d40-8daa-ae631262b321'),('2023-06-28 12:59:28','2023-06-28 12:59:28','64928a11-6106-4520-9b14-ee28316daa4c','155f96ff-7145-4670-bfd2-3b0f8b786ada'),('2023-06-28 08:39:10','2023-06-28 08:39:10','64928a11-6106-4520-9b14-ee28316daa4c','15e75e62-6bf9-422b-bf85-e3b1b460513e'),('2023-06-28 12:26:56','2023-06-28 12:26:56','64928a11-6106-4520-9b14-ee28316daa4c','1ca65858-3c0c-4ac5-b2cd-17f7fb313947'),('2023-06-28 13:00:07','2023-06-28 13:00:07','64928a11-6106-4520-9b14-ee28316daa4c','1da064f3-25fa-46ba-9978-975aae04f2b9'),('2023-06-28 12:41:51','2023-06-28 12:41:51','64928a11-6106-4520-9b14-ee28316daa4c','23765325-60a9-4c92-ae6b-634f1467757a'),('2023-06-28 12:36:19','2023-06-28 12:36:19','64928a11-6106-4520-9b14-ee28316daa4c','23a18353-123b-4e22-b123-b607c6aa936d'),('2023-06-28 12:41:51','2023-06-28 12:41:51','64928a11-6106-4520-9b14-ee28316daa4c','259d3cae-13c7-4c82-b91a-77a74aea2555'),('2023-06-28 08:40:12','2023-06-28 08:40:12','64928a11-6106-4520-9b14-ee28316daa4c','26f76ef1-347e-477c-9d1f-f81ffbf811a9'),('2023-06-28 08:39:10','2023-06-28 08:39:10','64928a11-6106-4520-9b14-ee28316daa4c','2aee947a-cee1-4073-b574-b4d9725777f6'),('2023-06-28 08:40:12','2023-06-28 08:40:12','64928a11-6106-4520-9b14-ee28316daa4c','2eaa0032-6db2-449c-a480-020d270e6d84'),('2023-06-28 12:26:56','2023-06-28 12:26:56','64928a11-6106-4520-9b14-ee28316daa4c','2fe0aaf6-fd2e-422d-a11b-c8e31dc47b9c'),('2023-06-28 12:36:19','2023-06-28 12:36:19','64928a11-6106-4520-9b14-ee28316daa4c','3557864b-1362-452f-b4cd-74f632b890b7'),('2023-06-28 12:41:51','2023-06-28 12:41:51','64928a11-6106-4520-9b14-ee28316daa4c','44b0f527-4e3a-403a-9886-fff5bc2896c7'),('2023-06-28 08:39:10','2023-06-28 08:39:10','64928a11-6106-4520-9b14-ee28316daa4c','46f4b00c-3449-4dce-8901-9e85fcbca3c4'),('2023-06-28 08:40:12','2023-06-28 08:40:12','64928a11-6106-4520-9b14-ee28316daa4c','535e4a72-5afa-450d-81f8-bf92b8d6b6c5'),('2023-06-28 12:36:19','2023-06-28 12:36:19','64928a11-6106-4520-9b14-ee28316daa4c','56c6968c-065b-4d09-9b2d-b502453f4b49'),('2023-06-28 12:54:14','2023-06-28 12:54:14','64928a11-6106-4520-9b14-ee28316daa4c','5aba2bf4-ca96-4ecf-983c-e53bc2674a7a'),('2023-06-28 12:26:56','2023-06-28 12:26:56','64928a11-6106-4520-9b14-ee28316daa4c','5d2ee44c-2f36-41dc-8881-25d001b0a9c2'),('2023-06-28 12:59:28','2023-06-28 12:59:28','64928a11-6106-4520-9b14-ee28316daa4c','5e15b6bc-0eb1-4b78-a9c6-4b04bc0b97ae'),('2023-06-28 12:41:51','2023-06-28 12:41:51','64928a11-6106-4520-9b14-ee28316daa4c','5e7697d8-b1b3-49a6-824c-e42f9b3d6796'),('2023-06-28 12:59:28','2023-06-28 12:59:28','64928a11-6106-4520-9b14-ee28316daa4c','5fb8f901-0f5f-4e4f-b532-749f97a6661e'),('2023-06-28 12:26:56','2023-06-28 12:26:56','64928a11-6106-4520-9b14-ee28316daa4c','68c262f2-d6c8-458e-9a3b-1a4148abd76b'),('2023-06-28 13:10:46','2023-06-28 13:10:46','64928a11-6106-4520-9b14-ee28316daa4c','6a516feb-a3df-42bb-bb6d-5b63923c3928'),('2023-06-28 12:41:51','2023-06-28 12:41:51','64928a11-6106-4520-9b14-ee28316daa4c','6cb7a4db-166b-434d-b8ee-a203efb03acc'),('2023-06-28 12:41:51','2023-06-28 12:41:51','64928a11-6106-4520-9b14-ee28316daa4c','76b80867-2a66-4d02-ac0d-fa9b7dfdb336'),('2023-06-28 12:26:56','2023-06-28 12:26:56','64928a11-6106-4520-9b14-ee28316daa4c','7b03080b-c88e-45b2-8b50-1ffb0ed6997f'),('2023-06-28 14:34:12','2023-06-28 14:34:12','64928a11-6106-4520-9b14-ee28316daa4c','7b504f41-0317-47ac-bb75-076190f55b31'),('2023-06-28 12:36:19','2023-06-28 12:36:19','64928a11-6106-4520-9b14-ee28316daa4c','7fe0d10f-868d-411a-9969-201376727b59'),('2023-06-28 12:36:19','2023-06-28 12:36:19','64928a11-6106-4520-9b14-ee28316daa4c','80e9cdc5-49e8-4c81-addd-7672992fcd16'),('2023-06-28 12:41:51','2023-06-28 12:41:51','64928a11-6106-4520-9b14-ee28316daa4c','9300f39c-09f0-4dc1-901a-3dc15bdaa2fb'),('2023-06-28 12:36:19','2023-06-28 12:36:19','64928a11-6106-4520-9b14-ee28316daa4c','9c94ced0-10c6-4ef4-9639-d2614150819e'),('2023-06-28 12:36:19','2023-06-28 12:36:19','64928a11-6106-4520-9b14-ee28316daa4c','a71760b3-58ab-49fe-914d-88bdd41dbda1'),('2023-06-28 12:26:56','2023-06-28 12:26:56','64928a11-6106-4520-9b14-ee28316daa4c','c2607908-716f-40ef-bf53-0bacdd4d65a7'),('2023-06-28 08:40:12','2023-06-28 08:40:12','64928a11-6106-4520-9b14-ee28316daa4c','d057a246-3666-419d-a502-2f15187ab98a'),('2023-06-28 12:41:51','2023-06-28 12:41:51','64928a11-6106-4520-9b14-ee28316daa4c','d3ff1c4c-e731-4e34-81d1-f3ff989338e5'),('2023-06-28 12:36:19','2023-06-28 12:36:19','64928a11-6106-4520-9b14-ee28316daa4c','d747fb4f-085e-41e1-93eb-fd4e4727b668'),('2023-06-28 14:32:46','2023-06-28 14:32:46','64928a11-6106-4520-9b14-ee28316daa4c','e5cd88c1-5b43-47c0-a00a-7887426a981a'),('2023-06-28 12:26:56','2023-06-28 12:26:56','64928a11-6106-4520-9b14-ee28316daa4c','f10b589c-67cd-4892-a4cc-487915dea288'),('2023-06-28 13:03:51','2023-06-28 13:03:51','64928a11-6106-4520-9b14-ee28316daa4c','f47351e6-e942-492f-aa6d-7fda426cf763'),('2023-06-28 12:36:19','2023-06-28 12:36:19','64928a11-6106-4520-9b14-ee28316daa4c','f65a7167-67e7-4cd2-8b96-0ed1d6f7a782'),('2023-06-28 12:41:51','2023-06-28 12:41:51','64928a11-6106-4520-9b14-ee28316daa4c','f9cd6c66-2883-4299-9c0c-cbd7eaaba523'),('2023-06-28 12:26:56','2023-06-28 12:26:56','64928a11-6106-4520-9b14-ee28316daa4c','fbb924f6-c3b3-4c9d-b02f-889e3396440a'),('2023-06-29 06:46:24','2023-06-29 06:46:24','77c80cb0-511b-4187-8cf0-5bd8f59be9ce','009e299f-d2c6-421b-9ff7-cd8e280ebae6'),('2023-06-29 06:46:25','2023-06-29 06:46:25','77c80cb0-511b-4187-8cf0-5bd8f59be9ce','02260677-e84b-4ae7-a3cf-dd53f2902c87'),('2023-06-29 06:46:24','2023-06-29 06:46:24','77c80cb0-511b-4187-8cf0-5bd8f59be9ce','041c28f7-165e-4f81-a19c-cdace9b98d91'),('2023-06-29 06:46:24','2023-06-29 06:46:24','77c80cb0-511b-4187-8cf0-5bd8f59be9ce','066dfa5e-6912-491a-8dd4-ce758d1c433c'),('2023-06-28 07:26:39','2023-06-28 07:26:39','77c80cb0-511b-4187-8cf0-5bd8f59be9ce','0b1e18d3-5345-4d40-8daa-ae631262b321'),('2023-06-29 06:46:25','2023-06-29 06:46:25','77c80cb0-511b-4187-8cf0-5bd8f59be9ce','155f96ff-7145-4670-bfd2-3b0f8b786ada'),('2023-06-29 06:46:24','2023-06-29 06:46:24','77c80cb0-511b-4187-8cf0-5bd8f59be9ce','1ca65858-3c0c-4ac5-b2cd-17f7fb313947'),('2023-06-29 06:46:25','2023-06-29 06:46:25','77c80cb0-511b-4187-8cf0-5bd8f59be9ce','1da064f3-25fa-46ba-9978-975aae04f2b9'),('2023-06-29 06:46:24','2023-06-29 06:46:24','77c80cb0-511b-4187-8cf0-5bd8f59be9ce','23a18353-123b-4e22-b123-b607c6aa936d'),('2023-06-28 08:46:09','2023-06-28 08:46:09','77c80cb0-511b-4187-8cf0-5bd8f59be9ce','26f76ef1-347e-477c-9d1f-f81ffbf811a9'),('2023-06-28 07:26:40','2023-06-28 07:26:40','77c80cb0-511b-4187-8cf0-5bd8f59be9ce','2aee947a-cee1-4073-b574-b4d9725777f6'),('2023-06-28 08:46:09','2023-06-28 08:46:09','77c80cb0-511b-4187-8cf0-5bd8f59be9ce','2eaa0032-6db2-449c-a480-020d270e6d84'),('2023-06-29 06:46:24','2023-06-29 06:46:24','77c80cb0-511b-4187-8cf0-5bd8f59be9ce','2fe0aaf6-fd2e-422d-a11b-c8e31dc47b9c'),('2023-06-29 06:46:24','2023-06-29 06:46:24','77c80cb0-511b-4187-8cf0-5bd8f59be9ce','3557864b-1362-452f-b4cd-74f632b890b7'),('2023-06-28 07:26:40','2023-06-28 07:26:40','77c80cb0-511b-4187-8cf0-5bd8f59be9ce','46f4b00c-3449-4dce-8901-9e85fcbca3c4'),('2023-06-28 08:43:56','2023-06-28 08:43:56','77c80cb0-511b-4187-8cf0-5bd8f59be9ce','535e4a72-5afa-450d-81f8-bf92b8d6b6c5'),('2023-06-29 06:46:24','2023-06-29 06:46:24','77c80cb0-511b-4187-8cf0-5bd8f59be9ce','56c6968c-065b-4d09-9b2d-b502453f4b49'),('2023-06-29 06:46:25','2023-06-29 06:46:25','77c80cb0-511b-4187-8cf0-5bd8f59be9ce','5aba2bf4-ca96-4ecf-983c-e53bc2674a7a'),('2023-06-29 06:46:24','2023-06-29 06:46:24','77c80cb0-511b-4187-8cf0-5bd8f59be9ce','5d2ee44c-2f36-41dc-8881-25d001b0a9c2'),('2023-06-29 06:46:25','2023-06-29 06:46:25','77c80cb0-511b-4187-8cf0-5bd8f59be9ce','5e15b6bc-0eb1-4b78-a9c6-4b04bc0b97ae'),('2023-06-29 06:46:25','2023-06-29 06:46:25','77c80cb0-511b-4187-8cf0-5bd8f59be9ce','5fb8f901-0f5f-4e4f-b532-749f97a6661e'),('2023-06-29 06:46:24','2023-06-29 06:46:24','77c80cb0-511b-4187-8cf0-5bd8f59be9ce','68c262f2-d6c8-458e-9a3b-1a4148abd76b'),('2023-06-29 06:46:24','2023-06-29 06:46:24','77c80cb0-511b-4187-8cf0-5bd8f59be9ce','76b80867-2a66-4d02-ac0d-fa9b7dfdb336'),('2023-06-29 06:46:24','2023-06-29 06:46:24','77c80cb0-511b-4187-8cf0-5bd8f59be9ce','7b03080b-c88e-45b2-8b50-1ffb0ed6997f'),('2023-06-29 06:46:24','2023-06-29 06:46:24','77c80cb0-511b-4187-8cf0-5bd8f59be9ce','7b504f41-0317-47ac-bb75-076190f55b31'),('2023-06-29 06:46:25','2023-06-29 06:46:25','77c80cb0-511b-4187-8cf0-5bd8f59be9ce','7fe0d10f-868d-411a-9969-201376727b59'),('2023-06-29 06:46:25','2023-06-29 06:46:25','77c80cb0-511b-4187-8cf0-5bd8f59be9ce','80e9cdc5-49e8-4c81-addd-7672992fcd16'),('2023-06-29 06:46:25','2023-06-29 06:46:25','77c80cb0-511b-4187-8cf0-5bd8f59be9ce','9c94ced0-10c6-4ef4-9639-d2614150819e'),('2023-06-29 06:46:24','2023-06-29 06:46:24','77c80cb0-511b-4187-8cf0-5bd8f59be9ce','a71760b3-58ab-49fe-914d-88bdd41dbda1'),('2023-06-29 06:46:25','2023-06-29 06:46:25','77c80cb0-511b-4187-8cf0-5bd8f59be9ce','c2607908-716f-40ef-bf53-0bacdd4d65a7'),('2023-06-29 06:46:25','2023-06-29 06:46:25','77c80cb0-511b-4187-8cf0-5bd8f59be9ce','d747fb4f-085e-41e1-93eb-fd4e4727b668'),('2023-06-29 06:46:24','2023-06-29 06:46:24','77c80cb0-511b-4187-8cf0-5bd8f59be9ce','e5cd88c1-5b43-47c0-a00a-7887426a981a'),('2023-06-29 06:46:25','2023-06-29 06:46:25','77c80cb0-511b-4187-8cf0-5bd8f59be9ce','f10b589c-67cd-4892-a4cc-487915dea288'),('2023-06-29 06:46:25','2023-06-29 06:46:25','77c80cb0-511b-4187-8cf0-5bd8f59be9ce','f47351e6-e942-492f-aa6d-7fda426cf763'),('2023-06-29 06:46:24','2023-06-29 06:46:24','77c80cb0-511b-4187-8cf0-5bd8f59be9ce','f65a7167-67e7-4cd2-8b96-0ed1d6f7a782'),('2023-06-29 06:46:24','2023-06-29 06:46:24','77c80cb0-511b-4187-8cf0-5bd8f59be9ce','fbb924f6-c3b3-4c9d-b02f-889e3396440a'),('2023-06-29 06:47:30','2023-06-29 06:47:30','b9efdc66-3e3b-4f62-ab47-62b096677f93','009e299f-d2c6-421b-9ff7-cd8e280ebae6'),('2023-06-29 06:47:30','2023-06-29 06:47:30','b9efdc66-3e3b-4f62-ab47-62b096677f93','02260677-e84b-4ae7-a3cf-dd53f2902c87'),('2023-06-29 06:47:30','2023-06-29 06:47:30','b9efdc66-3e3b-4f62-ab47-62b096677f93','041c28f7-165e-4f81-a19c-cdace9b98d91'),('2023-06-29 06:47:30','2023-06-29 06:47:30','b9efdc66-3e3b-4f62-ab47-62b096677f93','066dfa5e-6912-491a-8dd4-ce758d1c433c'),('2023-07-05 17:27:21','2023-07-05 17:27:21','b9efdc66-3e3b-4f62-ab47-62b096677f93','0b1e18d3-5345-4d40-8daa-ae631262b321'),('2023-06-29 06:47:30','2023-06-29 06:47:30','b9efdc66-3e3b-4f62-ab47-62b096677f93','155f96ff-7145-4670-bfd2-3b0f8b786ada'),('2023-06-29 06:47:30','2023-06-29 06:47:30','b9efdc66-3e3b-4f62-ab47-62b096677f93','1ca65858-3c0c-4ac5-b2cd-17f7fb313947'),('2023-06-29 06:47:30','2023-06-29 06:47:30','b9efdc66-3e3b-4f62-ab47-62b096677f93','1da064f3-25fa-46ba-9978-975aae04f2b9'),('2023-06-29 06:47:30','2023-06-29 06:47:30','b9efdc66-3e3b-4f62-ab47-62b096677f93','23a18353-123b-4e22-b123-b607c6aa936d'),('2023-06-28 08:47:12','2023-06-28 08:47:12','b9efdc66-3e3b-4f62-ab47-62b096677f93','2aee947a-cee1-4073-b574-b4d9725777f6'),('2023-07-05 17:27:13','2023-07-05 17:27:13','b9efdc66-3e3b-4f62-ab47-62b096677f93','2fe0aaf6-fd2e-422d-a11b-c8e31dc47b9c'),('2023-06-29 06:47:30','2023-06-29 06:47:30','b9efdc66-3e3b-4f62-ab47-62b096677f93','3557864b-1362-452f-b4cd-74f632b890b7'),('2023-07-05 17:27:21','2023-07-05 17:27:21','b9efdc66-3e3b-4f62-ab47-62b096677f93','46f4b00c-3449-4dce-8901-9e85fcbca3c4'),('2023-06-28 08:47:12','2023-06-28 08:47:12','b9efdc66-3e3b-4f62-ab47-62b096677f93','535e4a72-5afa-450d-81f8-bf92b8d6b6c5'),('2023-07-05 17:27:13','2023-07-05 17:27:13','b9efdc66-3e3b-4f62-ab47-62b096677f93','5d2ee44c-2f36-41dc-8881-25d001b0a9c2'),('2023-06-29 06:47:30','2023-06-29 06:47:30','b9efdc66-3e3b-4f62-ab47-62b096677f93','5e15b6bc-0eb1-4b78-a9c6-4b04bc0b97ae'),('2023-06-29 06:47:30','2023-06-29 06:47:30','b9efdc66-3e3b-4f62-ab47-62b096677f93','5fb8f901-0f5f-4e4f-b532-749f97a6661e'),('2023-07-05 17:27:13','2023-07-05 17:27:13','b9efdc66-3e3b-4f62-ab47-62b096677f93','68c262f2-d6c8-458e-9a3b-1a4148abd76b'),('2023-06-29 06:47:30','2023-06-29 06:47:30','b9efdc66-3e3b-4f62-ab47-62b096677f93','76b80867-2a66-4d02-ac0d-fa9b7dfdb336'),('2023-07-05 17:27:13','2023-07-05 17:27:13','b9efdc66-3e3b-4f62-ab47-62b096677f93','7b03080b-c88e-45b2-8b50-1ffb0ed6997f'),('2023-06-29 06:47:30','2023-06-29 06:47:30','b9efdc66-3e3b-4f62-ab47-62b096677f93','7b504f41-0317-47ac-bb75-076190f55b31'),('2023-06-29 06:47:30','2023-06-29 06:47:30','b9efdc66-3e3b-4f62-ab47-62b096677f93','7fe0d10f-868d-411a-9969-201376727b59'),('2023-07-05 17:33:11','2023-07-05 17:33:11','b9efdc66-3e3b-4f62-ab47-62b096677f93','80e9cdc5-49e8-4c81-addd-7672992fcd16'),('2023-06-29 06:47:30','2023-06-29 06:47:30','b9efdc66-3e3b-4f62-ab47-62b096677f93','9c94ced0-10c6-4ef4-9639-d2614150819e'),('2023-06-29 06:47:30','2023-06-29 06:47:30','b9efdc66-3e3b-4f62-ab47-62b096677f93','c2607908-716f-40ef-bf53-0bacdd4d65a7'),('2023-07-05 17:33:11','2023-07-05 17:33:11','b9efdc66-3e3b-4f62-ab47-62b096677f93','d747fb4f-085e-41e1-93eb-fd4e4727b668'),('2023-06-29 06:47:30','2023-06-29 06:47:30','b9efdc66-3e3b-4f62-ab47-62b096677f93','e5cd88c1-5b43-47c0-a00a-7887426a981a'),('2023-06-29 06:47:30','2023-06-29 06:47:30','b9efdc66-3e3b-4f62-ab47-62b096677f93','f10b589c-67cd-4892-a4cc-487915dea288'),('2023-06-29 06:47:30','2023-06-29 06:47:30','b9efdc66-3e3b-4f62-ab47-62b096677f93','f47351e6-e942-492f-aa6d-7fda426cf763'),('2023-06-29 06:47:30','2023-06-29 06:47:30','b9efdc66-3e3b-4f62-ab47-62b096677f93','f65a7167-67e7-4cd2-8b96-0ed1d6f7a782'),('2023-06-29 06:47:30','2023-06-29 06:47:30','b9efdc66-3e3b-4f62-ab47-62b096677f93','fbb924f6-c3b3-4c9d-b02f-889e3396440a');
/*!40000 ALTER TABLE `role_permissions` ENABLE KEYS */;
UNLOCK TABLES;

--
-- Table structure for table `roles`
--

DROP TABLE IF EXISTS `roles`;
/*!40101 SET @saved_cs_client     = @@character_set_client */;
/*!50503 SET character_set_client = utf8mb4 */;
CREATE TABLE `roles` (
  `_id` varchar(255) NOT NULL,
  `name` text NOT NULL,
  `createdAt` datetime NOT NULL,
  `updatedAt` datetime NOT NULL,
  PRIMARY KEY (`_id`)
) ENGINE=InnoDB DEFAULT CHARSET=utf8mb4 COLLATE=utf8mb4_0900_ai_ci;
/*!40101 SET character_set_client = @saved_cs_client */;

--
-- Dumping data for table `roles`
--

LOCK TABLES `roles` WRITE;
/*!40000 ALTER TABLE `roles` DISABLE KEYS */;
INSERT INTO `roles` VALUES ('2e196e65-a26c-4614-a09c-bf1e0d29a483','97dad03f239544a652b2b06fb8f9547c','2023-06-27 16:33:10','2023-06-27 16:33:10'),('42f3ac92-43f9-40d9-9f27-b15f364d03c5','606f8511447fea739219ca04a95f9cba','2023-06-27 16:33:10','2023-06-27 16:33:10'),('64928a11-6106-4520-9b14-ee28316daa4c','7c76725d057287b3c4ec5f23cd5b4bef49148c212d706e4e66d784e07ce0e57a','2023-06-27 16:33:10','2023-06-27 16:33:10'),('77c80cb0-511b-4187-8cf0-5bd8f59be9ce','cf5f6742984bf854337e83eefb1d8cf5aef18d2a02f93d6f309eeec48285663a','2023-06-27 16:33:10','2023-06-27 16:33:10'),('b9efdc66-3e3b-4f62-ab47-62b096677f93','9350c7ec4bec4576acd4b170dae7e783','2023-06-27 16:33:10','2023-06-27 16:33:10');
/*!40000 ALTER TABLE `roles` ENABLE KEYS */;
UNLOCK TABLES;

--
-- Table structure for table `status_apps`
--

DROP TABLE IF EXISTS `status_apps`;
/*!40101 SET @saved_cs_client     = @@character_set_client */;
/*!50503 SET character_set_client = utf8mb4 */;
CREATE TABLE `status_apps` (
  `_id` varchar(255) NOT NULL,
  `name` text NOT NULL,
  `createdAt` datetime NOT NULL,
  `updatedAt` datetime NOT NULL,
  PRIMARY KEY (`_id`)
) ENGINE=InnoDB DEFAULT CHARSET=utf8mb4 COLLATE=utf8mb4_0900_ai_ci;
/*!40101 SET character_set_client = @saved_cs_client */;

--
-- Dumping data for table `status_apps`
--

LOCK TABLES `status_apps` WRITE;
/*!40000 ALTER TABLE `status_apps` DISABLE KEYS */;
INSERT INTO `status_apps` VALUES ('05db8a2e-1591-4266-8e84-bf052db3600d','7750d755da2fff22063235521b61209c','2023-06-27 17:58:41','2023-06-27 17:58:41'),('63947266-c4f0-4455-ace0-c70d80a76819','841f67c058de22626cef40b66b355f852f791aa034f45cbb99e8f9b3de8c78de','2023-06-25 09:29:04','2023-06-25 09:29:04');
/*!40000 ALTER TABLE `status_apps` ENABLE KEYS */;
UNLOCK TABLES;

--
-- Table structure for table `status_tasks`
--

DROP TABLE IF EXISTS `status_tasks`;
/*!40101 SET @saved_cs_client     = @@character_set_client */;
/*!50503 SET character_set_client = utf8mb4 */;
CREATE TABLE `status_tasks` (
  `_id` varchar(255) NOT NULL,
  `name` text NOT NULL,
  `createdAt` datetime NOT NULL,
  `updatedAt` datetime NOT NULL,
  PRIMARY KEY (`_id`)
) ENGINE=InnoDB DEFAULT CHARSET=utf8mb4 COLLATE=utf8mb4_0900_ai_ci;
/*!40101 SET character_set_client = @saved_cs_client */;

--
-- Dumping data for table `status_tasks`
--

LOCK TABLES `status_tasks` WRITE;
/*!40000 ALTER TABLE `status_tasks` DISABLE KEYS */;
INSERT INTO `status_tasks` VALUES ('95633d06-eb20-4429-a064-3362e0e5d236','c8f3179534251ad606e5035ccacfe98ad1321a722ea18bc49df3e8cb8ef9c2bd','2023-06-24 17:36:48','2023-06-24 17:36:48'),('a3ad043e-c4d8-4594-8ad5-d6e329bf1500','f98564badaedaa23de5384abb7b6b8a874c8557ab6f87077298ee737a5e58a88','2023-06-26 13:14:41','2023-06-26 13:14:41'),('bb8d72c7-96b4-4742-808b-7851ef3ae5ef','e4e636f4461ceb95ee4531ae63e55b77','2023-06-24 17:53:17','2023-06-24 17:53:17');
/*!40000 ALTER TABLE `status_tasks` ENABLE KEYS */;
UNLOCK TABLES;

--
-- Table structure for table `tasks`
--

DROP TABLE IF EXISTS `tasks`;
/*!40101 SET @saved_cs_client     = @@character_set_client */;
/*!50503 SET character_set_client = utf8mb4 */;
CREATE TABLE `tasks` (
  `_id` varchar(255) NOT NULL,
  `start_date` text NOT NULL,
  `end_date` text NOT NULL,
  `content` text NOT NULL,
  `note` text,
  `createdAt` datetime NOT NULL,
  `updatedAt` datetime NOT NULL,
  `customerId` varchar(255) DEFAULT NULL,
  `cycleId` varchar(255) DEFAULT NULL,
  `leaderId` varchar(255) DEFAULT NULL,
  `StatusTaskId` varchar(255) DEFAULT NULL,
  `EvaluateId` varchar(255) DEFAULT NULL,
  PRIMARY KEY (`_id`),
  KEY `customerId` (`customerId`),
  KEY `cycleId` (`cycleId`),
  KEY `leaderId` (`leaderId`),
  KEY `StatusTaskId` (`StatusTaskId`),
  KEY `EvaluateId` (`EvaluateId`),
  CONSTRAINT `tasks_ibfk_1` FOREIGN KEY (`customerId`) REFERENCES `customers` (`_id`) ON DELETE CASCADE ON UPDATE CASCADE,
  CONSTRAINT `tasks_ibfk_2` FOREIGN KEY (`cycleId`) REFERENCES `cycles` (`_id`) ON DELETE CASCADE ON UPDATE CASCADE,
  CONSTRAINT `tasks_ibfk_3` FOREIGN KEY (`leaderId`) REFERENCES `employees` (`_id`) ON DELETE CASCADE ON UPDATE CASCADE,
  CONSTRAINT `tasks_ibfk_4` FOREIGN KEY (`StatusTaskId`) REFERENCES `status_tasks` (`_id`) ON DELETE CASCADE ON UPDATE CASCADE,
  CONSTRAINT `tasks_ibfk_5` FOREIGN KEY (`EvaluateId`) REFERENCES `evaluates` (`_id`) ON DELETE CASCADE ON UPDATE CASCADE
) ENGINE=InnoDB DEFAULT CHARSET=utf8mb4 COLLATE=utf8mb4_0900_ai_ci;
/*!40101 SET character_set_client = @saved_cs_client */;

--
-- Dumping data for table `tasks`
--

LOCK TABLES `tasks` WRITE;
/*!40000 ALTER TABLE `tasks` DISABLE KEYS */;
INSERT INTO `tasks` VALUES ('09e0e7f4-6fc7-4f90-a064-55f7154b31de','cf07cf9f61ccc79ea80e7de5add68a1f','90c1f6b172f07430da26f4ac0daf4d0b','d2c60e0066981bbb969bca6eefc0daf2788afeeca088920ee3a9bd7b74b7328f2a0f79f698f73b7456fd7073a7ea9d2f','7c3e48c29ae81396cbbbcaede9f2eae0','2023-07-06 05:26:41','2023-07-06 05:26:41','bee4cdce-8889-478c-8054-587036659aeb','8a3b6559-1d3a-4c09-9020-53f6cd81719c','b16ca265-d376-46cf-8c04-78805a412002','95633d06-eb20-4429-a064-3362e0e5d236','479712e1-4e3f-4cbe-b95f-c04b7ff7a146'),('101edccc-0fce-4f0d-9965-2ee6730eb6d8','8029b760da3262b28ba9ae951ea1ddd0','c2e1ace5fd344f3ab905a47bbbdaeebc','4f1f9639e387e5da7111580755c5822e6fe84e631b5c5e2728b9985f07e0de710c9fab4e82823fc299a486d978dcded2515049188f7ca947f9eda4daf2e59cfec5f9f710ee72db99ebc0ba2c5c78864616bb21d8f3bf543cf1819867c9c4361129f9fe696c1474ca03c50892c4589c403390f3be05f1c83e1494aefed591af8ad7a6d7cc585e631bd893194886087995ce0c2e8ad13c8b8ff935fac6c68b032076b1346b0699ec97421ed705f666005c4f94f1e2ffc4185993f1bdfd290661ad4c8f9633f0f4626b2617ae970daf5638c0d57d1d745a8a58ca4acf4ce8c76fe4','7c3e48c29ae81396cbbbcaede9f2eae0','2023-06-27 17:48:55','2023-06-27 18:09:36','cbb6ec3c-a5da-4aae-90bb-71a5211abdff','bb232e26-3d46-4587-a8cc-3bd30a5de68e','03025c06-3465-427f-8272-146ed02c4245','bb8d72c7-96b4-4742-808b-7851ef3ae5ef','bf194c2e-297e-4960-b120-abfe3cf0dfb6'),('13a1ac35-5ee4-439a-bfab-3636a299d661','a17b7e68ca458a8e5110e795f5a05ceb','cf07cf9f61ccc79ea80e7de5add68a1f','139f07d0222947a863c3c5b5fb5dade63375507a6a0f7ec41077c6538bdeadbb','7c3e48c29ae81396cbbbcaede9f2eae0','2023-07-07 14:10:01','2023-07-07 14:13:49','57eb5b41-140f-4b89-ae49-1395d768e9ab','8a3b6559-1d3a-4c09-9020-53f6cd81719c','b16ca265-d376-46cf-8c04-78805a412002','bb8d72c7-96b4-4742-808b-7851ef3ae5ef','479712e1-4e3f-4cbe-b95f-c04b7ff7a146'),('1977e44f-c321-407d-a679-ab6a34e4690e','b7864c0b5cfcf42a32cd10614bfca59b','b7864c0b5cfcf42a32cd10614bfca59b','d2c60e0066981bbb969bca6eefc0daf28bce9c597208c36e40508bc9aa08aa62ad4f845b8edb89317929b1ca3b39e81ebfea6cba45ccbdaa18d383525d816782','','2023-07-05 08:21:43','2023-07-05 16:27:08','98764398-349c-4898-a501-ff985f6940e0','8a3b6559-1d3a-4c09-9020-53f6cd81719c','b16ca265-d376-46cf-8c04-78805a412002','a3ad043e-c4d8-4594-8ad5-d6e329bf1500','479712e1-4e3f-4cbe-b95f-c04b7ff7a146'),('2bb07d27-5736-49af-97f4-a9242f7d4411','fd4824c79b4ba660260ffaa44cea76a1','618d8d9a7a308989778d8adc124c50c0','54b848968181a869e0921beddaf57a4c7ade371a6302d11d48dc7acd6a1df197a0fbe6344687a3033de0e7d131027aa7fdfcc61896a778c4620230814be72e219aa8a7857b3fe7d8ba6388dae433338cc04322f6e04dd89451db8efd0619ca218464f0c2c009813d53a6968601cc92d5b14cadb9f03ecf6fe3512fac35ce719752dec8d4ac0ab856597af54143a87b0aeaeb5aee1d2c982688e8b426d30b6a1198398f6b4d93b075c10b539a6e1151f9fd5840c66d614e5d12a99f0558293baa0de2122ae52a157d056e5a739a05c405','','2023-06-27 17:47:16','2023-06-27 17:56:29','463e2f64-d175-4a5d-a9b3-c8bf5a702c33','20f9d76e-361c-4ca4-aba4-765acb705f5d','03025c06-3465-427f-8272-146ed02c4245','a3ad043e-c4d8-4594-8ad5-d6e329bf1500','479712e1-4e3f-4cbe-b95f-c04b7ff7a146'),('2d304f79-0a60-4893-a834-f29b75b7f209','9b61440e7cb6d2303265c854482626b3','a17b7e68ca458a8e5110e795f5a05ceb','d2c60e0066981bbb969bca6eefc0daf2788afeeca088920ee3a9bd7b74b7328f2a0f79f698f73b7456fd7073a7ea9d2f','7c3e48c29ae81396cbbbcaede9f2eae0','2023-07-06 05:00:08','2023-07-06 05:26:33','bee4cdce-8889-478c-8054-587036659aeb','8a3b6559-1d3a-4c09-9020-53f6cd81719c','b16ca265-d376-46cf-8c04-78805a412002','bb8d72c7-96b4-4742-808b-7851ef3ae5ef','479712e1-4e3f-4cbe-b95f-c04b7ff7a146'),('32903bc6-ac5e-4a8c-9436-b9723a58c04f','0fbf8f3888b50871760b2132e209080a','618d8d9a7a308989778d8adc124c50c0','5ce429f1b3d95406af0996fcedff7478df9cc83b89d77c0bd8a60ddd7aa4a06ff10ce3b499f3a8256c88197fc0fc2e0a30d2045a32a287c90b1632a8d2f8424cb7dce1a6b51250f093363a8be41522be','7c3e48c29ae81396cbbbcaede9f2eae0','2023-06-29 06:00:36','2023-07-01 13:43:09','676481c7-9a6b-4d56-b2f0-001a36d01a19','8a3b6559-1d3a-4c09-9020-53f6cd81719c','b16ca265-d376-46cf-8c04-78805a412002','bb8d72c7-96b4-4742-808b-7851ef3ae5ef','479712e1-4e3f-4cbe-b95f-c04b7ff7a146'),('39558618-cc02-455b-b106-3a7913cdb926','b7864c0b5cfcf42a32cd10614bfca59b','9b61440e7cb6d2303265c854482626b3','b9e8b315ab696851d4d2096c9f83c5c588df79a2d9ec07d8e559bf265d61dca09c8d58311ae241748ef67aaff4a6929c','','2023-07-05 16:27:54','2023-07-05 16:27:54','8ed1fa4b-8313-4373-8ce3-5ac9cb1c7cdd','c177e925-b31d-416b-9cb6-b41049211bf3','b16ca265-d376-46cf-8c04-78805a412002','95633d06-eb20-4429-a064-3362e0e5d236','479712e1-4e3f-4cbe-b95f-c04b7ff7a146'),('3a9231c0-5b67-40fd-80bd-c028e09fc082','0fbf8f3888b50871760b2132e209080a','618d8d9a7a308989778d8adc124c50c0','d2c60e0066981bbb969bca6eefc0daf2788afeeca088920ee3a9bd7b74b7328f1fa4839d935dbefa6794ebe08b5d0095','d2c60e0066981bbb969bca6eefc0daf2788afeeca088920ee3a9bd7b74b7328f5ed13bdda865a06fe5acaa971c345db83eae28b9de777a290ab86c0924f120c794851ca2b506631479e030b34e8cbd82c3fd823af6ede8acd3c7f1f30133cba3','2023-06-29 02:30:31','2023-06-29 02:30:31','50a25e60-96cd-437d-a7df-9924be5536d5','8a3b6559-1d3a-4c09-9020-53f6cd81719c','b16ca265-d376-46cf-8c04-78805a412002','95633d06-eb20-4429-a064-3362e0e5d236','479712e1-4e3f-4cbe-b95f-c04b7ff7a146'),('41c0c870-36a7-4051-be23-fa8efdb9191f','0fbf8f3888b50871760b2132e209080a','9b61440e7cb6d2303265c854482626b3','d2c60e0066981bbb969bca6eefc0daf22a3ce31bf42a3eb352d52e860df476b9d3d80f94269fce0312969d08694f4dd8','','2023-06-29 04:37:35','2023-06-29 04:37:35','08825162-647e-4e37-82e1-8b4ed2c72184','20f9d76e-361c-4ca4-aba4-765acb705f5d','b16ca265-d376-46cf-8c04-78805a412002','95633d06-eb20-4429-a064-3362e0e5d236','479712e1-4e3f-4cbe-b95f-c04b7ff7a146'),('4c1680ba-7072-4366-8232-ff7dc8083b9b','a17b7e68ca458a8e5110e795f5a05ceb','a17b7e68ca458a8e5110e795f5a05ceb','24a4dccab98553a1c44173c25bd97793','7c3e48c29ae81396cbbbcaede9f2eae0','2023-07-07 09:01:26','2023-07-07 09:01:36','07e2b17f-efc8-4fda-8785-b6221000bc24','8a3b6559-1d3a-4c09-9020-53f6cd81719c','b16ca265-d376-46cf-8c04-78805a412002','bb8d72c7-96b4-4742-808b-7851ef3ae5ef','479712e1-4e3f-4cbe-b95f-c04b7ff7a146'),('4f7640e4-f916-44d5-a3f3-fcf3dabc6c77','0fbf8f3888b50871760b2132e209080a','9b61440e7cb6d2303265c854482626b3','16bca22fdcd712167668035784b033a1ec57b0ac9b3f345b71aab6aa80fb0a8c6f19fd2d8d5a0208c91fa15dfb2b1052ced3fa498ff5476ab9b39843b50be30a37e2458e855601383dd16e7f1daa1614','','2023-06-29 05:59:48','2023-06-29 05:59:48','3dab04a1-5418-48b9-8d98-b796eaa5f438','20f9d76e-361c-4ca4-aba4-765acb705f5d','b16ca265-d376-46cf-8c04-78805a412002','95633d06-eb20-4429-a064-3362e0e5d236','479712e1-4e3f-4cbe-b95f-c04b7ff7a146'),('572964dc-1962-4d7b-ae3f-f030949d03ec','494d86a448219887219ec7fca0f6572d','89ff59f2d7200cc02d4888c6a40a2179','ff8a1f61641fa64166d0cf29a8438d5b96910a8d1fd57b41aa298085a1eabaf0cab6b8df950dfc099a80ec38b083883d1e83248fcbff0ccc192af35050cdca67413d8d972d2115643b2510d02303996c64df9bc77ede7df9892dec90e971cb822a687ae79cd126c8da80bd4fc01c39c8fed7f9b091971de9206f90305095eda6c9643c75716e4bdefd051b91880db3557204bfd68ad564db114d87cfd4486227da97ca9ee83a3892e454010f3e3278cacad7c3878af32eb4255026afc5bc8990','','2023-06-27 17:48:24','2023-06-27 17:58:24','72ef5a07-ea65-4ffa-9e5d-7c13613112f5','bb232e26-3d46-4587-a8cc-3bd30a5de68e','03025c06-3465-427f-8272-146ed02c4245','a3ad043e-c4d8-4594-8ad5-d6e329bf1500','479712e1-4e3f-4cbe-b95f-c04b7ff7a146'),('5832cf71-6d28-4571-bd5c-bac92abd28fd','8666f17d0c7e3912f95459c5e93d6e7f','b7864c0b5cfcf42a32cd10614bfca59b','b13bd179f121ab273fdc1b81e968491b0d293d75e7524758b895397a7d8f082b6b4e7e53820f4a8b5ec63429b476bc7d288cc8631c03f9d39902fcec21beb038d6583ffd14e1152704b523fc2a7f8dd23b5c276c1a951689be624fcc0baa555e0151ef54e6b315fe5daaedb559e4de6f2927edce65a35345d27be9c90a81786f50f9e7362ef5ed6831a1c599ffa0d64dcab8b959999b030c51a0fb904bde1678dfc76b9d5ee134419e0cb505b5d32d5e8a5b9f1e22f2fb36bf148608875c39621d54f2833c2c5fb80c0cb478d2cf96b60ed93e55382aa5222bd6242cb9ad8128','7c3e48c29ae81396cbbbcaede9f2eae0','2023-06-27 17:50:33','2023-06-28 03:32:00','d44f0cc2-8620-4169-9539-7ca1739729f7','3e0d3f99-9429-4843-a683-b8dfe68bee5f','03025c06-3465-427f-8272-146ed02c4245','bb8d72c7-96b4-4742-808b-7851ef3ae5ef','479712e1-4e3f-4cbe-b95f-c04b7ff7a146'),('5dad8aa8-0637-4ac6-8b47-417270443de6','89ff59f2d7200cc02d4888c6a40a2179','c2e1ace5fd344f3ab905a47bbbdaeebc','8aa680f8a0b6a8850d0003fdea8e1f765f2875995cbef816f951a6fee68c3eb468045371f835e7ed04a95939ddbcbbacf8b2fe14b7d85ce407de92d783c66271047aed83c6b4ea83eec458d8c15f6314a7662e4657971d171325e5d8c3a15847d34e2d1f19ea7b5166d911cc59fce1aa541c409182a9bae712d691f21fd13646001743670d86325a7ce993409785f79796beec8c4a6610f25e47df41165014c58ee47039736b2da032805e9cc191e8946bd3992dcd541dbd72aa9f516f5bb3ede2792161813420dfd7ce7c73a84fb5f6','7c3e48c29ae81396cbbbcaede9f2eae0','2023-06-27 18:03:19','2023-06-27 18:05:00','1a6648ad-7d09-4b3f-b0c6-1060a57fa0ad','20f9d76e-361c-4ca4-aba4-765acb705f5d','03025c06-3465-427f-8272-146ed02c4245','bb8d72c7-96b4-4742-808b-7851ef3ae5ef','479712e1-4e3f-4cbe-b95f-c04b7ff7a146'),('664af7d2-02b0-4a4d-84c5-eb6714a6aa1e','feae1dcc7bc01844a011d1ccde56d61f','b4347a3c2f5643d9836e5663b318b529','74722091396e738842b239cc501cecd906610dee5a17380ef2c6246b42a2801d51aa6996cbb1c0533b9feaecbf0ac247cfb53afcfc92bc3e2a0e6807ce94be165463c81767003b92ffbd2f7f1b2daf258214500967dd368555b828fcae2c50d01fe652c0c2176e701719792455a5a1383b119942e397263211efc570bc9af98220aeca4f6b58268ee65961cd5765c938b9b7956a86ef69ac1e163fd92546997bc59272f7110baf0396bbfb3fc77154cfb8620086c3fce4425ac34e3354e394c5229d6254d49381fdda97248adff88d62','7c3e48c29ae81396cbbbcaede9f2eae0','2023-06-27 17:47:51','2023-06-28 02:47:01','50a25e60-96cd-437d-a7df-9924be5536d5','20f9d76e-361c-4ca4-aba4-765acb705f5d','03025c06-3465-427f-8272-146ed02c4245','bb8d72c7-96b4-4742-808b-7851ef3ae5ef','479712e1-4e3f-4cbe-b95f-c04b7ff7a146'),('696edb0e-f18a-4a15-9333-e83d5d57ea06','655f31da03fbb9a9ffe4262942a2d78a','53954ef65e9988b002e32228d1636394','5ce429f1b3d95406af0996fcedff7478df9cc83b89d77c0bd8a60ddd7aa4a06ff10ce3b499f3a8256c88197fc0fc2e0a30d2045a32a287c90b1632a8d2f8424cb7dce1a6b51250f093363a8be41522be','7c3e48c29ae81396cbbbcaede9f2eae0','2023-07-04 04:07:52','2023-07-04 04:07:52','676481c7-9a6b-4d56-b2f0-001a36d01a19','8a3b6559-1d3a-4c09-9020-53f6cd81719c','b16ca265-d376-46cf-8c04-78805a412002','95633d06-eb20-4429-a064-3362e0e5d236','479712e1-4e3f-4cbe-b95f-c04b7ff7a146'),('705bb906-6941-4245-81df-6998a9842d23','0fbf8f3888b50871760b2132e209080a','618d8d9a7a308989778d8adc124c50c0','d2c60e0066981bbb969bca6eefc0daf2788afeeca088920ee3a9bd7b74b7328f2a0f79f698f73b7456fd7073a7ea9d2f','e1a5203ed0e1ed8d36fd29ea6ae1264f6be5ab62c7a94152b46a6b411ed80c99161397f6c64a877ae68177cb260bb563','2023-06-29 02:17:34','2023-06-29 02:17:34','463e2f64-d175-4a5d-a9b3-c8bf5a702c33','8a3b6559-1d3a-4c09-9020-53f6cd81719c','b16ca265-d376-46cf-8c04-78805a412002','95633d06-eb20-4429-a064-3362e0e5d236','479712e1-4e3f-4cbe-b95f-c04b7ff7a146'),('7540c171-56ff-4c57-9c45-f51d48c27566','0fbf8f3888b50871760b2132e209080a','618d8d9a7a308989778d8adc124c50c0','c302c509545bd9372ccf8a1a41e02607ecddf98eb328fd2f71f23036b78f8616e79291709b76f58f9be551782d7454ddf5732504b958b701db9764d583662a6dbc0136aee880feee5245a7a0c1a2d925','','2023-06-29 05:30:42','2023-06-29 05:30:42','3dab04a1-5418-48b9-8d98-b796eaa5f438','8a3b6559-1d3a-4c09-9020-53f6cd81719c','b16ca265-d376-46cf-8c04-78805a412002','95633d06-eb20-4429-a064-3362e0e5d236','479712e1-4e3f-4cbe-b95f-c04b7ff7a146'),('782856da-fb03-4a62-b447-6f79001cc441','5258fc49f0578e349e92eeb0e98a3240','2a7ec95a8131fb4c0d4bb108ae5cb931','4f1f9639e387e5da7111580755c5822e6fe84e631b5c5e2728b9985f07e0de710c9fab4e82823fc299a486d978dcded2515049188f7ca947f9eda4daf2e59cfec5f9f710ee72db99ebc0ba2c5c78864616bb21d8f3bf543cf1819867c9c4361129f9fe696c1474ca03c50892c4589c403390f3be05f1c83e1494aefed591af8ad7a6d7cc585e631bd893194886087995ce0c2e8ad13c8b8ff935fac6c68b032076b1346b0699ec97421ed705f666005c4f94f1e2ffc4185993f1bdfd290661ad4c8f9633f0f4626b2617ae970daf5638c0d57d1d745a8a58ca4acf4ce8c76fe4','7c3e48c29ae81396cbbbcaede9f2eae0','2023-06-27 18:00:54','2023-06-27 18:00:54','cbb6ec3c-a5da-4aae-90bb-71a5211abdff','bb232e26-3d46-4587-a8cc-3bd30a5de68e','03025c06-3465-427f-8272-146ed02c4245','95633d06-eb20-4429-a064-3362e0e5d236','479712e1-4e3f-4cbe-b95f-c04b7ff7a146'),('7e107d31-acc5-438f-a5ed-4dd269e37027','0fbf8f3888b50871760b2132e209080a','618d8d9a7a308989778d8adc124c50c0','c42e005380d3b7b4b66b0be6f882fa6bb4c3945656b2d72f9df84a11f0cbf9ab1e87cc17f5bd61db17bb94768051bbcaa304f4392855fa19b5a9ec81293df4f28826efcdebe5d3445de2af8b2278fe87','','2023-06-29 05:30:17','2023-06-29 05:30:17','35cf8d42-7766-49f1-ba7f-ff1320619738','8a3b6559-1d3a-4c09-9020-53f6cd81719c','b16ca265-d376-46cf-8c04-78805a412002','95633d06-eb20-4429-a064-3362e0e5d236','479712e1-4e3f-4cbe-b95f-c04b7ff7a146'),('8f0c9f11-82a1-4971-83bf-5e075a71399a','0fbf8f3888b50871760b2132e209080a','618d8d9a7a308989778d8adc124c50c0','6777237618baf605e3e1a5dad0c8b6258cb494226f6089fd8dda133c3fef04a67b8f53b5c9568982e64ba80bb0d1b112','','2023-06-29 04:39:31','2023-06-29 04:39:31','1a6648ad-7d09-4b3f-b0c6-1060a57fa0ad','8a3b6559-1d3a-4c09-9020-53f6cd81719c','b16ca265-d376-46cf-8c04-78805a412002','95633d06-eb20-4429-a064-3362e0e5d236','479712e1-4e3f-4cbe-b95f-c04b7ff7a146'),('93a433ae-737a-47ab-b3dc-f37bf8559f62','0fbf8f3888b50871760b2132e209080a','9b61440e7cb6d2303265c854482626b3','568b584a7b6b45f3803b2fd8469427822d5dd20703681a110582a9365311b9b58685db963abb5dde6f3f92968de8891cc38c1b37c44723027041676d5f5672b93f4f568281fbfe187b413f7e56a67c7f4e3961c7c12f84727bda82fec224e4da','','2023-06-29 04:38:58','2023-06-29 04:38:58','0ccc28c8-4228-492e-8028-3d16905a6e56','20f9d76e-361c-4ca4-aba4-765acb705f5d','b16ca265-d376-46cf-8c04-78805a412002','95633d06-eb20-4429-a064-3362e0e5d236','479712e1-4e3f-4cbe-b95f-c04b7ff7a146'),('9a6d3ad8-148c-40db-ab15-ea2e7fd3643f','da0847bc3c3486fbbadb6a140a1430ea','da0847bc3c3486fbbadb6a140a1430ea','d2c60e0066981bbb969bca6eefc0daf2faee6e91291a80c5d026ffcac95a40fa','','2023-07-01 13:42:13','2023-07-01 13:42:13','d44f0cc2-8620-4169-9539-7ca1739729f7','8a3b6559-1d3a-4c09-9020-53f6cd81719c','b16ca265-d376-46cf-8c04-78805a412002','95633d06-eb20-4429-a064-3362e0e5d236','479712e1-4e3f-4cbe-b95f-c04b7ff7a146'),('9e064851-c04a-4264-9b10-7fdaf4349f88','fd4824c79b4ba660260ffaa44cea76a1','655f31da03fbb9a9ffe4262942a2d78a','16df4e51323df196fdae43c4ce2c1026a1e2d3f6ba3ab617e0359900d853f5686c6bf536b2c72b5cf54867b6d17377d3c121154b207e92418af95e85396364753801b7b1999995b302fe633dce544bb41bfa54157f6a523df98a02109c80ac3d64256fd1e7bd8fd64c4a28ce7fce04c8797f283c42a11a98cc6e69a99a0a20fea9927bf549458f474ea71e08383b06088864c9aeb0dd92c641772b82d4dfe56e02d32e45526d60996f34c36c1c42711a1ad7be64050af4ccd5c59acbd71a4f9de7e8354aebd91d1a844735b91049cfb5597a9460413803c3eecc29ecb1d6e97f081db4416e199bb03d0cbca32ea5f47c','','2023-06-27 17:51:37','2023-06-27 17:51:37','f039dce5-b218-4de1-a084-7f0d6d4906b2','20f9d76e-361c-4ca4-aba4-765acb705f5d','03025c06-3465-427f-8272-146ed02c4245','95633d06-eb20-4429-a064-3362e0e5d236','479712e1-4e3f-4cbe-b95f-c04b7ff7a146'),('b109f4e4-4c70-46b0-873d-04835c5bd85e','74fc9e3f802e99fcae8493c8ee528a32','4962c50cd543c21e677f019f7b228fb6','902ed2215b4958bcde0ad28825a32ce22c91b65c5db1acb9a60cc57d4336fc18','','2023-06-29 06:01:54','2023-06-29 06:01:54','da74b0a7-831b-45db-b028-42c92ad9039c','20f9d76e-361c-4ca4-aba4-765acb705f5d','b16ca265-d376-46cf-8c04-78805a412002','95633d06-eb20-4429-a064-3362e0e5d236','479712e1-4e3f-4cbe-b95f-c04b7ff7a146'),('bad0c4bb-c53e-4514-977d-42d7223062ce','0fbf8f3888b50871760b2132e209080a','618d8d9a7a308989778d8adc124c50c0','e689e70b04973711fde0800a5844d21ea3e2d688b9612a8c28c22cc9e68f238de48f735ccdecf6b47e98a2f0c8b3b73d2b754c616dcd55c4b5c942e4bd9ef5684328ec334e320db2262c84658c9f0e1a','','2023-06-29 05:59:14','2023-06-29 05:59:14','3cd5ec62-6ff5-4302-8b5a-37cb847f09d2','8a3b6559-1d3a-4c09-9020-53f6cd81719c','b16ca265-d376-46cf-8c04-78805a412002','95633d06-eb20-4429-a064-3362e0e5d236','479712e1-4e3f-4cbe-b95f-c04b7ff7a146'),('d42a8002-f61a-4828-bfed-638c1fb8869f','9b61440e7cb6d2303265c854482626b3','9b61440e7cb6d2303265c854482626b3','d2c60e0066981bbb969bca6eefc0daf28bce9c597208c36e40508bc9aa08aa62567c912a8b54dae650f59efb90e4d3aeb4c49b9177769ff3ade05cd3c0251edf','','2023-07-06 03:35:11','2023-07-06 03:35:11','6efc096c-5997-4efb-b776-ad4c3c2a1854','8a3b6559-1d3a-4c09-9020-53f6cd81719c','b16ca265-d376-46cf-8c04-78805a412002','95633d06-eb20-4429-a064-3362e0e5d236','479712e1-4e3f-4cbe-b95f-c04b7ff7a146'),('d6461f69-8ca4-46e5-b51d-4647637b9552','cf07cf9f61ccc79ea80e7de5add68a1f','73eab1c553a4111d9cc4edfb28373e49','0e763f030944d39913d5cf7825fdcc2435a0b9f6007b7686f87fe6acb658d044','7c3e48c29ae81396cbbbcaede9f2eae0','2023-07-07 14:29:45','2023-07-08 04:51:14','f9624229-3685-40e6-b9d5-bf9e8db5c373','3e0d3f99-9429-4843-a683-b8dfe68bee5f','b16ca265-d376-46cf-8c04-78805a412002','95633d06-eb20-4429-a064-3362e0e5d236','479712e1-4e3f-4cbe-b95f-c04b7ff7a146'),('e278c505-d9da-40ed-9554-afa1cdebc8a9','8666f17d0c7e3912f95459c5e93d6e7f','618d8d9a7a308989778d8adc124c50c0','d53e8379ee92634bc6d1fad1b0492a5ac04d0b21b7f0b72b8a66e309a5361232307fabeda3192d4987b911c4e49d518c87ec444761559408843e2bec8ed2181abe9527667bfe57c69b6cab9833a1ed032080ddf8acbe348edaf2e8687ccfb4be98ad899135ca1e01aa8c08fd6298b5cde9cd040ce464940a1e99180f96e807395c3ef42191a131e3c04ec0d76985544796052a72430e269a319ae9cb8216f510','','2023-06-27 17:49:38','2023-06-27 17:49:38','cbb6ec3c-a5da-4aae-90bb-71a5211abdff','bb232e26-3d46-4587-a8cc-3bd30a5de68e','03025c06-3465-427f-8272-146ed02c4245','95633d06-eb20-4429-a064-3362e0e5d236','479712e1-4e3f-4cbe-b95f-c04b7ff7a146'),('e8b8578c-108f-4700-a2ab-bdace40c415a','0fbf8f3888b50871760b2132e209080a','618d8d9a7a308989778d8adc124c50c0','8ac3e5dd72885df2e290a37f51558a62fe7f2841dd536a87c7f75447978de7aaf8f372c9d2d55b14f304f686784500bdf94015e057e23234116867f14ccc65c6','7c3e48c29ae81396cbbbcaede9f2eae0','2023-06-29 06:01:11','2023-07-05 08:13:15','949d90a7-5434-4141-9dcb-8fe6f203c81e','8a3b6559-1d3a-4c09-9020-53f6cd81719c','b16ca265-d376-46cf-8c04-78805a412002','bb8d72c7-96b4-4742-808b-7851ef3ae5ef','479712e1-4e3f-4cbe-b95f-c04b7ff7a146'),('e9f09313-6e33-4a92-b345-863daad85541','0fbf8f3888b50871760b2132e209080a','618d8d9a7a308989778d8adc124c50c0','f87a77bc5ab22b780190566c636b4db4ed1b270f5091a35f272f77cc412dbdc771a07126a1de7cbaec51954aa0c07aecdb52cf913eb815219745c9921d02f993','','2023-06-29 05:29:12','2023-06-29 05:29:12','1c465d2d-8f5f-4d0c-b6f9-3c82832ca7c9','8a3b6559-1d3a-4c09-9020-53f6cd81719c','b16ca265-d376-46cf-8c04-78805a412002','95633d06-eb20-4429-a064-3362e0e5d236','479712e1-4e3f-4cbe-b95f-c04b7ff7a146'),('ec6777be-cd02-4c3f-acb0-6afe4102b3bd','a17b7e68ca458a8e5110e795f5a05ceb','cf07cf9f61ccc79ea80e7de5add68a1f','71f3e7169a5d5722c5c66d4858582ef4','','2023-07-07 07:23:09','2023-07-07 07:23:09','ffc71a53-3e13-4c41-aeaa-af44408a13b7','bb232e26-3d46-4587-a8cc-3bd30a5de68e','b16ca265-d376-46cf-8c04-78805a412002','95633d06-eb20-4429-a064-3362e0e5d236','479712e1-4e3f-4cbe-b95f-c04b7ff7a146'),('f2525c31-acee-4c3c-a9a3-bf3d08ecde4b','a17b7e68ca458a8e5110e795f5a05ceb','cf07cf9f61ccc79ea80e7de5add68a1f','24a4dccab98553a1c44173c25bd97793','','2023-07-07 07:22:56','2023-07-07 07:22:56','bee4cdce-8889-478c-8054-587036659aeb','8a3b6559-1d3a-4c09-9020-53f6cd81719c','b16ca265-d376-46cf-8c04-78805a412002','95633d06-eb20-4429-a064-3362e0e5d236','479712e1-4e3f-4cbe-b95f-c04b7ff7a146'),('f2a5eb66-a392-41ef-8da6-168c3ccfbf9a','90c1f6b172f07430da26f4ac0daf4d0b','0f4142a81404bc9d3f01d86bbdf0e477','139f07d0222947a863c3c5b5fb5dade63375507a6a0f7ec41077c6538bdeadbb','7c3e48c29ae81396cbbbcaede9f2eae0','2023-07-07 14:12:44','2023-07-07 14:12:44','57eb5b41-140f-4b89-ae49-1395d768e9ab','8a3b6559-1d3a-4c09-9020-53f6cd81719c','b16ca265-d376-46cf-8c04-78805a412002','95633d06-eb20-4429-a064-3362e0e5d236','479712e1-4e3f-4cbe-b95f-c04b7ff7a146'),('f59092df-2003-4bda-a0e8-00c44bd62688','8f393f017dd765e47def538d65e124e7','655f31da03fbb9a9ffe4262942a2d78a','0e763f030944d39913d5cf7825fdcc24d81cc1416b33d54126dd28b064734ce2065772cd9a4838f42e23c15501abff16dc2603658930fb809ce4acbd5127a575cf70fdbbbeb7fbc844b7faa9ba95ccd7b07b5e83af028973ce35b92fb9542c0851e640f14a3feadef4f11258136478387a3c6159a37a699770c1c263d828b34b0cdddd770ddd9ab115b0ae4178db96cebbf14afe8971583def7788692908f954a48543ba2b1641188394e7c7a07ee1edb57ca5270a4fc79268a14df558a0c0880b7d7143061e040702d5630ae1ecaf28e595711009afea825179e0aee5189085b1c203256488337742a65dc033b65107c8c02b382c50e0b500c30588a34426560c1d93d7d3286557d0501267e3bca53021a5f51f4c02d1300b4a6873ff1da9ae','','2023-06-27 17:45:18','2023-06-27 17:45:18','1a6648ad-7d09-4b3f-b0c6-1060a57fa0ad','3e0d3f99-9429-4843-a683-b8dfe68bee5f','03025c06-3465-427f-8272-146ed02c4245','95633d06-eb20-4429-a064-3362e0e5d236','479712e1-4e3f-4cbe-b95f-c04b7ff7a146'),('ff98eb37-0e00-427e-ba62-9c112ef13a68','feae1dcc7bc01844a011d1ccde56d61f','655f31da03fbb9a9ffe4262942a2d78a','ca0fef56544a4e777d6b39bfe6b3f9958709bbe9180a7002b4b479c5b9017f20a98007cc71321f30325336b29b8c9d6efbc13ac0c58f181f6872784cb1312447','','2023-06-29 05:29:47','2023-06-29 05:29:47','1fcaabdc-677d-463c-836d-4014c7c057eb','3e0d3f99-9429-4843-a683-b8dfe68bee5f','b16ca265-d376-46cf-8c04-78805a412002','95633d06-eb20-4429-a064-3362e0e5d236','479712e1-4e3f-4cbe-b95f-c04b7ff7a146');
/*!40000 ALTER TABLE `tasks` ENABLE KEYS */;
UNLOCK TABLES;

--
-- Table structure for table `units`
--

DROP TABLE IF EXISTS `units`;
/*!40101 SET @saved_cs_client     = @@character_set_client */;
/*!50503 SET character_set_client = utf8mb4 */;
CREATE TABLE `units` (
  `_id` varchar(255) NOT NULL,
  `name` text NOT NULL,
  `createdAt` datetime NOT NULL,
  `updatedAt` datetime NOT NULL,
  `departmentId` varchar(255) DEFAULT NULL,
  PRIMARY KEY (`_id`),
  KEY `departmentId` (`departmentId`),
  CONSTRAINT `units_ibfk_1` FOREIGN KEY (`departmentId`) REFERENCES `departments` (`_id`) ON DELETE CASCADE ON UPDATE CASCADE
) ENGINE=InnoDB DEFAULT CHARSET=utf8mb4 COLLATE=utf8mb4_0900_ai_ci;
/*!40101 SET character_set_client = @saved_cs_client */;

--
-- Dumping data for table `units`
--

LOCK TABLES `units` WRITE;
/*!40000 ALTER TABLE `units` DISABLE KEYS */;
INSERT INTO `units` VALUES ('22579cca-1aec-49a2-806c-e12bf3a25890','3aa4ebe59049074a83c243a590d3d670','2023-06-27 16:44:02','2023-06-27 16:44:02','3d07f062-fd91-48f6-8e6d-2cbbed9da023'),('2458028f-0c88-4088-af08-867c93b2b8ab','0da7a05828588e7aa23b974fc4c5b464','2023-06-29 03:05:08','2023-06-29 03:05:08','67c67168-ff0e-4130-9de2-b14614362b24'),('2fa2b1ec-9439-4f16-98a2-bfda3544c28d','ee80c0e8eb582788473a728076b9bb11','2023-06-27 16:51:27','2023-06-27 16:51:27','d7b3e902-28d7-47b7-9568-4f632b7baa84'),('42d73926-48db-4a2c-98eb-49e5df03db95','c475ca288171eb63a2cc02b31052c09e','2023-06-27 16:42:36','2023-06-27 16:42:36','09ab2c1a-a06f-4c06-88e7-be8297a5d606'),('42e1ace7-8e3d-4213-93d7-37b173a7231d','ee80c0e8eb582788473a728076b9bb11','2023-06-27 16:51:18','2023-06-27 16:51:18','3d07f062-fd91-48f6-8e6d-2cbbed9da023'),('44cbf59a-f6d3-4aee-bad6-a583130f5900','2eb4292b338275554e49a16112fd9b55','2023-06-29 02:45:48','2023-06-29 02:45:48','29e3f544-2a22-4d64-87ba-8ef6bd32a56c'),('54a94f43-8f05-4070-b83e-7ffe7dea281f','2eb4292b338275554e49a16112fd9b55','2023-06-29 02:48:17','2023-06-29 02:48:17','71a86047-517e-4871-86df-b5fb8574b8e4'),('70cf4707-fa19-4173-8241-dc8ce150c503','c75fac86127871deff66ee6420880efc','2023-06-29 02:59:29','2023-06-29 02:59:29','e7ce72d6-4e4c-4348-b4db-53a69fb0f02e'),('9314fccc-9b13-4fc1-9748-184392e3c994','c475ca288171eb63a2cc02b31052c09e','2023-06-27 16:43:36','2023-06-27 16:43:36','0ff63119-bd3b-49b1-a712-51d0543861a8'),('963ac1fe-a15e-4dc3-9b58-d341e95f4615','3aa4ebe59049074a83c243a590d3d670','2023-06-27 16:44:18','2023-06-27 16:44:18','e586e5a9-a4ff-4bbc-8f89-8eae50ae934f'),('971d0e98-846c-47ce-bbe5-b46699c6bac6','3aa4ebe59049074a83c243a590d3d670','2023-06-27 16:42:46','2023-06-27 16:42:46','09ab2c1a-a06f-4c06-88e7-be8297a5d606'),('b0a18b3e-7183-4a71-8c8a-05e58aaa36e8','ee80c0e8eb582788473a728076b9bb11','2023-06-27 16:53:02','2023-06-27 16:53:02','7639309e-712d-4bd0-ab05-87f71af86eb5'),('b69e8927-71db-4f40-8ff6-4ec81840620d','c475ca288171eb63a2cc02b31052c09e','2023-06-27 16:43:53','2023-06-27 16:43:53','3d07f062-fd91-48f6-8e6d-2cbbed9da023'),('b8ecd8f8-83ce-4acc-83a9-64d300a648ee','2eb4292b338275554e49a16112fd9b55','2023-06-29 02:38:46','2023-06-29 02:38:46','80e7c84d-be10-44d2-8a25-dbdfa1161a23'),('c2b33108-a45b-4bc5-8e51-b1a44425be7e','c475ca288171eb63a2cc02b31052c09e','2023-06-27 16:44:10','2023-06-27 16:44:10','e586e5a9-a4ff-4bbc-8f89-8eae50ae934f'),('de4d7d5e-2dcd-4295-89ca-063fe1b38212','c475ca288171eb63a2cc02b31052c09e','2023-06-29 02:35:18','2023-06-29 02:35:18','c6e5b9a6-8dc6-4599-b9d5-d983f99b4a05'),('e11e1e5d-af5b-44f6-bbc1-aaf022a7da66','ee80c0e8eb582788473a728076b9bb11','2023-06-27 16:50:52','2023-06-27 16:50:52','0ff63119-bd3b-49b1-a712-51d0543861a8'),('e14ec532-3380-46f6-a070-cf278f56267b','3aa4ebe59049074a83c243a590d3d670','2023-06-27 16:43:45','2023-06-27 16:43:45','0ff63119-bd3b-49b1-a712-51d0543861a8'),('e43aeaa8-5055-43cd-b64a-702553c0a8c9','ee80c0e8eb582788473a728076b9bb11','2023-06-27 16:50:28','2023-06-27 16:50:28','09ab2c1a-a06f-4c06-88e7-be8297a5d606'),('e4b7f664-20ff-454f-9b05-4c48b73084e3','ee80c0e8eb582788473a728076b9bb11','2023-06-27 16:51:38','2023-06-27 16:51:38','e586e5a9-a4ff-4bbc-8f89-8eae50ae934f'),('fd243880-a728-43e7-8db1-b2ef7a0b19fd','c475ca288171eb63a2cc02b31052c09e','2023-06-27 16:43:19','2023-06-27 16:43:19','d7b3e902-28d7-47b7-9568-4f632b7baa84'),('feea513e-1d60-498f-a170-089fb96e938c','3aa4ebe59049074a83c243a590d3d670','2023-06-27 16:43:28','2023-06-27 16:43:28','d7b3e902-28d7-47b7-9568-4f632b7baa84');
/*!40000 ALTER TABLE `units` ENABLE KEYS */;
UNLOCK TABLES;
/*!40103 SET TIME_ZONE=@OLD_TIME_ZONE */;

/*!40101 SET SQL_MODE=@OLD_SQL_MODE */;
/*!40014 SET FOREIGN_KEY_CHECKS=@OLD_FOREIGN_KEY_CHECKS */;
/*!40014 SET UNIQUE_CHECKS=@OLD_UNIQUE_CHECKS */;
/*!40101 SET CHARACTER_SET_CLIENT=@OLD_CHARACTER_SET_CLIENT */;
/*!40101 SET CHARACTER_SET_RESULTS=@OLD_CHARACTER_SET_RESULTS */;
/*!40101 SET COLLATION_CONNECTION=@OLD_COLLATION_CONNECTION */;
/*!40111 SET SQL_NOTES=@OLD_SQL_NOTES */;

-- Dump completed on 2023-07-08 21:41:20
